{"type": "FeatureCollection", "features": [{"type": "Feature", "geometry": {"type": "MultiPolygon", "coordinates": [[[[4.629397585893923, 51.88083659340777], [4.637076180601125, 51.87629416219684], [4.642138891133806, 51.88019936151322], [4.664439182667021, 51.87494811729469], [4.668560799637355, 51.87507234982546], [4.672914388767893, 51.874791719771146], [4.677884784127537, 51.87530019076287], [4.68783440029416, 51.878717545227424], [4.6972681632206035, 51.87985706985815], [4.700239839190192, 51.87970966643955], [4.690816756928237, 51.8673053181846], [4.690439119311768, 51.866846928686684], [4.687673930298728, 51.866761114552126], [4.68598839973111, 51.86593208990696], [4.682397386164312, 51.86060418490914], [4.680709124444322, 51.85963849553764], [4.68126336057115, 51.85892137866984], [4.68126433826304, 51.85891234837744], [4.681512172824355, 51.85774350078508], [4.683109606544442, 51.84892005609684], [4.6831908148381185, 51.84849149177244], [4.681826907886675, 51.849093294582765], [4.681349051035829, 51.84867817156334], [4.681911504750138, 51.848440703803654], [4.680474826917967, 51.84460776222322], [4.675906136277735, 51.841101851053466], [4.672606320029981, 51.8386504380657], [4.670173177785382, 51.84214933831061], [4.6633677853048825, 51.8475323662421], [4.658200542992928, 51.85163032881221], [4.653108250161401, 51.85769606434871], [4.647831832849211, 51.86267247322403], [4.645685113086422, 51.86424239462314], [4.635261534087127, 51.86971092264572], [4.626391721700813, 51.88065743912875], [4.628236390438706, 51.880799589739354], [4.62877532244196, 51.88121182594587], [4.629397585893923, 51.88083659340777]]]]}, "properties": {"type": "boundary", "gemeente": "Alblasserdam"}}, {"type": "Feature", "geometry": {"type": "MultiPolygon", "coordinates": [[[[4.699737357076955, 52.15706595595627], [4.705672125602943, 52.15215699251696], [4.705370716679185, 52.152013847968], [4.705502726541163, 52.15184321490219], [4.705917404517169, 52.151685890517086], [4.705183410267892, 52.15003064625838], [4.704164427523019, 52.14809786784599], [4.704033483930927, 52.14464494920892], [4.704996962787201, 52.14476087701047], [4.723931302191219, 52.15607875942356], [4.724186391105917, 52.15621624682673], [4.7242654056053714, 52.156101129852594], [4.724635333686114, 52.15615433699413], [4.726073682638929, 52.15641365967299], [4.726219560478255, 52.15800320123674], [4.726810920499012, 52.158995635664404], [4.72956941942994, 52.159670300809545], [4.741838402758931, 52.16267367041045], [4.759024826304906, 52.13514301106525], [4.760075576290213, 52.131017876317614], [4.758854442333493, 52.12865879695834], [4.758709239263367, 52.12853978603934], [4.756640900175993, 52.123790952258766], [4.753239917706544, 52.11944246379416], [4.7407401232772965, 52.10809098142048], [4.7388562669399015, 52.106507926135635], [4.740222444364461, 52.10464858513151], [4.7345175952781196, 52.10261509880799], [4.734809290846079, 52.101876867799334], [4.733072718144603, 52.10147597611752], [4.724517136671739, 52.0995999087224], [4.724440140675833, 52.099582336876274], [4.704731335216547, 52.09524128207469], [4.705067468118379, 52.09463915416304], [4.707004969080277, 52.09329696972952], [4.708757683757821, 52.09364432687631], [4.713101604817444, 52.084338857476354], [4.715505489055864, 52.08118888216627], [4.713027257901865, 52.076929854944765], [4.704904647515909, 52.07683686170401], [4.696834382814625, 52.07400619314526], [4.694410810625934, 52.06776783146743], [4.686259471585099, 52.06952621467381], [4.686148574569959, 52.06921476531821], [4.685346559648666, 52.06938479331493], [4.683120785595039, 52.06260790416629], [4.681973090496124, 52.059104493898026], [4.679297948584455, 52.059216319357134], [4.678997091452928, 52.06019744110473], [4.67724653714894, 52.06552092821443], [4.6656595552132405, 52.06572430400187], [4.665910113282516, 52.06395198043386], [4.659967250492324, 52.064104660373346], [4.659147284709628, 52.06401808815403], [4.659150121811013, 52.06400630309367], [4.646903558738904, 52.06428035145851], [4.64686017845372, 52.06428302331881], [4.638224639010034, 52.06482387987924], [4.637624228353694, 52.06801043294935], [4.636880717806623, 52.07353189352958], [4.625306752933738, 52.074447444443585], [4.625319954667269, 52.07644346268371], [4.607023335406953, 52.07704601591232], [4.607426663081845, 52.06552672470205], [4.565924972301203, 52.059226131277676], [4.565042517498296, 52.058569553093854], [4.557808577705021, 52.061741325559424], [4.557179828220582, 52.0612395298941], [4.552771311266506, 52.06330791982143], [4.553209420999572, 52.063831642949324], [4.533694635619659, 52.07305129020545], [4.535167786559208, 52.07446335316962], [4.533903930198265, 52.07521530916463], [4.534180316878031, 52.075563863954386], [4.536019109213313, 52.0769080962599], [4.530103252162217, 52.0800822735948], [4.530554912977692, 52.08051090152457], [4.534571021756917, 52.083496397424845], [4.537134418314583, 52.08394614413416], [4.536502105433252, 52.10195773098995], [4.53532266529671, 52.120432763081105], [4.541905175483664, 52.11866046922686], [4.542948702904976, 52.1212350835489], [4.5406407954563965, 52.12156255589225], [4.545160029049772, 52.12916789976495], [4.5451901268831385, 52.129204438652216], [4.547620369452727, 52.13231035812424], [4.546058042708732, 52.133356977439455], [4.546306992122394, 52.13402152256919], [4.550302949892198, 52.136758534238865], [4.5491399504190575, 52.137593301707035], [4.550732844718224, 52.1383806205886], [4.560219798475888, 52.13193316530187], [4.561380993484776, 52.13223068950811], [4.566104716729201, 52.135264316404715], [4.570489358971301, 52.14342077003065], [4.571480537512856, 52.15310938941338], [4.572736308402005, 52.15224867334702], [4.605922528217792, 52.156935291470184], [4.610592771930159, 52.1575720044938], [4.619031598333141, 52.158708331490175], [4.639845211231668, 52.16160668863298], [4.641484801668944, 52.16181586074497], [4.645516006050133, 52.16200787137434], [4.665335060911195, 52.162433793206795], [4.679840469208033, 52.16274577916556], [4.681208743284629, 52.16750458704379], [4.698229284665528, 52.15835991789768], [4.699737357076955, 52.15706595595627]]]]}, "properties": {"type": "boundary", "gemeente": "Alphen aan den Rijn"}}, {"type": "Feature", "geometry": {"type": "MultiPolygon", "coordinates": [[[[4.552770060866487, 51.86942933312592], [4.553842353776957, 51.867972235889866], [4.553926871816287, 51.86785738428293], [4.554883806718998, 51.866560297644384], [4.55637155488937, 51.86457177442757], [4.560299694842949, 51.85933090385118], [4.5627331211605116, 51.85606957959677], [4.563524755990349, 51.85501804371308], [4.564113530304783, 51.853487594537846], [4.565961786177045, 51.85208623497773], [4.569971232966833, 51.85262045719711], [4.571386499872754, 51.84942728884474], [4.571058949048925, 51.84711671777207], [4.569036137696949, 51.844849256360135], [4.5638337683223185, 51.84094369451798], [4.5600138728869215, 51.83879122922561], [4.558636178288292, 51.83683547066923], [4.558912333083012, 51.83624240164708], [4.557249804306776, 51.83389744066577], [4.5536090950631545, 51.82989687373874], [4.548653218024285, 51.83176303743304], [4.542844175251318, 51.83186860222375], [4.5362943331681, 51.8311771366139], [4.531273029952445, 51.830198950499316], [4.525478346106994, 51.829854160916035], [4.5114904798910125, 51.8326843323076], [4.499247253365103, 51.835243164785055], [4.4890946879175955, 51.83539554048362], [4.4897247144927865, 51.84069035544972], [4.4922274909348, 51.841444225441954], [4.489604127417426, 51.84406084113393], [4.489570300557604, 51.84549505279907], [4.48970032300224, 51.8467759040323], [4.487268477246147, 51.84860808943249], [4.489665961160784, 51.85082186547441], [4.489875692348938, 51.85142052658069], [4.485730179663232, 51.85303887086069], [4.484165743656867, 51.85363433079551], [4.4829904062119, 51.85409711905222], [4.480287808120129, 51.855148745444424], [4.481272713484217, 51.858561889908614], [4.479871976012102, 51.85892934202529], [4.480581285595449, 51.859509449643646], [4.480548860364518, 51.86101847075391], [4.480402877826305, 51.86232777487349], [4.480088146324441, 51.865276156349836], [4.480728562078599, 51.86526658932745], [4.481525891360519, 51.86543273348406], [4.48170343190727, 51.86543725317538], [4.483543632717465, 51.865905715389104], [4.485694289239019, 51.866570742675194], [4.487175459508349, 51.86717171137534], [4.4887529943948135, 51.86734836838544], [4.494405726668187, 51.86896912529791], [4.4964558160342065, 51.86897107189681], [4.515234191972039, 51.869036663900296], [4.515239851155508, 51.86903670818424], [4.522631461432485, 51.86907809499134], [4.526018934526788, 51.8697306068964], [4.526849387114359, 51.86941483193606], [4.529504315002792, 51.86894850806587], [4.5320271009685875, 51.86877671717878], [4.5352958878812775, 51.86933888590937], [4.536397375627504, 51.86976415486285], [4.539972098762473, 51.870178616933224], [4.5426340892743395, 51.87084492906757], [4.542971457681047, 51.87112959005629], [4.543398539338112, 51.871312135027765], [4.5439852835339964, 51.87185581974796], [4.548185400514737, 51.87383543388741], [4.549383690218462, 51.874027153257785], [4.552770060866487, 51.86942933312592]]]]}, "properties": {"type": "boundary", "gemeente": "Barendrecht"}}, {"type": "Feature", "geometry": {"type": "MultiPolygon", "coordinates": [[[[4.590188574346946, 51.9601428904695], [4.595049359000516, 51.95603701668079], [4.595332404456888, 51.95579790777444], [4.599392331291677, 51.95198415481595], [4.602068266512818, 51.949475541462384], [4.5997425768890325, 51.94766608338033], [4.6036992760549325, 51.944807774082776], [4.60590557398798, 51.94323222497888], [4.6104972468649725, 51.9399087904923], [4.614246011101815, 51.93723082676506], [4.618924325610009, 51.933894817111806], [4.619488886274293, 51.93349203849051], [4.617704237663587, 51.93104989405203], [4.615068225341878, 51.92735336512155], [4.613236091041417, 51.926076956163], [4.610724797719014, 51.92534081213063], [4.607054322704571, 51.92568211717551], [4.601683661958511, 51.92665077386763], [4.598155922369807, 51.926082685543115], [4.593959778982471, 51.924475910142014], [4.588137149858911, 51.92179583628886], [4.582840229533255, 51.920776707626885], [4.581280844964341, 51.91986795479532], [4.579491459730569, 51.916829118823024], [4.57945508092638, 51.91675356273803], [4.577152022237108, 51.91455141780733], [4.571183785273272, 51.91186537413497], [4.566061467733685, 51.90924629198523], [4.55868560155777, 51.908238752972686], [4.549901701739875, 51.906728410554656], [4.550640869598571, 51.90883238533549], [4.551171443166447, 51.90902712201567], [4.55094006930537, 51.9093194525343], [4.5510510073495825, 51.90963786545928], [4.55555281104486, 51.91054114069166], [4.556828767615016, 51.91038559021831], [4.556716866159848, 51.91211575379818], [4.556496299922118, 51.91480303681304], [4.554025332865285, 51.91477946836874], [4.554256700382939, 51.91650496778879], [4.553996251584592, 51.91661772032635], [4.550336113486359, 51.914861822681516], [4.5501013440018765, 51.91437801477428], [4.548639583017814, 51.91040149150284], [4.547233280163809, 51.90694640943753], [4.5461338261129685, 51.90657786402245], [4.543388850459142, 51.9062200323681], [4.542136350965922, 51.90620453312675], [4.541677368602638, 51.90685230175643], [4.540084933979892, 51.90909967188457], [4.539220279561076, 51.91169231600227], [4.538332655940529, 51.911897824971476], [4.537185622439309, 51.914036296983156], [4.537439174907259, 51.91468226819858], [4.538231348935205, 51.9149108984812], [4.53822239070676, 51.91534417915092], [4.540522903788729, 51.91524186513614], [4.537851857753982, 51.919317305164725], [4.537549817823605, 51.91977841057036], [4.545161538266877, 51.919291407287695], [4.552079230354762, 51.91944956852264], [4.556327652478022, 51.92031632785175], [4.556910085187064, 51.91991380949359], [4.5577280092798125, 51.92036252378948], [4.56088599185327, 51.921662716112436], [4.561524287383442, 51.921874430345085], [4.561452811165079, 51.92217309006133], [4.563185779542194, 51.92282387528341], [4.564551615906697, 51.92363252313837], [4.565777576495244, 51.92506426928263], [4.565688711526397, 51.92555092577533], [4.565995783637837, 51.92573737121706], [4.566239140859406, 51.9259087250477], [4.5651552560247275, 51.9289142521748], [4.565152985604011, 51.929178883968355], [4.564702604563625, 51.92954708558682], [4.565288460699171, 51.92982569474982], [4.564387290044647, 51.93195417214407], [4.5642130298936925, 51.932365766624926], [4.562724421876056, 51.93588136163993], [4.562646759350165, 51.936064761682765], [4.560594559694565, 51.9409100728634], [4.567594249719336, 51.941981884989275], [4.570499436248967, 51.94242660811489], [4.572779732121523, 51.94345607806525], [4.5674372918520545, 51.94795779746691], [4.564604184490435, 51.95034953171611], [4.564063400526315, 51.95080889300318], [4.562405514699174, 51.95472430335451], [4.561587367192285, 51.95665400124163], [4.562898976741415, 51.956864681199555], [4.562052955744733, 51.95887463695013], [4.564366964333495, 51.9599246292531], [4.5667952668473175, 51.95788183705469], [4.567890870391937, 51.95818684465013], [4.568012742560477, 51.958079982231396], [4.570507908885114, 51.95910000254459], [4.575149158497111, 51.96126724563143], [4.580385269008568, 51.96375889690236], [4.583805471550559, 51.96549187732982], [4.583992173733864, 51.96536906246075], [4.588459883091934, 51.96160265426831], [4.590188574346946, 51.9601428904695]]]]}, "properties": {"type": "boundary", "gemeente": "Capelle aan den IJssel"}}, {"type": "Feature", "geometry": {"type": "MultiPolygon", "coordinates": [[[[4.379735210145418, 52.026732865608444], [4.379808575931675, 52.026663762097215], [4.386244807859536, 52.02330834911107], [4.387848259507465, 52.02137099626983], [4.390789250664722, 52.01682899487863], [4.393319829101262, 52.01306966635629], [4.394515860722767, 52.011255740410874], [4.393687449396781, 52.011021731653216], [4.393686716331562, 52.01093324020511], [4.388345855849785, 52.00944720625311], [4.388497717301928, 52.008666921941355], [4.389025175617849, 52.00783097822315], [4.388180388801703, 52.00663819661802], [4.388622948333857, 52.00545379095539], [4.3861733222230646, 52.00489419002462], [4.385915690618938, 52.0048353306398], [4.388142414043643, 51.99977595926266], [4.388281251390209, 51.99945434282559], [4.389164305443032, 51.997380804873906], [4.389577318461608, 51.99651986977892], [4.391770105321407, 51.99128928844105], [4.393526910836792, 51.98717589929092], [4.3970300531428315, 51.97897406692733], [4.401537591015445, 51.978046476512006], [4.407273289894791, 51.96898685814633], [4.40791075530708, 51.96819869979035], [4.402933291367957, 51.96631640729992], [4.3977229568402, 51.974333704548876], [4.396745672950613, 51.974180832042116], [4.396173867668019, 51.97608021040822], [4.39421719015298, 51.97632688096347], [4.393809735633664, 51.977503519830535], [4.383622408819442, 51.9758159012758], [4.386302788912877, 51.97221409677293], [4.375752230145641, 51.97014764633621], [4.369175347357337, 51.96887050099076], [4.36817373735905, 51.971581785605494], [4.3595401124576805, 51.97013541818938], [4.358720825688835, 51.972260964222656], [4.359880492472148, 51.972457292641096], [4.359700941680243, 51.97287295679969], [4.358536030756447, 51.9727051580079], [4.358368688366186, 51.97310739168878], [4.359478902272492, 51.97328040223938], [4.359306916298726, 51.973693363362344], [4.358203747342462, 51.97350384837441], [4.357656399164108, 51.97481941437668], [4.358831554801657, 51.97502015387157], [4.358571584744297, 51.97565791116017], [4.357376289640969, 51.97549263264783], [4.356625799536716, 51.977296268525485], [4.345068790958584, 51.97541935138149], [4.34313425868381, 51.975674800539984], [4.338227196876548, 51.97417770819419], [4.332723543450025, 51.980456648551105], [4.332042062224048, 51.984067911060166], [4.328487579091647, 51.985702024000304], [4.324111870943472, 51.989858624967574], [4.325732299762183, 51.99195125639651], [4.333109511595598, 51.99317183773625], [4.332813918585825, 51.995553373201794], [4.331524988833052, 51.99785223212013], [4.333244416215784, 51.998116178625416], [4.333348305988725, 51.99792129510211], [4.33474629282155, 51.99834670683024], [4.337716865957948, 51.99880260581226], [4.335834292343543, 52.001055393094695], [4.34114250730651, 52.00271045145063], [4.341097258784857, 52.002782832868235], [4.339037636621119, 52.00504802397414], [4.338453239363469, 52.005690842642956], [4.336370864868329, 52.00475328352639], [4.3326557073150225, 52.00788296047656], [4.331311807460237, 52.00728025627791], [4.328259562781736, 52.00592006088593], [4.328069949641292, 52.00609711043276], [4.327740311413879, 52.00640490306004], [4.326547902842654, 52.00614651958421], [4.326504521863282, 52.00624343306172], [4.325759746127105, 52.006017237167526], [4.32623685082273, 52.00542803705728], [4.326346276429764, 52.00529289951201], [4.323244423528889, 52.00433570950498], [4.32021775442357, 52.008065566140964], [4.321490072502592, 52.00846361520043], [4.320635752786761, 52.009322160462986], [4.324366338670467, 52.01043760984313], [4.3243715480978535, 52.01053062675458], [4.324374505304051, 52.01058342898], [4.3252681765940535, 52.01077518288313], [4.325470736922816, 52.01086937083359], [4.325397131233042, 52.01110178167844], [4.325329448127523, 52.011315489698944], [4.325995412149466, 52.011621193595424], [4.325321883805758, 52.01219922420099], [4.325624222167667, 52.012322598140585], [4.326059350922819, 52.012500215394574], [4.325956264367408, 52.012793464372024], [4.330246018521032, 52.01466622137696], [4.334287292041233, 52.016418226271405], [4.334426352577662, 52.01648137265394], [4.343695464873168, 52.02061697347596], [4.347670303040842, 52.02235164540536], [4.348001872801624, 52.02245381529233], [4.348011952563565, 52.02245684989569], [4.351418457183241, 52.02400334556405], [4.354950325894956, 52.02558060122038], [4.3550344369236935, 52.02553039909015], [4.355426793731285, 52.02571339805784], [4.355477303249262, 52.025852357955735], [4.357693149975419, 52.02682102961256], [4.357790268060776, 52.02686341860567], [4.358848645132566, 52.0273341511175], [4.359774362536639, 52.02654248456939], [4.360260684196517, 52.026757832745], [4.36242598977629, 52.02769055292686], [4.363396008353474, 52.02809673496724], [4.373499078749623, 52.03259901784446], [4.379735210145418, 52.026732865608444]]]]}, "properties": {"type": "boundary", "gemeente": "Delft"}}, {"type": "Feature", "geometry": {"type": "MultiPolygon", "coordinates": [[[[4.729638402162153, 51.82216896753634], [4.74169145481919, 51.82221859330733], [4.7417643389592685, 51.82222130681506], [4.751440198489614, 51.821610933611275], [4.7577567924335105, 51.81919148921465], [4.76617987422261, 51.81606569991902], [4.772091107422891, 51.815319313152834], [4.778547158262016, 51.81529364216436], [4.785354343201864, 51.815198604090696], [4.789741243131489, 51.81573839440151], [4.797476016390837, 51.81716530240777], [4.811415220054775, 51.81865836806687], [4.8201143205046275, 51.819058032617285], [4.839051326378673, 51.819254779295484], [4.84767690936352, 51.81891603886844], [4.856110041829311, 51.81839485624497], [4.874879183959441, 51.817599618748005], [4.883322141530062, 51.81862754037085], [4.884641732952628, 51.81647155176792], [4.859666436975152, 51.80268457229514], [4.8544126330047455, 51.80068336520406], [4.845983516663948, 51.798757203276146], [4.836107645100489, 51.79783935013376], [4.828871448560118, 51.7980208679861], [4.806874993305307, 51.80033654466081], [4.797193481392313, 51.79977023113224], [4.7735384257694875, 51.79332463266451], [4.765982562459639, 51.78963197671709], [4.765223905171916, 51.78920867214664], [4.7552391143527135, 51.781611730643064], [4.750568327316688, 51.775761837862916], [4.744787656553926, 51.76348776612197], [4.740769464554477, 51.758818539859526], [4.7366302752697695, 51.75556870993272], [4.724591109331198, 51.74790583950672], [4.703745299261103, 51.736927772249786], [4.693262561043502, 51.73228190974651], [4.681597301339642, 51.72841899216344], [4.676303957828939, 51.72492389952648], [4.675222330342055, 51.72420963575232], [4.645136408235521, 51.719067474099944], [4.64449985083539, 51.71895591939715], [4.641569043676725, 51.723376078493686], [4.641044759333369, 51.72341435125564], [4.6440335658433485, 51.71886320732838], [4.643852122631023, 51.718827130708355], [4.6408682664810055, 51.72335905032983], [4.6398053110006146, 51.723205857822876], [4.635000754363782, 51.72199100099455], [4.634932057027465, 51.72170687138376], [4.634357713083353, 51.7215399954955], [4.636854066548669, 51.71743541214341], [4.636430346657857, 51.71735061555129], [4.633918088319886, 51.72142282779813], [4.633338751144369, 51.721354277399], [4.6328142298616175, 51.72151954791002], [4.6281849326505125, 51.720350546854874], [4.627666885664794, 51.72361334179832], [4.62876154104005, 51.72552534687324], [4.627865031378251, 51.72551083276443], [4.627070559951845, 51.724094055763516], [4.626462531652397, 51.72226618549065], [4.626414283037178, 51.72080537112435], [4.627442337231902, 51.720542075801305], [4.627739626153598, 51.719976685969996], [4.626659826699925, 51.71995424241588], [4.626218446935453, 51.72016207848992], [4.625969722664233, 51.720532860719665], [4.625665093245796, 51.72056063006645], [4.6235968945832004, 51.72139590949798], [4.62657908131053, 51.72825635422671], [4.631125942303308, 51.74174607953162], [4.631121936451269, 51.750107119097954], [4.627110049957503, 51.76028330848937], [4.626115141657022, 51.766051774998395], [4.626928984984246, 51.772663383665396], [4.626985169489821, 51.77290668823074], [4.62771182683919, 51.77763834579192], [4.627495271671068, 51.7821722036402], [4.627421819414441, 51.7824857692926], [4.6268402867079805, 51.784751582353294], [4.6232126397146835, 51.792413429992834], [4.621871674379768, 51.79769075907362], [4.621221587744064, 51.8008039476897], [4.632178852715992, 51.802131332946274], [4.641957784814273, 51.805710209121806], [4.648071082799936, 51.80927800118225], [4.650545246185762, 51.811316114350156], [4.65079209741328, 51.81151319519587], [4.6547474718096815, 51.814444881247965], [4.656316673056895, 51.815429982861716], [4.656458553070616, 51.81550887793658], [4.65858439646297, 51.81669094360074], [4.663248813228139, 51.81902709724066], [4.664442448913619, 51.81948253107563], [4.668392054167055, 51.8205467999878], [4.671376103035775, 51.820845758153816], [4.671708685579418, 51.82085421222935], [4.6717294494467465, 51.82079154434933], [4.67636977043007, 51.820416406102005], [4.684631719397139, 51.820775705698985], [4.6883437729187, 51.82141317054053], [4.692267478379173, 51.822006596074964], [4.697838257707792, 51.82258773169977], [4.703732991128653, 51.82314212257895], [4.707923846360117, 51.82335065216051], [4.709976217939124, 51.82334850745328], [4.729638402162153, 51.82216896753634]]]]}, "properties": {"type": "boundary", "gemeente": "Dordrecht"}}, {"type": "Feature", "geometry": {"type": "MultiPolygon", "coordinates": [[[[4.938894688138448, 51.863518343136796], [4.95697199085527, 51.85957312623198], [4.9593089820291825, 51.86288493712167], [4.964975977625115, 51.8615915941277], [4.983317935510016, 51.857108315463684], [4.981259858397246, 51.851870340571736], [4.996341140787375, 51.84922873334378], [4.998683835000077, 51.8522773106811], [5.000001059827043, 51.847575967616955], [4.998894262831222, 51.845246427097315], [4.999519578421055, 51.84513752308948], [4.99929550801751, 51.84460000419788], [4.999933275108924, 51.84439156373059], [5.002894277906386, 51.84366195791894], [5.003447044271231, 51.84476905888243], [5.009322160241337, 51.8427162817622], [5.021269470879893, 51.84192587494465], [5.031414099927974, 51.84108497151601], [5.028286571170064, 51.82616052044658], [5.027700144919857, 51.82355001342692], [5.026350739777264, 51.818856910771316], [5.012995075833074, 51.82072591750581], [5.000362936658872, 51.820933538210255], [4.999281662628499, 51.820867931138906], [4.987755984675208, 51.821059511262334], [4.976098834290623, 51.82263318276574], [4.96963225455016, 51.82365450280688], [4.960514960906549, 51.82504222741106], [4.942436784284996, 51.827243287075405], [4.936063346754613, 51.828314603407435], [4.926985826481711, 51.828306061930604], [4.925194184100967, 51.83707979177148], [4.925119596238123, 51.83753079823061], [4.925071996310943, 51.83787776284333], [4.925014955865616, 51.83830340012064], [4.924863168280954, 51.83971846171971], [4.921822164431551, 51.840788930928866], [4.925440641272152, 51.84023949980419], [4.93088532206029, 51.840265950950595], [4.936617112151562, 51.84293383279152], [4.936939260285868, 51.84437846522305], [4.94271377849236, 51.844784167103654], [4.940345706122797, 51.85842844779831], [4.938398140756224, 51.863629320622195], [4.938894688138448, 51.863518343136796]]]]}, "properties": {"type": "boundary", "gemeente": "Gorinchem"}}, {"type": "Feature", "geometry": {"type": "MultiPolygon", "coordinates": [[[[4.7199337367481515, 52.02846939270093], [4.7198520943314115, 52.026484754049385], [4.7211803019583085, 52.02647317084917], [4.721210905780702, 52.02610815464878], [4.726342618276169, 52.02592650443623], [4.727419754582339, 52.02598863210879], [4.727607347611799, 52.025315104436615], [4.729963759131019, 52.02562869903783], [4.73015481887908, 52.02488397165562], [4.734400032089601, 52.02502065646354], [4.734618604900999, 52.02427942704868], [4.736296407623991, 52.02421833420918], [4.736782676678993, 52.02274871985473], [4.743697557570313, 52.022608559640695], [4.746016780701623, 52.0169768459703], [4.749148649666648, 52.01617689985083], [4.749629581301193, 52.01528331991536], [4.750049026676231, 52.01450397074771], [4.750991459097443, 52.013899228035285], [4.752763189774873, 52.01053695784886], [4.7572475847418145, 52.00292651399998], [4.757327396434412, 52.001438805948666], [4.752262087706388, 52.00234855554714], [4.74597016628748, 52.00279597848526], [4.7420563761392085, 52.00458679325077], [4.739321535340883, 52.00625249825342], [4.737733325504891, 52.006841840310685], [4.7372917457386565, 52.00593552443977], [4.730773946665746, 52.00735136280575], [4.728327530651274, 52.00734412866084], [4.722792359589274, 52.0054824752817], [4.724200717071361, 52.00338513608962], [4.727569580313949, 52.00158326483439], [4.726736259657345, 52.0012764152488], [4.726702103897319, 52.00126383753296], [4.718860972052329, 51.99836993768101], [4.714411191229677, 52.000403222295766], [4.712909230275608, 51.99914172523003], [4.707216650436904, 52.001762675151795], [4.701070985304946, 51.99756100383061], [4.696829180398425, 51.99694430737802], [4.690641115001716, 51.99667234694204], [4.6886839526365796, 51.99625842027654], [4.684020681866194, 51.9979580648077], [4.681761145990014, 51.99710760231005], [4.681162157918534, 51.99687706024427], [4.680228849943621, 51.996541956388214], [4.674966852451926, 51.999725245791005], [4.670716298484539, 52.00232651739771], [4.669523514181476, 52.00246529935298], [4.662809574273729, 52.00324622553597], [4.659453881134068, 52.00528810125551], [4.667031397029517, 52.01000592530889], [4.670096211353644, 52.0105503136822], [4.670728276484063, 52.01112685532108], [4.666605898923448, 52.012971078636106], [4.675574254205192, 52.017675370330615], [4.681822536478944, 52.01930797981404], [4.6796710966, 52.02115774112954], [4.673647298022415, 52.02259979348306], [4.670380020875487, 52.022835661418625], [4.66776968873289, 52.024519163941825], [4.6672783854335895, 52.025078794191394], [4.6790810794069, 52.0281914930376], [4.680540828660047, 52.02798175701598], [4.6858472196398395, 52.030264357051045], [4.691896128007894, 52.03298525915928], [4.694970043664694, 52.03441965795338], [4.69970134428594, 52.036914790211384], [4.701737387292849, 52.03785651616576], [4.706038988986249, 52.04012021077859], [4.7092293280246595, 52.03955006517607], [4.71239295461698, 52.038963590970845], [4.716260561950218, 52.03822320966857], [4.717581212982774, 52.035307261500165], [4.719871059810895, 52.03520134424374], [4.719903218699524, 52.03027358792329], [4.7199337367481515, 52.02846939270093]]]]}, "properties": {"type": "boundary", "gemeente": "Gouda"}}, {"type": "Feature", "geometry": {"type": "MultiPolygon", "coordinates": [[[[4.302636419860642, 52.12852065665357], [4.328835703078865, 52.109287819274236], [4.328942024986831, 52.10920996923009], [4.333060269913891, 52.105731248439184], [4.330434381393205, 52.104261681910145], [4.332264140630657, 52.1030405471517], [4.323289478447569, 52.09921041384755], [4.327388904410211, 52.095657830112415], [4.337252806511118, 52.09876996844648], [4.338573252321914, 52.097435264318435], [4.341361914715812, 52.09834294602309], [4.342318002244333, 52.09748229656665], [4.34374333213849, 52.098108996571064], [4.358486414534274, 52.105759414139165], [4.358831206991382, 52.105527502424124], [4.363308869567204, 52.101803905314796], [4.364405607558632, 52.10080599195582], [4.370072850317591, 52.09606464227747], [4.372709157151121, 52.09477302274598], [4.371466611269436, 52.09383507904672], [4.373436209126018, 52.09234730661852], [4.3730511000998185, 52.09205934359798], [4.36802983291819, 52.089697630604945], [4.367778385312088, 52.08958336829157], [4.3588971816798985, 52.08555962398075], [4.356776928933291, 52.08460481087046], [4.353202049585956, 52.08300662316024], [4.3524894804633165, 52.0826913429772], [4.345103125500755, 52.07948120942514], [4.345394795488984, 52.07911195988549], [4.338958360117483, 52.07666161675332], [4.33885175039808, 52.07661435118144], [4.335213134381578, 52.0750008167025], [4.354932142778381, 52.06825075063248], [4.355518608240822, 52.06804018165723], [4.342195689191014, 52.06113493570784], [4.344127302942653, 52.05972094174913], [4.344244015301811, 52.059773950285205], [4.3444788636106955, 52.059617900539536], [4.348003546826672, 52.05649847101585], [4.352281400443601, 52.059394457465785], [4.353316200125621, 52.05866870580686], [4.353977301236295, 52.058987268689], [4.357574864342064, 52.0565539583442], [4.3572498865717915, 52.05633593543853], [4.357349709013802, 52.056255056555145], [4.359228799438163, 52.05734872277524], [4.359474889598728, 52.05718060548915], [4.359822631497659, 52.05736667600534], [4.359437245224517, 52.05763121443907], [4.359968536035925, 52.057928242385884], [4.359576889946488, 52.058199144744556], [4.3601228953795585, 52.058501522619004], [4.360451755063304, 52.05826540587275], [4.36082601828194, 52.058468683977], [4.356021910672814, 52.06157241145743], [4.363822515182045, 52.06517426033918], [4.364012295646781, 52.06532172508433], [4.37142864046765, 52.0695826567059], [4.379995680542907, 52.0747453750658], [4.38436061810232, 52.07616143707439], [4.3845825364550395, 52.07623459464915], [4.388650767552274, 52.07297412333023], [4.39192129100646, 52.07472529703762], [4.394621328478881, 52.07590725422088], [4.3970933649341255, 52.074763879887854], [4.403923628566715, 52.077845342531944], [4.405928390933799, 52.07659344411596], [4.411881122907818, 52.07213478181767], [4.417243299201399, 52.06622190295073], [4.420690409364143, 52.06345547734126], [4.420832214633236, 52.06258028305129], [4.420423670625276, 52.06210137791635], [4.422430741000265, 52.05732969342269], [4.415394335047247, 52.057441561548394], [4.422072091072254, 52.05167328695672], [4.401357908418374, 52.05333576729947], [4.400073407122128, 52.05236792138682], [4.400073263659303, 52.05236781324457], [4.398549314351024, 52.05121811347189], [4.394444789009834, 52.054054162650075], [4.3935705756531505, 52.05347871653235], [4.393763900425033, 52.0533306671721], [4.393123926847668, 52.052843699709875], [4.392586565317635, 52.053153382076914], [4.391130788981993, 52.05195194127454], [4.391439723846962, 52.051761673426604], [4.389675990345386, 52.049961605744656], [4.387904338538267, 52.05116975560695], [4.386098226788218, 52.04996760515277], [4.385840394455386, 52.04979598871582], [4.378103157639824, 52.04464508064405], [4.372657763817503, 52.04092818978472], [4.37985808807914, 52.03595251008016], [4.381179969960827, 52.03638666616158], [4.386767990946511, 52.03844442541868], [4.387850746494541, 52.03844307082448], [4.393928484084929, 52.0330534550331], [4.379735210145418, 52.026732865608444], [4.373499078749623, 52.03259901784446], [4.363396008353474, 52.02809673496724], [4.36242598977629, 52.02769055292686], [4.360260684196517, 52.026757832745], [4.359774362536639, 52.02654248456939], [4.358848645132566, 52.0273341511175], [4.357790268060776, 52.02686341860567], [4.357531837588167, 52.027377738826274], [4.357902175838282, 52.02776568702256], [4.354833882653367, 52.030438570145165], [4.353777841617576, 52.03067622895628], [4.35036412913597, 52.03931329559254], [4.346883988176099, 52.042466952704196], [4.346836788630803, 52.04357333818178], [4.346062682230001, 52.044018489079264], [4.346877465647711, 52.04551787784892], [4.349132151005575, 52.04688626669825], [4.352312445697042, 52.04818280848369], [4.3526386572063425, 52.04909550495693], [4.344691264347359, 52.05393983518192], [4.347256516346292, 52.05630471476972], [4.346904934557638, 52.05705495057244], [4.344154623235131, 52.059382265916156], [4.34188077131413, 52.0609780787801], [4.340306892142686, 52.061947192708644], [4.335150655548542, 52.05963144512073], [4.334891969644629, 52.05952377638079], [4.330332650917023, 52.05733573348859], [4.328650951581476, 52.056548971338856], [4.327643080915276, 52.05694328008705], [4.327628249054565, 52.056453115222624], [4.325487390424348, 52.05544158342914], [4.324122349304065, 52.055647827580586], [4.3213534669224245, 52.054616778927226], [4.321907990612996, 52.05305210384028], [4.316445680725597, 52.05087091600366], [4.313080607885114, 52.050132930395804], [4.310041771335011, 52.04866953715566], [4.309812380909094, 52.04857479361361], [4.304409669889, 52.04666013328931], [4.303226189110127, 52.04695660102043], [4.298366764909028, 52.045557408313634], [4.298737126472772, 52.04500954799317], [4.297246981070853, 52.044570311522484], [4.297563034177618, 52.044067911880916], [4.296767251504132, 52.043727912202826], [4.295508948074827, 52.043583306086596], [4.293452937538921, 52.043062906616264], [4.2938656851542785, 52.04254069558537], [4.290951733694901, 52.04157324792752], [4.2917073199006435, 52.04037857437507], [4.298616726096931, 52.02982158240661], [4.297890781448754, 52.02946895960005], [4.297905049004081, 52.029447588480174], [4.3009314825317375, 52.02593223142619], [4.304188786783551, 52.0221478253981], [4.304312939950208, 52.02200211915611], [4.307638612434023, 52.01815153083088], [4.30266408413205, 52.01648820330634], [4.301075389709326, 52.01786911314494], [4.298614525344851, 52.01687701563962], [4.295512163487993, 52.01484856377018], [4.289736716059501, 52.017647627916276], [4.294344607003556, 52.01935880817626], [4.286999353102826, 52.02286913621336], [4.286773441419239, 52.02296759278731], [4.288254581788123, 52.0237578006875], [4.285146309241834, 52.02561791319601], [4.285650345556833, 52.02591387145354], [4.2850467160941825, 52.02626787022242], [4.285883887479161, 52.02648101723951], [4.28524989644943, 52.0274225114846], [4.283474856699603, 52.026700405021074], [4.282800416420773, 52.02762638420173], [4.281741557841837, 52.027368365168265], [4.277896847777271, 52.032468496982084], [4.275895466942343, 52.03155817026323], [4.272973420014329, 52.03551865172982], [4.272662722174869, 52.03591732652841], [4.266645381564108, 52.03300636452706], [4.25913279791315, 52.029571078551335], [4.256376643581523, 52.028348026292534], [4.254891605148508, 52.02828969965228], [4.248217102765858, 52.02522587441694], [4.244808091589437, 52.028731169403], [4.244294602701215, 52.0288455393245], [4.241415382665928, 52.03194963768129], [4.2350539930005695, 52.03925644101374], [4.228325763423365, 52.034642095182036], [4.219226674857194, 52.033736826049854], [4.21373422976815, 52.031686603632096], [4.212255001611371, 52.030752391254886], [4.209584460417506, 52.033654718367515], [4.212434288695247, 52.03403308918445], [4.209037154326512, 52.03827438921438], [4.2041639388172145, 52.044670070007825], [4.204116396263469, 52.044726937236156], [4.1963404323868465, 52.0556609059118], [4.2051405372003945, 52.06061268091621], [4.202413880531705, 52.06152867204191], [4.211584005458394, 52.066031290694745], [4.225485850481524, 52.07437351120093], [4.231084960914597, 52.07854630556658], [4.243606393722098, 52.08825700159258], [4.255232694639328, 52.098066050530306], [4.256070984748111, 52.09978475355377], [4.2538275779518555, 52.101214964252854], [4.2524619372995405, 52.1039480907749], [4.254216059048907, 52.10142348714563], [4.25794283841189, 52.09891436479397], [4.259899351433874, 52.09900488719618], [4.260544331296528, 52.09866664562413], [4.260711355966686, 52.09828096553107], [4.259024340614144, 52.09784054609878], [4.259394119227244, 52.09701452955248], [4.2610366133922914, 52.09729405505358], [4.263751792625108, 52.09689436878492], [4.264653123732435, 52.09749474609524], [4.263581220146581, 52.098266083412625], [4.2641706695540424, 52.098630927587614], [4.266911574070331, 52.09734926173278], [4.263177552284746, 52.09483700743325], [4.264192193969118, 52.09425279403415], [4.271725153879933, 52.09956510878876], [4.270775940663869, 52.100053561405346], [4.267196149091748, 52.097486340234], [4.265449075399546, 52.098411903967545], [4.265411641104109, 52.09874350742445], [4.268732609759173, 52.10110670546252], [4.267213877541786, 52.1019038293565], [4.26316728902096, 52.09906464513078], [4.261235859172012, 52.09921238093569], [4.260659753684618, 52.09957104817649], [4.261034679686621, 52.100592355900254], [4.258808021606827, 52.101456495296986], [4.257749747509074, 52.103446502219015], [4.255915611062807, 52.10386385701777], [4.256175820239032, 52.1041867533493], [4.258184168875658, 52.103651857430826], [4.258937126984146, 52.10227806922624], [4.261447269885457, 52.10294355471547], [4.265228029611158, 52.10547854403148], [4.2691266680924995, 52.10791336179187], [4.280093097254231, 52.11542377720265], [4.281657736914418, 52.116226172129984], [4.279920752743635, 52.117192407748654], [4.279890055105733, 52.116732953577795], [4.279351592036113, 52.11670053256059], [4.279153067357002, 52.116817690494976], [4.279135389235613, 52.11723428253203], [4.279859991556467, 52.117331204269654], [4.279648644548731, 52.11786525712786], [4.280022074985535, 52.1179180997921], [4.280170154550948, 52.11780719551924], [4.280033812620477, 52.11733296205132], [4.280446540498108, 52.11710634409732], [4.28090763638812, 52.11716022075836], [4.280811141407379, 52.11749235810088], [4.2810455751972585, 52.11751180411034], [4.281189330073033, 52.11715191988358], [4.280549135942041, 52.117044605704706], [4.281844061859338, 52.116323957720496], [4.286663500119207, 52.11923908411031], [4.302636419860642, 52.12852065665357]]]]}, "properties": {"type": "boundary", "gemeente": "'s-Gravenhage"}}, {"type": "Feature", "geometry": {"type": "MultiPolygon", "coordinates": [[[[4.847673727758524, 51.83297548279786], [4.847948850393668, 51.83261737894127], [4.851112626754796, 51.83312843263276], [4.854366952878235, 51.83213264096478], [4.860336251964392, 51.833011937006475], [4.8630061830352185, 51.832940890176275], [4.866449941782511, 51.834836960209856], [4.86759171312083, 51.83397950513175], [4.867927707639302, 51.83199373441231], [4.875090973126817, 51.83231852729035], [4.882773185175314, 51.83309410884083], [4.90215037105617, 51.83765353125387], [4.909860952147057, 51.83884841809197], [4.9248631682808455, 51.83971846171971], [4.925014955865507, 51.838303400120765], [4.925071996310835, 51.83787776284332], [4.9251195962381225, 51.8375307982307], [4.925194184100965, 51.837079791771586], [4.9269858264816015, 51.828306061930604], [4.918598266434141, 51.82748229155393], [4.909125616122064, 51.825377551891684], [4.8894001799475815, 51.818895156308756], [4.885226097412282, 51.81676984488307], [4.884641732952628, 51.81647155176792], [4.883322141530062, 51.81862754037085], [4.874879183959441, 51.817599618748005], [4.856110041829311, 51.81839485624497], [4.84767690936352, 51.81891603886844], [4.839051326378673, 51.819254779295484], [4.8201143205046275, 51.819058032617285], [4.811415220054775, 51.81865836806687], [4.811383503651501, 51.82114803932373], [4.808169707193326, 51.82180496855955], [4.806503179244103, 51.82192011084263], [4.8050748715129386, 51.82194958728214], [4.805077791993988, 51.82301433261067], [4.80499430285197, 51.8232018001161], [4.804574520820592, 51.82893485834026], [4.8045002183430965, 51.82976029250074], [4.804482120012513, 51.82998356412298], [4.803984549282759, 51.837387080428805], [4.804691566029614, 51.837736295602056], [4.803904810089805, 51.83856616777463], [4.8033780690861025, 51.846353404638904], [4.810704848691124, 51.84925219855145], [4.81045946238706, 51.84969482572695], [4.813782630022022, 51.850339174193884], [4.838081636698636, 51.86073453441507], [4.845327785264546, 51.83857539292665], [4.847025860468908, 51.834528056498804], [4.8472969808674975, 51.833944460157724], [4.847536765549742, 51.83345631505669], [4.847673727758524, 51.83297548279786]]]]}, "properties": {"type": "boundary", "gemeente": "Hardinxveld-Giessendam"}}, {"type": "Feature", "geometry": {"type": "MultiPolygon", "coordinates": [[[[4.658200542992928, 51.85163032881221], [4.6633677853048825, 51.8475323662421], [4.670173177785382, 51.84214933831061], [4.672606320029981, 51.8386504380657], [4.6724132564746235, 51.8358829399531], [4.669208591819033, 51.82959883888028], [4.6691607329965885, 51.82883635763621], [4.670438858893275, 51.82358933948505], [4.669692352669894, 51.82417091714989], [4.6662975689300765, 51.826803880819064], [4.661885890109762, 51.83160804063915], [4.65993661274686, 51.83106913999174], [4.659891764939412, 51.83105816386712], [4.653440239125105, 51.82945058553348], [4.646388285456015, 51.827758044562536], [4.64400405207975, 51.82752885989561], [4.642878424938456, 51.826502037715414], [4.639853586227061, 51.82634850012475], [4.637267283314206, 51.82539443492952], [4.632715440637932, 51.82694170636494], [4.622367253427067, 51.830650971557986], [4.6142583251761256, 51.83356336690856], [4.600155315133996, 51.838730096357075], [4.6049133378957245, 51.848384461867624], [4.606996056924159, 51.84852477493923], [4.608288790892195, 51.84941395337844], [4.612501272655514, 51.850587431528446], [4.618715754494885, 51.8512378425746], [4.623422911975604, 51.85373062313993], [4.626043194104826, 51.85451278381308], [4.628758321722214, 51.85434604021366], [4.633441160914581, 51.85027546966575], [4.636516385870024, 51.849662387242596], [4.642493020963412, 51.8539073414245], [4.647294449782565, 51.85721610876621], [4.6437634680853295, 51.859303480276104], [4.640027931791476, 51.86252371139669], [4.635449699225165, 51.86911734350107], [4.635261534087127, 51.86971092264572], [4.645685113086422, 51.86424239462314], [4.647831832849211, 51.86267247322403], [4.653108250161401, 51.85769606434871], [4.658200542992928, 51.85163032881221]]]]}, "properties": {"type": "boundary", "gemeente": "Hendrik-Ido-Ambacht"}}, {"type": "Feature", "geometry": {"type": "MultiPolygon", "coordinates": [[[[4.586888634875172, 52.316995613592574], [4.5874687306914765, 52.31676334037191], [4.587990524408016, 52.316939519525846], [4.587686137320272, 52.317881085019685], [4.591033360934281, 52.317789289807166], [4.5933128437622575, 52.31777801536302], [4.593320987378697, 52.31777797475971], [4.595087390057929, 52.3176763911391], [4.596572549692885, 52.31770625075153], [4.59945565320467, 52.31710117670493], [4.599457457571853, 52.3171006575335], [4.601456843433876, 52.31652140828475], [4.6028855712945855, 52.31584670387014], [4.611675631805051, 52.31356012786802], [4.611532691398689, 52.312240309961005], [4.610263760224187, 52.31087960718755], [4.604737436609222, 52.30627914869113], [4.602332597769438, 52.30324326245056], [4.599827893043999, 52.2998700820956], [4.5982435223416855, 52.29773605676386], [4.596476132093922, 52.29444599357119], [4.596358231349714, 52.29184339868447], [4.5955955800013655, 52.29079889341462], [4.593737358526294, 52.28870114174983], [4.591336567801297, 52.28595828485199], [4.589535872442628, 52.28247900181956], [4.588871920578747, 52.281108244345006], [4.588206709467556, 52.2802326758107], [4.584873849331234, 52.278332921589026], [4.584143504555409, 52.27791563525866], [4.577190908915873, 52.273843327156655], [4.577121878153652, 52.27380288720349], [4.5727485929015215, 52.27124034064378], [4.567596481453719, 52.27350102499303], [4.5675668180807225, 52.2735175847908], [4.553445814121141, 52.28203902807478], [4.548472551317398, 52.284328606087534], [4.548692220785151, 52.28468021520834], [4.546895791026906, 52.28499780089646], [4.542550065458759, 52.286644389935304], [4.542318842705541, 52.287378296694406], [4.551795089843255, 52.29712331328759], [4.554459458547291, 52.299411935007186], [4.555375945679999, 52.29914425081855], [4.563707232373536, 52.30929817170804], [4.568446611979799, 52.315641857407854], [4.569075271917563, 52.31648317346184], [4.57324033602566, 52.31535567269621], [4.583435103713052, 52.3183825167622], [4.585792246773078, 52.31819753232288], [4.5859362498190155, 52.31757072810458], [4.586090048127853, 52.317315363767236], [4.586610204342945, 52.31701158273087], [4.586888634875172, 52.316995613592574]]]]}, "properties": {"type": "boundary", "gemeente": "Hillegom"}}, {"type": "Feature", "geometry": {"type": "MultiPolygon", "coordinates": [[[[4.414932693223551, 52.216107876196], [4.419590792195033, 52.214312716825575], [4.421791005188943, 52.214808737041444], [4.422325437917845, 52.21449299138709], [4.4232897650124965, 52.215428495916065], [4.425695731556801, 52.21628933253892], [4.429285268567252, 52.212411301746286], [4.43327670263648, 52.21350451750371], [4.435463006160488, 52.21060337389949], [4.437137023968838, 52.21119992274762], [4.437409872482566, 52.209667503896675], [4.4374775405749, 52.20951150344753], [4.440187457559925, 52.207356066080756], [4.441652799487002, 52.208503965827454], [4.444451578443008, 52.20951040084722], [4.446308052258488, 52.21098226124777], [4.448477956883414, 52.212504571808424], [4.451305052304894, 52.21169799398924], [4.455895941474767, 52.21403841580446], [4.46408150329535, 52.21596480292819], [4.466175238008774, 52.214188324584725], [4.465747883152884, 52.213143390585095], [4.462510577592228, 52.21176054092346], [4.4623315281080265, 52.21055088292028], [4.459594933417473, 52.209240962773876], [4.4586240918890985, 52.20824309717049], [4.45564801337079, 52.207030477455916], [4.460642727639148, 52.20480349759566], [4.462674159633374, 52.20341202106874], [4.460416818142786, 52.202199591633], [4.463470944293405, 52.200202077033445], [4.46176006121531, 52.197107002941834], [4.466175660132514, 52.197414449938215], [4.466369785416876, 52.196886757073074], [4.463203412515063, 52.193346074624635], [4.462657141468963, 52.1930715891429], [4.463532298978786, 52.19267047663071], [4.461465200515044, 52.18871104594354], [4.458622872413654, 52.183456289288806], [4.45817479927148, 52.18348313484139], [4.458205859032883, 52.18363252370325], [4.454947022940557, 52.18366067668642], [4.452042334388477, 52.18304724274882], [4.451890976064515, 52.182844098303725], [4.448612941931146, 52.18263871270456], [4.448599181146163, 52.182637165122976], [4.440064467665774, 52.1810700446265], [4.437678930920969, 52.181713137043715], [4.435799308615873, 52.18122490008948], [4.435017079817765, 52.180890209418735], [4.436000216627853, 52.180426600830664], [4.440654143799592, 52.17964571947119], [4.445831012315934, 52.178799959483335], [4.448388308702528, 52.176657225025345], [4.448849840507106, 52.17412034608832], [4.445687561301417, 52.17000642248698], [4.445501391195565, 52.16876611231609], [4.445412391004278, 52.167221821494756], [4.446023552443872, 52.165129224317965], [4.448368065985224, 52.16205250199752], [4.448290680709586, 52.1619788829834], [4.440478012509527, 52.155653524819954], [4.4315484709764945, 52.15836768534066], [4.425973745953014, 52.1592303492672], [4.419771229803023, 52.16234487169963], [4.4177860131663405, 52.16147806889045], [4.414763833891297, 52.16245520630992], [4.413193314277268, 52.163791393238974], [4.411594743261028, 52.16347971386118], [4.409318768747883, 52.1693425876852], [4.405093598427727, 52.16762125561011], [4.40411181132051, 52.1684056401185], [4.403220132744884, 52.1689578118718], [4.400079324413542, 52.17138191192618], [4.395090507704869, 52.17460616379618], [4.392277644899431, 52.17507738520892], [4.374432857640403, 52.18687430637201], [4.383646827965112, 52.196465690653966], [4.391436080683001, 52.20655778504173], [4.397040191110473, 52.2123124462174], [4.39976025562306, 52.210623216218195], [4.4001735103030315, 52.210886011273224], [4.400439571679793, 52.21105834692967], [4.398194936131781, 52.21248162468328], [4.399784862230068, 52.214846346350036], [4.405463422371666, 52.21972032279722], [4.414828791043067, 52.21614750059508], [4.414841621702519, 52.21614260602903], [4.414932693223551, 52.216107876196]]]]}, "properties": {"type": "boundary", "gemeente": "Katwijk"}}, {"type": "Feature", "geometry": {"type": "MultiPolygon", "coordinates": [[[[4.623665213296399, 51.92628496640361], [4.630587492994431, 51.921433379500805], [4.643019320748991, 51.912569018710094], [4.642783424231824, 51.91245736359834], [4.6351522077551, 51.910070023766025], [4.623218354478673, 51.90853578270921], [4.601464364749491, 51.90699734403538], [4.596826917871529, 51.907811117234935], [4.5967696252767585, 51.907804684594936], [4.595173943264992, 51.907081791886945], [4.5967336408203066, 51.905757248500926], [4.593511560063839, 51.90410126208819], [4.593084199910895, 51.90467952950761], [4.592520693877597, 51.90440606206159], [4.592213625671619, 51.90560085419409], [4.5887483536968485, 51.904187117921786], [4.58909921903226, 51.90236718320691], [4.5841917412082385, 51.903905135044376], [4.582035424260588, 51.90408621705718], [4.576329070816528, 51.90303147074023], [4.5694635468000335, 51.90435072019008], [4.555088042460795, 51.90564634509631], [4.549238886915912, 51.9048820509155], [4.549901701739875, 51.906728410554656], [4.558685601557879, 51.908238752972686], [4.566061467733793, 51.90924629198523], [4.57118378527338, 51.91186537413497], [4.577152022237108, 51.91455141780733], [4.579455080926433, 51.91675356273803], [4.579491459730569, 51.916829118823024], [4.581280844964341, 51.91986795479532], [4.582840229533255, 51.920776707626885], [4.588137149858964, 51.92179583628885], [4.59395977898258, 51.924475910142014], [4.598155922369807, 51.926082685543115], [4.601683661958511, 51.92665077386763], [4.607054322704571, 51.92568211717551], [4.610724797719122, 51.92534081213063], [4.613236091041526, 51.926076956163], [4.615068225341988, 51.92735336512155], [4.6177042376636415, 51.93104989405203], [4.623665213296399, 51.92628496640361]]]]}, "properties": {"type": "boundary", "gemeente": "Krimpen aan den IJssel"}}, {"type": "Feature", "geometry": {"type": "MultiPolygon", "coordinates": [[[[4.517984141609847, 52.17853496152722], [4.518493065061418, 52.17425022038418], [4.517168364133453, 52.17267418501725], [4.515120827323946, 52.17108690297303], [4.515517997206529, 52.16951231792205], [4.516194193908603, 52.165817759347505], [4.515039600821247, 52.163401412341194], [4.514830960708193, 52.160802706264015], [4.518856939295626, 52.158223229961756], [4.520820480976102, 52.15655148049982], [4.521691615344594, 52.153862130626], [4.522235338290725, 52.15217003136957], [4.522239338073833, 52.15215568912549], [4.5239111236916605, 52.14765527665449], [4.524037525517097, 52.14739829666863], [4.515986564788195, 52.144694352584985], [4.510676508692583, 52.140866307024666], [4.5132125527678415, 52.139974612853926], [4.5130994122152535, 52.139917132203564], [4.497969596291072, 52.132164125976075], [4.49656174975812, 52.13145042175943], [4.491952900902676, 52.129011367038025], [4.487519985904698, 52.12741014101089], [4.472975436909039, 52.11895201844633], [4.4722890517686515, 52.119635063239876], [4.4723211815857065, 52.123459036732534], [4.472941478304141, 52.1237036155705], [4.4681493158539505, 52.12855127279038], [4.467481047865245, 52.12832366102248], [4.466845096767409, 52.12898035309882], [4.465981626284372, 52.12789075769074], [4.4664202877981065, 52.12733384855008], [4.465191960275614, 52.1266138097812], [4.464492322718882, 52.12731162628935], [4.468915566838393, 52.132763607708355], [4.469066380100162, 52.133198845245985], [4.469238692571165, 52.13427609315548], [4.467171354466312, 52.136943678886404], [4.466682035532739, 52.14089112741249], [4.466050625707828, 52.14641661443766], [4.465405464413306, 52.149443422760676], [4.462968769083474, 52.14894555251011], [4.462444356324314, 52.14977726189351], [4.459287200423052, 52.14969724799884], [4.45701956001986, 52.1477893954461], [4.45087233132113, 52.14212941701601], [4.449603896730915, 52.140984852723456], [4.446561955260745, 52.14119375859048], [4.444678046573451, 52.140620399761374], [4.443789441129035, 52.14101376951498], [4.442988460725324, 52.14534631400753], [4.443939237167037, 52.14604179179565], [4.441371482163138, 52.149499031324666], [4.438865008633207, 52.15326502447914], [4.439232314378494, 52.15470801080117], [4.440478012509527, 52.155653524819954], [4.448290680709586, 52.1619788829834], [4.448368065985224, 52.16205250199752], [4.450407889220917, 52.166319983586654], [4.453051811590128, 52.16849265086371], [4.4547771936371765, 52.171082992029184], [4.466868017629071, 52.169929276878825], [4.467572863872101, 52.17045179074551], [4.467233957462315, 52.172171014109416], [4.468508854535541, 52.1734825931681], [4.469573056631358, 52.17434576877283], [4.471573172787114, 52.174456537838054], [4.478652900318445, 52.17957727832653], [4.479707592552213, 52.17900444512326], [4.48079536419988, 52.1796286246432], [4.48460714096141, 52.17801577770466], [4.487401507525371, 52.17692423587738], [4.487434127354318, 52.17816512304271], [4.489600162686508, 52.17714577783969], [4.491922165419083, 52.1754079850266], [4.493439199978405, 52.175856555324955], [4.495368240539429, 52.177802571500244], [4.4971732951297545, 52.18094382725675], [4.497561805667019, 52.1839831859271], [4.498341863760292, 52.183994100743234], [4.5016331872938125, 52.18426487419481], [4.503545998409644, 52.18462183517697], [4.5085249357918995, 52.18397376862014], [4.517207556040385, 52.182719103301295], [4.518368243561997, 52.18211677753106], [4.517984141609847, 52.17853496152722]]]]}, "properties": {"type": "boundary", "gemeente": "Leiden"}}, {"type": "Feature", "geometry": {"type": "MultiPolygon", "coordinates": [[[[4.518368243561997, 52.18211677753106], [4.528177353945669, 52.17985128488428], [4.538153204762905, 52.18008518715891], [4.538778678384573, 52.18013056327594], [4.53906529295945, 52.17710119076485], [4.54001106790092, 52.17556914076028], [4.542329436208409, 52.171954077071014], [4.550349502274115, 52.16301350650007], [4.55275783110205, 52.163104336898606], [4.55570053230536, 52.16442592902886], [4.560591871064565, 52.16678343199326], [4.562399383116256, 52.16611929995556], [4.560489743694814, 52.16413052570917], [4.562647697238127, 52.16132919497299], [4.561633481584151, 52.16081947549498], [4.571480537512856, 52.15310938941338], [4.570489358971301, 52.14342077003065], [4.566104716729201, 52.135264316404715], [4.561380993484776, 52.13223068950811], [4.560219798475888, 52.13193316530187], [4.550732844718224, 52.1383806205886], [4.544547870643157, 52.140731533994874], [4.537268436782571, 52.14095787960977], [4.530795947209204, 52.14186328963055], [4.527783554107722, 52.14323748374901], [4.524666895510636, 52.14633765082358], [4.524037525517097, 52.14739829666863], [4.5239111236916605, 52.14765527665449], [4.522239338073833, 52.15215568912549], [4.522235338290725, 52.15217003136957], [4.521691615344594, 52.153862130626], [4.520820480976102, 52.15655148049982], [4.518856939295626, 52.158223229961756], [4.514830960708193, 52.160802706264015], [4.515039600821247, 52.163401412341194], [4.516194193908603, 52.165817759347505], [4.515517997206529, 52.16951231792205], [4.515120827323946, 52.17108690297303], [4.517168364133453, 52.17267418501725], [4.518493065061418, 52.17425022038418], [4.517984141609847, 52.17853496152722], [4.518368243561997, 52.18211677753106]]]]}, "properties": {"type": "boundary", "gemeente": "Leiderdorp"}}, {"type": "Feature", "geometry": {"type": "MultiPolygon", "coordinates": [[[[4.553445814121141, 52.28203902807478], [4.5675668180807225, 52.2735175847908], [4.567596481453719, 52.27350102499303], [4.5727485929015215, 52.27124034064378], [4.568335351042041, 52.26855371277066], [4.568037887800171, 52.26651772838315], [4.568252170672291, 52.26555211140986], [4.5684481672427095, 52.264705830653845], [4.569537078619878, 52.25986058735207], [4.5687631436793605, 52.25567131379309], [4.5678315428965535, 52.25074771020043], [4.566208608481234, 52.2450139406277], [4.56534715764885, 52.24234824868373], [4.565052090387962, 52.241423950847064], [4.564183154884129, 52.238629171138946], [4.5629206086284695, 52.234723583557916], [4.562272050729691, 52.2338438681474], [4.560783086552453, 52.23306039584074], [4.555618386758397, 52.232019231363374], [4.555611101692062, 52.23201776255495], [4.5536243914306045, 52.23093340963928], [4.550469762324762, 52.22674516280941], [4.553933367633426, 52.222205874044356], [4.553225162147411, 52.222332984465744], [4.543568952948225, 52.226803405105656], [4.539357977186484, 52.229799468653255], [4.535072381820593, 52.23125456505496], [4.534673582391586, 52.23137647704649], [4.533567622443391, 52.23172001235305], [4.531434703383511, 52.232383562064115], [4.531422664020701, 52.2323739922752], [4.530476472425826, 52.23269619282484], [4.530468157571985, 52.23269992554407], [4.52992614162569, 52.232949936190444], [4.527776345257292, 52.2338922963227], [4.524914576144141, 52.23557241518788], [4.52506437537328, 52.23592299728702], [4.529471409686886, 52.2381377030799], [4.529092044813245, 52.23832639932637], [4.52741604521887, 52.23916000890479], [4.528915254856184, 52.240066180554706], [4.528625479831387, 52.24027567502979], [4.530050300095035, 52.241162784476536], [4.527827416491256, 52.242061947056065], [4.52773790417551, 52.24240962621379], [4.524087736370842, 52.244377557073875], [4.525889715619027, 52.2457760855725], [4.525177953735217, 52.24623568269323], [4.52659375681902, 52.24725317622394], [4.521475415448755, 52.24953974056065], [4.517877484183474, 52.25273114613623], [4.513494654047478, 52.25499180732614], [4.520916859856456, 52.260698584778936], [4.53287179933017, 52.2730958248021], [4.530178155509648, 52.27414689001284], [4.535025537670727, 52.27883275329134], [4.535456802835283, 52.27914798797096], [4.535989875655594, 52.27815587250714], [4.536443027908389, 52.278359534406526], [4.536507757899333, 52.27919193092903], [4.538709693679792, 52.28177769679713], [4.542550065458759, 52.286644389935304], [4.546895791026906, 52.28499780089646], [4.548692220785151, 52.28468021520834], [4.548472551317398, 52.284328606087534], [4.553445814121141, 52.28203902807478]]]]}, "properties": {"type": "boundary", "gemeente": "Lisse"}}, {"type": "Feature", "geometry": {"type": "MultiPolygon", "coordinates": [[[[4.228291163979706, 51.94799079452292], [4.231766872918139, 51.9429222051703], [4.231919532851668, 51.942954465768544], [4.236940861194704, 51.94392952259632], [4.2403169723434555, 51.942871969985774], [4.24177512307026, 51.94179587964058], [4.253094457445434, 51.9327328809188], [4.259401787126741, 51.928003873683444], [4.260521822675776, 51.927306738120976], [4.261419805621254, 51.926780678123606], [4.264272108320465, 51.92546816582007], [4.266128105145583, 51.925302063387704], [4.270682548770155, 51.923533124904594], [4.272695679512079, 51.92354096898317], [4.292610636796405, 51.92123636929456], [4.277121774329749, 51.91128492172656], [4.277052689739482, 51.91124027973731], [4.267571096943374, 51.90533509101248], [4.266183297764433, 51.90590408364118], [4.255428696888941, 51.910170591538545], [4.2441981143540195, 51.91374274749999], [4.236464798296931, 51.91730319957823], [4.2321666400017035, 51.92070933459541], [4.2293897286051605, 51.92330538330148], [4.222905221076207, 51.92876395942635], [4.219932458373849, 51.930468002720865], [4.212717672623176, 51.93372731755739], [4.21952868847604, 51.941399526016504], [4.221453380051199, 51.942668462124765], [4.228291163979706, 51.94799079452292]]]]}, "properties": {"type": "boundary", "gemeente": "Maassluis"}}, {"type": "Feature", "geometry": {"type": "MultiPolygon", "coordinates": [[[[4.801481046664198, 52.20989194865866], [4.801615901135473, 52.20400309132538], [4.8029253078305985, 52.20102826800868], [4.813594530719504, 52.201847636886356], [4.8131049274727244, 52.20133700097448], [4.8144000775739, 52.1993097727458], [4.822253679488723, 52.19609404108511], [4.823616152061053, 52.19316599876062], [4.838383391278739, 52.18325883441305], [4.842995414665123, 52.180815425464964], [4.8440616493368305, 52.18006622261714], [4.855465225719951, 52.17895825276431], [4.867130091305609, 52.173449788752805], [4.8921783706162785, 52.16179844162482], [4.887574546823331, 52.15995868753123], [4.873623563514663, 52.15608303564748], [4.874518546537066, 52.1388319299225], [4.872710613585725, 52.1388539903312], [4.870543726639517, 52.138340674396986], [4.864915099851774, 52.13739164326412], [4.85523869837358, 52.13721014427064], [4.8524834846413265, 52.13838483985139], [4.85153532031122, 52.1396161719045], [4.847412586302691, 52.138945471667945], [4.842583828820464, 52.13953365355856], [4.840793342732267, 52.14147729900863], [4.837520567384202, 52.14064428325284], [4.833053093521976, 52.14470658976121], [4.831970091573726, 52.144458575577765], [4.826471801998947, 52.14217686378367], [4.8205335519461165, 52.14222930088719], [4.819170626203027, 52.14137606758082], [4.8179163802940845, 52.14075574064715], [4.816665628488262, 52.139387464047594], [4.814929593035456, 52.13995305504403], [4.813110983528248, 52.14017377511034], [4.81025056587531, 52.13855983011886], [4.80872676647235, 52.13726716051273], [4.80767546457915, 52.134668738352104], [4.808846732674293, 52.131814330680555], [4.808352286133657, 52.13152674675657], [4.807790069158073, 52.12985825547538], [4.8080520366425, 52.12914718545667], [4.80667415295266, 52.12782304306871], [4.80636548903079, 52.12739680556142], [4.8034975379683384, 52.12641618435664], [4.8019804836294595, 52.124858080913235], [4.798357464117727, 52.12530113928177], [4.793490623593252, 52.123973270865015], [4.792360078314244, 52.1233838066867], [4.792079959381168, 52.12228791373821], [4.791892865192424, 52.12046100185269], [4.787507821863501, 52.11999382149398], [4.785372206940776, 52.12066252865482], [4.784069106053382, 52.120756583151035], [4.783305759158795, 52.12037394080294], [4.783019034731073, 52.11976336027915], [4.784438332218864, 52.11803654133842], [4.783968968711926, 52.11743776535459], [4.783151003544223, 52.11732053322431], [4.780449939693659, 52.11796167496894], [4.779542202618694, 52.11765387697488], [4.7782588781730615, 52.115841707060625], [4.776507451714484, 52.116004555919986], [4.77594845391552, 52.11578041438516], [4.7749282199536305, 52.11484324135949], [4.770860771433302, 52.11513806312736], [4.769976946851029, 52.114785459100275], [4.7692191669216, 52.113312044685145], [4.766675309603304, 52.11314561292122], [4.762532214400107, 52.113712127694704], [4.7610492696623545, 52.11284664825542], [4.760239093201127, 52.11184545106413], [4.759328298570071, 52.110345135306545], [4.753225593249389, 52.108513080203146], [4.74637953582184, 52.10751637922958], [4.7388562669399015, 52.106507926135635], [4.7407401232772965, 52.10809098142048], [4.753239917706544, 52.11944246379416], [4.756640900175993, 52.123790952258766], [4.758709239263367, 52.12853978603934], [4.758854442333493, 52.12865879695834], [4.760075576290213, 52.131017876317614], [4.759024826304906, 52.13514301106525], [4.741838402758931, 52.16267367041045], [4.72956941942994, 52.159670300809545], [4.726810920499012, 52.158995635664404], [4.726219560478255, 52.15800320123674], [4.726073682638929, 52.15641365967299], [4.724635333686114, 52.15615433699413], [4.7242654056053714, 52.156101129852594], [4.724186391105917, 52.15621624682673], [4.723931302191219, 52.15607875942356], [4.704996962787201, 52.14476087701047], [4.704033483930927, 52.14464494920892], [4.704164427523019, 52.14809786784599], [4.705183410267892, 52.15003064625838], [4.705917404517169, 52.151685890517086], [4.705502726541163, 52.15184321490219], [4.705370716679185, 52.152013847968], [4.705672125602943, 52.15215699251696], [4.699737357076955, 52.15706595595627], [4.698229284665528, 52.15835991789768], [4.681208743284629, 52.16750458704379], [4.687164766942581, 52.186278681842836], [4.688927549672081, 52.19187838393446], [4.690830059932783, 52.191674329808336], [4.6953153611334395, 52.18915486356267], [4.699347714813009, 52.19416837100549], [4.705072924512071, 52.20122499036719], [4.707577744498785, 52.204901997843045], [4.719990043448557, 52.201619020898065], [4.720774013621312, 52.201276912405554], [4.7233597882136795, 52.21094290045477], [4.723783952460968, 52.21143531518882], [4.723890126958916, 52.21093623608234], [4.724529785243441, 52.21080124053083], [4.725334151118995, 52.21151036589036], [4.7287657303666, 52.20981923461204], [4.732833388991006, 52.206972488861126], [4.734999274816272, 52.20676727676354], [4.743629769163162, 52.21479326767112], [4.747905430529502, 52.214851504199636], [4.750668789228398, 52.21572100222445], [4.753298493054468, 52.217468256395755], [4.759847899917863, 52.217586959371], [4.762074552908278, 52.218130735900026], [4.774650488549057, 52.224583225035204], [4.776400396936409, 52.227373141666135], [4.778853027821993, 52.22796119501283], [4.780985909367501, 52.22874171847963], [4.784017013767552, 52.22873748168167], [4.794576042676715, 52.22673116021579], [4.7944301972163235, 52.223423896983185], [4.799014699138623, 52.21931253408686], [4.802147235567829, 52.217641140638456], [4.801481046664198, 52.20989194865866]]]]}, "properties": {"type": "boundary", "gemeente": "Nieuwkoop"}}, {"type": "Feature", "geometry": {"type": "MultiPolygon", "coordinates": [[[[4.563707232373536, 52.30929817170804], [4.555375945679999, 52.29914425081855], [4.554459458547291, 52.299411935007186], [4.551795089843255, 52.29712331328759], [4.542318842705541, 52.287378296694406], [4.542550065458759, 52.286644389935304], [4.538709693679792, 52.28177769679713], [4.536507757899333, 52.27919193092903], [4.536443027908389, 52.278359534406526], [4.535989875655594, 52.27815587250714], [4.535456802835283, 52.27914798797096], [4.535025537670727, 52.27883275329134], [4.530178155509648, 52.27414689001284], [4.53287179933017, 52.2730958248021], [4.520916859856456, 52.260698584778936], [4.513494654047478, 52.25499180732614], [4.501415862115516, 52.24856173992985], [4.497662342732401, 52.24603360341545], [4.495927666475715, 52.24486439236572], [4.494919122847713, 52.24418025357544], [4.479974001451193, 52.234119651663185], [4.477491646538036, 52.232450126808665], [4.468491168998673, 52.226619711265975], [4.4660654556424255, 52.22500315660297], [4.466984782938872, 52.223786280435206], [4.470703773756913, 52.22176297606193], [4.470357591560247, 52.21981313631126], [4.46408150329535, 52.21596480292819], [4.455895941474767, 52.21403841580446], [4.451305052304894, 52.21169799398924], [4.448477956883414, 52.212504571808424], [4.446308052258488, 52.21098226124777], [4.444451578443008, 52.20951040084722], [4.441652799487002, 52.208503965827454], [4.440187457559925, 52.207356066080756], [4.4374775405749, 52.20951150344753], [4.437409872482566, 52.209667503896675], [4.437137023968838, 52.21119992274762], [4.435463006160488, 52.21060337389949], [4.43327670263648, 52.21350451750371], [4.429285268567252, 52.212411301746286], [4.425695731556801, 52.21628933253892], [4.4232897650124965, 52.215428495916065], [4.422325437917845, 52.21449299138709], [4.421791005188943, 52.214808737041444], [4.419590792195033, 52.214312716825575], [4.414932693223551, 52.216107876196], [4.414841621702519, 52.21614260602903], [4.414828791043067, 52.21614750059508], [4.405463422371666, 52.21972032279722], [4.4183013508967885, 52.23374044130101], [4.434516164230928, 52.25378585312565], [4.447261514865368, 52.26724510390714], [4.493971247012579, 52.32819809812323], [4.49492664718044, 52.327948544748175], [4.543370743853896, 52.314988724567776], [4.547322159134312, 52.31399671927059], [4.563707232373536, 52.30929817170804]]]]}, "properties": {"type": "boundary", "gemeente": "Noordwijk"}}, {"type": "Feature", "geometry": {"type": "MultiPolygon", "coordinates": [[[[4.478664765812233, 52.20466911252205], [4.480130540493321, 52.201980201443796], [4.484353244300136, 52.2030109378614], [4.4867159991583465, 52.2041792982579], [4.48803194690163, 52.20292347653106], [4.489851596542357, 52.20397810470023], [4.490611818292324, 52.20343095537729], [4.491446649959318, 52.20368771557791], [4.492240235844419, 52.20129812499794], [4.493108512870754, 52.19575496435716], [4.493340156907877, 52.19485965332436], [4.489957271545256, 52.19266503042037], [4.4880118192291185, 52.19097086803483], [4.48809147496231, 52.189493286654525], [4.490902699956714, 52.18666623763386], [4.490967841156211, 52.18656534998231], [4.491208387672519, 52.18475474090688], [4.489524790687977, 52.181698695225386], [4.491430369171166, 52.18095186703796], [4.492768876988772, 52.181283674657514], [4.492894553968295, 52.181541380516656], [4.494328916329009, 52.181670373925], [4.494128627550346, 52.182046064270374], [4.494898751327245, 52.18255059911791], [4.495255616878605, 52.18393939145791], [4.497561805667019, 52.1839831859271], [4.4971732951297545, 52.18094382725675], [4.495368240539429, 52.177802571500244], [4.493439199978405, 52.175856555324955], [4.491922165419083, 52.1754079850266], [4.489600162686508, 52.17714577783969], [4.487434127354318, 52.17816512304271], [4.487401507525371, 52.17692423587738], [4.48460714096141, 52.17801577770466], [4.48079536419988, 52.1796286246432], [4.479707592552213, 52.17900444512326], [4.478652900318445, 52.17957727832653], [4.471573172787114, 52.174456537838054], [4.469573056631358, 52.17434576877283], [4.468508854535541, 52.1734825931681], [4.467233957462315, 52.172171014109416], [4.467572863872101, 52.17045179074551], [4.466868017629071, 52.169929276878825], [4.4547771936371765, 52.171082992029184], [4.453051811590128, 52.16849265086371], [4.450407889220917, 52.166319983586654], [4.448368065985224, 52.16205250199752], [4.446023552443872, 52.165129224317965], [4.445412391004278, 52.167221821494756], [4.445501391195565, 52.16876611231609], [4.445687561301417, 52.17000642248698], [4.448849840507106, 52.17412034608832], [4.448388308702528, 52.176657225025345], [4.445831012315934, 52.178799959483335], [4.440654143799592, 52.17964571947119], [4.436000216627853, 52.180426600830664], [4.435017079817765, 52.180890209418735], [4.435799308615873, 52.18122490008948], [4.437678930920969, 52.181713137043715], [4.440064467665774, 52.1810700446265], [4.448599181146163, 52.182637165122976], [4.448612941931146, 52.18263871270456], [4.451890976064515, 52.182844098303725], [4.452042334388477, 52.18304724274882], [4.454947022940557, 52.18366067668642], [4.458205859032883, 52.18363252370325], [4.45817479927148, 52.18348313484139], [4.458622872413654, 52.183456289288806], [4.461465200515044, 52.18871104594354], [4.463532298978786, 52.19267047663071], [4.462657141468963, 52.1930715891429], [4.463203412515063, 52.193346074624635], [4.466369785416876, 52.196886757073074], [4.466175660132514, 52.197414449938215], [4.46176006121531, 52.197107002941834], [4.463470944293405, 52.200202077033445], [4.4663069002678375, 52.2005494225958], [4.467659443805375, 52.20193348232858], [4.470239733048201, 52.20226770325927], [4.471378443417379, 52.201570760417425], [4.472825208940469, 52.20265685340846], [4.476247675345099, 52.20322629611744], [4.478664765812233, 52.20466911252205]]]]}, "properties": {"type": "boundary", "gemeente": "Oegstgeest"}}, {"type": "Feature", "geometry": {"type": "MultiPolygon", "coordinates": [[[[4.705429492106209, 51.841257854863635], [4.706696859482946, 51.84107121899007], [4.71412586513442, 51.84122461148847], [4.737139678225702, 51.846452901641484], [4.7386536181249355, 51.84357361161912], [4.740344477377639, 51.84325533702927], [4.743394378529289, 51.842719838768495], [4.742763687527146, 51.84100279864851], [4.74141004879127, 51.84077651869119], [4.7372432425895905, 51.83403770626478], [4.737237778610628, 51.834028653312295], [4.736845251140987, 51.83341777513953], [4.736639870231387, 51.83308955117259], [4.734196148670328, 51.82911360582045], [4.7337949835499895, 51.82849079305887], [4.7337935720565145, 51.82848848952582], [4.729638402162153, 51.82216896753634], [4.709976217939124, 51.82334850745328], [4.707923846360117, 51.82335065216051], [4.703732991128653, 51.82314212257895], [4.697838257707792, 51.82258773169977], [4.692267478379173, 51.822006596074964], [4.6883437729187, 51.82141317054053], [4.684631719397139, 51.820775705698985], [4.67636977043007, 51.820416406102005], [4.6717294494467465, 51.82079154434933], [4.671708685579418, 51.82085421222935], [4.670438858893275, 51.82358933948505], [4.6691607329965885, 51.82883635763621], [4.669208591819033, 51.82959883888028], [4.6724132564746235, 51.8358829399531], [4.672606320029981, 51.8386504380657], [4.675906136277735, 51.841101851053466], [4.680474826917967, 51.84460776222322], [4.681911504750138, 51.848440703803654], [4.681349051035829, 51.84867817156334], [4.681826907886675, 51.849093294582765], [4.6831908148381185, 51.84849149177244], [4.683317529565686, 51.848437682113506], [4.6900056853269225, 51.84563311261459], [4.69919032561502, 51.84310450861375], [4.705429492106209, 51.841257854863635]]]]}, "properties": {"type": "boundary", "gemeente": "Papendrecht"}}, {"type": "Feature", "geometry": {"type": "MultiPolygon", "coordinates": [[[[4.583021079011902, 51.90121241698073], [4.590797964417801, 51.895848186210046], [4.59502954308891, 51.89417239669149], [4.619572884341349, 51.88952232367044], [4.619249561341627, 51.88844187509565], [4.620301148085489, 51.88763347680062], [4.62423032602651, 51.883805533893614], [4.626391721700922, 51.88065743912865], [4.635261534087235, 51.86971092264572], [4.635449699225273, 51.86911734350106], [4.640027931791476, 51.86252371139669], [4.643763468085437, 51.85930348027611], [4.647294449782674, 51.857216108766096], [4.642493020963521, 51.853907341424396], [4.6365163858701335, 51.84966238724262], [4.633441160914688, 51.85027546966575], [4.6287583217222155, 51.854346040213514], [4.626043194104826, 51.85451278381308], [4.623422911975604, 51.85373062313993], [4.618715754494885, 51.8512378425746], [4.612501272655514, 51.850587431528446], [4.608288790892195, 51.84941395337844], [4.606996056924159, 51.84852477493923], [4.6049133378957245, 51.848384461867624], [4.600155315133996, 51.838730096357075], [4.594684572336032, 51.840283111027915], [4.585362522469387, 51.84251465513574], [4.571058949048925, 51.84711671777207], [4.571386499872863, 51.84942728884474], [4.569971232966943, 51.852620457197006], [4.565961786177045, 51.85208623497773], [4.564113530304895, 51.85348759453772], [4.563524755990457, 51.85501804371308], [4.56273312116062, 51.85606957959677], [4.560299694842949, 51.85933090385118], [4.556371554889534, 51.86457177442757], [4.554883806719109, 51.86656029764428], [4.553926871816398, 51.86785738428281], [4.5538423537769575, 51.86797223588976], [4.552770060866597, 51.86942933312582], [4.549383690218569, 51.87402715325783], [4.549253854319902, 51.874200815493424], [4.551912712522308, 51.87469059571572], [4.554873208881084, 51.875559797030355], [4.557846234846264, 51.87691917331159], [4.56152622673487, 51.87821847133144], [4.5677380104982594, 51.87817681873565], [4.568912379701201, 51.878051859887705], [4.569146789394362, 51.87818017782452], [4.568906693901539, 51.878324997661004], [4.573149323949596, 51.89121994391107], [4.5734642577845275, 51.89163892996514], [4.573468201219888, 51.89208481480341], [4.57540818248044, 51.898082462419254], [4.575600064005165, 51.898057351114446], [4.576096174755206, 51.899373594470454], [4.57590623977314, 51.90125241037198], [4.576329070816636, 51.90303147074023], [4.583021079011902, 51.90121241698073]]]]}, "properties": {"type": "boundary", "gemeente": "Ridderkerk"}}, {"type": "Feature", "geometry": {"type": "MultiPolygon", "coordinates": [[[[4.150957676955578, 51.98761830798311], [4.148941854253504, 51.98509394843188], [4.149954453788849, 51.98481037073193], [4.147280441578191, 51.981393144215865], [4.155303096150085, 51.979599810951996], [4.155062349222723, 51.97783792531266], [4.169605257745116, 51.973973177617474], [4.175898038277569, 51.97169365678971], [4.187474470774343, 51.96681757979551], [4.186579969107333, 51.96586894399187], [4.187917841759433, 51.96539163803104], [4.1906086916287055, 51.96598147969976], [4.191196009910195, 51.965444703706325], [4.189369355035088, 51.9647577165858], [4.186723733902688, 51.96267577403847], [4.192395947632096, 51.954805794422704], [4.217823634007171, 51.94163651990262], [4.21952868847604, 51.941399526016504], [4.212717672623176, 51.93372731755739], [4.219932458373849, 51.930468002720865], [4.222905221076207, 51.92876395942635], [4.2293897286051605, 51.92330538330148], [4.2321666400017035, 51.92070933459541], [4.236464798296931, 51.91730319957823], [4.244198114353858, 51.91374274749999], [4.255428696888941, 51.910170591538545], [4.266183297764433, 51.90590408364118], [4.267571096943374, 51.90533509101248], [4.281886198882213, 51.90015229690012], [4.296372463455613, 51.89705318178007], [4.319447798562596, 51.89458958312343], [4.31959654852325, 51.89457500783678], [4.330956767004531, 51.89410295717114], [4.341070792682418, 51.89534237077053], [4.349797321343482, 51.89767072243809], [4.360034409807091, 51.899431858299614], [4.3706224465680075, 51.89935602115519], [4.372137193190622, 51.89918882020016], [4.380173198920352, 51.89792581980256], [4.388343890294257, 51.89677964282476], [4.393419770340268, 51.89673643065699], [4.39903390359726, 51.89741737044243], [4.409712605389614, 51.899858401030784], [4.4097572309907305, 51.89986844350696], [4.413710149946033, 51.90075514114323], [4.412338143400168, 51.90242162274018], [4.4156767773675165, 51.90502528061463], [4.413297536106742, 51.9072848981633], [4.413445380448835, 51.90767928378292], [4.411346059690842, 51.91027321756463], [4.409999103267224, 51.90985294463439], [4.409541738432638, 51.91041748033798], [4.409075107750491, 51.91205019529402], [4.412209788863119, 51.913239578062694], [4.412738998901781, 51.91391462107328], [4.413506078342807, 51.913953123235935], [4.413600954445172, 51.9145855853734], [4.415265507584125, 51.914485223720575], [4.415696844869045, 51.91593857924371], [4.415827084377464, 51.91593091975402], [4.4163456767989855, 51.91757025141682], [4.417076507146052, 51.91994794203252], [4.417064121139268, 51.92042411558656], [4.417054234669258, 51.92082440902738], [4.416861237987767, 51.92312204012529], [4.415234768463387, 51.92297076662167], [4.410496059870051, 51.92929190542717], [4.409874415303584, 51.92911285979296], [4.408172365106327, 51.93141452597856], [4.408808394942947, 51.934749252787476], [4.4089782911378235, 51.93578498675912], [4.409810392857157, 51.936339404056376], [4.413262442868133, 51.936816027010565], [4.414762109664369, 51.937374464069116], [4.416414310325353, 51.93815508653321], [4.417712725939929, 51.938476881947444], [4.415491970831925, 51.9407588129268], [4.413207097160498, 51.93905802337787], [4.409316967507533, 51.937981774952725], [4.4085173842145435, 51.93863687077819], [4.403919945845117, 51.93725288981292], [4.394976832766271, 51.942908960427616], [4.394215753332491, 51.943999699447104], [4.393447708400384, 51.94425972531463], [4.3934780681370595, 51.944465284776236], [4.393668687304729, 51.94461287311467], [4.394920439248683, 51.946457723394076], [4.395187612752075, 51.946927230654275], [4.39435173470916, 51.94710985446732], [4.389671689402095, 51.94547246893942], [4.389420531080365, 51.94566999720192], [4.388933140459881, 51.94553523316388], [4.384001051347834, 51.954693113159365], [4.379309330057914, 51.96340669222389], [4.389779289426309, 51.96512647790691], [4.389947288185332, 51.964601791247425], [4.391751832251183, 51.964921124805066], [4.393987368872436, 51.96263159760265], [4.402933291367957, 51.96631640729992], [4.40791075530708, 51.96819869979035], [4.427898210463058, 51.976466563295354], [4.428968223563855, 51.97587621573424], [4.446681895291532, 51.962786138052], [4.450882890262062, 51.9658850710903], [4.4568243142336055, 51.96731116839044], [4.4603744573100785, 51.96910160815833], [4.460161119666892, 51.97160893328109], [4.462220309459442, 51.97268158292063], [4.461346249438218, 51.97483737878337], [4.461676099199563, 51.975122115919824], [4.464022886794385, 51.97714783108763], [4.4632407396567775, 51.977526674337234], [4.464124351666176, 51.97830717644123], [4.465802427947424, 51.97892987432289], [4.466679966002793, 51.9784984812609], [4.469450898354171, 51.980187664590794], [4.468874604734689, 51.980479897738626], [4.468971358661245, 51.9805288376584], [4.46901187988031, 51.98054932361734], [4.469515548168262, 51.98030081663776], [4.470557850714071, 51.979779732840974], [4.4832514932884475, 51.97336252035361], [4.491006605602919, 51.9695498711145], [4.49523381696215, 51.96741519514886], [4.4957994037581575, 51.97184468667282], [4.496856901138913, 51.971306039364784], [4.506584223093333, 51.966375964649565], [4.50584391544124, 51.96565222697448], [4.512246619296776, 51.96242060265069], [4.51310304552293, 51.962921884965866], [4.513900472170704, 51.96265395025167], [4.5185862702792265, 51.96028647006862], [4.520946362563164, 51.96340812273717], [4.5236535146114765, 51.963925107888784], [4.5278214343759275, 51.96565887671901], [4.5287596449024585, 51.9670238212891], [4.534984830708163, 51.968272480162604], [4.535782042336688, 51.97044802095697], [4.539951066546296, 51.969885317237235], [4.545651593255811, 51.97231973111354], [4.547685955789134, 51.972806790871424], [4.5542150522709255, 51.968920847651816], [4.55640146510742, 51.968854818079514], [4.556585670686715, 51.968466190624554], [4.560547353478252, 51.96962230941727], [4.561398598015271, 51.97027537939931], [4.561104392383537, 51.970525175656675], [4.5616515952336645, 51.97076191211305], [4.561544187189246, 51.97085122882973], [4.561151630898669, 51.971177660821475], [4.5624134188680365, 51.97192687913287], [4.562897217246912, 51.97152092721369], [4.563367415037203, 51.9717280827999], [4.5653820403042715, 51.9712758418223], [4.566935719669286, 51.971189966322044], [4.570275338820312, 51.97202424652379], [4.571378627105923, 51.971919327988786], [4.571908594293468, 51.97186892625486], [4.574362967570483, 51.97287636558242], [4.5741120042613, 51.973086681405604], [4.578543604512511, 51.97553555953854], [4.57899944449234, 51.97578736092845], [4.578524092499487, 51.97618817786063], [4.577920817007399, 51.97585459724568], [4.577446553050392, 51.97624939494943], [4.574303524390844, 51.9745096377856], [4.573529043849333, 51.97457628313164], [4.570229498425143, 51.97903028816286], [4.578918055167112, 51.98113439573235], [4.577311741293301, 51.98640505379443], [4.579686662434591, 51.98726738194864], [4.578727157481931, 51.98854876687343], [4.579735851758658, 51.988836676142235], [4.578942380788461, 51.98986088808618], [4.594366950518055, 51.99428181110772], [4.5987725138223885, 51.98796882820794], [4.594127857665468, 51.97762961507311], [4.594428136635171, 51.97711778545552], [4.5938403577225495, 51.976777483186126], [4.593740219352628, 51.97608875701754], [4.594181178973153, 51.9754405265039], [4.601807908435631, 51.972140237581], [4.590690310842784, 51.968231956220684], [4.590021656657551, 51.96858107591617], [4.583992173733864, 51.96536906246075], [4.583805471550559, 51.96549187732982], [4.580385269008568, 51.96375889690236], [4.575149158497111, 51.96126724563143], [4.570507908885114, 51.95910000254459], [4.568012742560477, 51.958079982231396], [4.567890870391937, 51.95818684465013], [4.5667952668473175, 51.95788183705469], [4.564366964333495, 51.9599246292531], [4.562052955744733, 51.95887463695013], [4.562898976741415, 51.956864681199555], [4.561587367192285, 51.95665400124163], [4.562405514699174, 51.95472430335451], [4.564063400526315, 51.95080889300318], [4.564604184490435, 51.95034953171611], [4.5674372918520545, 51.94795779746691], [4.572779732121523, 51.94345607806525], [4.570499436248967, 51.94242660811489], [4.567594249719336, 51.941981884989275], [4.560594559694565, 51.9409100728634], [4.562646759350165, 51.936064761682765], [4.562724421876056, 51.93588136163993], [4.5642130298936925, 51.932365766624926], [4.564387290044647, 51.93195417214407], [4.565288460699171, 51.92982569474982], [4.564702604563625, 51.92954708558682], [4.565152985604011, 51.929178883968355], [4.5651552560247275, 51.9289142521748], [4.566239140859406, 51.9259087250477], [4.565995783637837, 51.92573737121706], [4.565688711526397, 51.92555092577533], [4.565777576495244, 51.92506426928263], [4.564551615906697, 51.92363252313837], [4.563185779542194, 51.92282387528341], [4.561452811165079, 51.92217309006133], [4.561524287383442, 51.921874430345085], [4.56088599185327, 51.921662716112436], [4.5577280092798125, 51.92036252378948], [4.556910085187064, 51.91991380949359], [4.556327652478022, 51.92031632785175], [4.552079230354762, 51.91944956852264], [4.545161538266877, 51.919291407287695], [4.537549817823605, 51.91977841057036], [4.537851857754089, 51.919317305164725], [4.540522903788839, 51.91524186513614], [4.53822239070676, 51.91534417915092], [4.538231348935205, 51.9149108984812], [4.537439174907259, 51.91468226819858], [4.537185622439309, 51.914036296983156], [4.538332655940529, 51.911897824971476], [4.539220279561076, 51.91169231600227], [4.540084933979892, 51.90909967188457], [4.541677368602638, 51.90685230175643], [4.542136350965922, 51.90620453312675], [4.543388850459142, 51.9062200323681], [4.5461338261129685, 51.90657786402245], [4.547233280163809, 51.90694640943753], [4.548639583017814, 51.91040149150284], [4.5501013440018765, 51.91437801477428], [4.550336113486359, 51.914861822681516], [4.553996251584592, 51.91661772032635], [4.554256700382939, 51.91650496778879], [4.554025332865285, 51.91477946836874], [4.556496299922118, 51.91480303681304], [4.556716866159848, 51.91211575379818], [4.556828767615016, 51.91038559021831], [4.55555281104486, 51.91054114069166], [4.5510510073495825, 51.90963786545928], [4.55094006930537, 51.9093194525343], [4.551171443166447, 51.90902712201567], [4.550640869598571, 51.90883238533549], [4.549901701739875, 51.906728410554656], [4.549238886915805, 51.9048820509155], [4.555088042460795, 51.90564634509631], [4.5694635468000335, 51.90435072019008], [4.576329070816528, 51.90303147074023], [4.57590623977303, 51.90125241037205], [4.576096174755206, 51.899373594470454], [4.575600064005165, 51.898057351114446], [4.575408182480328, 51.898082462419374], [4.57346820121978, 51.89208481480341], [4.5734642577844165, 51.891638929965254], [4.573149323949596, 51.89121994391107], [4.568906693901432, 51.87832499766101], [4.569146789394254, 51.87818017782452], [4.568912379701092, 51.878051859887805], [4.567738010498149, 51.8781768187358], [4.561526226734761, 51.87821847133144], [4.557846234846156, 51.87691917331159], [4.554873208880973, 51.87555979703043], [4.551912712522199, 51.87469059571572], [4.549253854319902, 51.874200815493424], [4.549383690218462, 51.874027153257785], [4.548185400514737, 51.87383543388741], [4.5439852835339964, 51.87185581974796], [4.543398539338112, 51.871312135027765], [4.542971457681047, 51.87112959005629], [4.5426340892743395, 51.87084492906757], [4.539972098762473, 51.870178616933224], [4.536397375627504, 51.86976415486285], [4.5352958878812775, 51.86933888590937], [4.5320271009685875, 51.86877671717878], [4.529504315002792, 51.86894850806587], [4.526849387114359, 51.86941483193606], [4.526018934526788, 51.8697306068964], [4.522631461432485, 51.86907809499134], [4.515239851155508, 51.86903670818424], [4.515234191972039, 51.869036663900296], [4.4964558160342065, 51.86897107189681], [4.494405726668187, 51.86896912529791], [4.4887529943948135, 51.86734836838544], [4.487175459508349, 51.86717171137534], [4.485694289239019, 51.866570742675194], [4.483543632717465, 51.865905715389104], [4.48170343190727, 51.86543725317538], [4.481525891360519, 51.86543273348406], [4.480728562078599, 51.86526658932745], [4.480088146324441, 51.865276156349836], [4.480402877826305, 51.86232777487349], [4.47186302371029, 51.86166748420379], [4.465228771301107, 51.862018765870964], [4.446475541981663, 51.86605130028874], [4.442149621358613, 51.866245722930636], [4.441020338792004, 51.8659101477227], [4.440240906537881, 51.86641868296891], [4.440240820715005, 51.86641874410082], [4.43653024911645, 51.86857398965216], [4.431736403943999, 51.86980901984632], [4.430227698677667, 51.86940971502249], [4.4283687582091025, 51.870378584519216], [4.4176187834685665, 51.87242157971677], [4.415823717144052, 51.87243681072631], [4.415001356021696, 51.87173679287092], [4.414629564702982, 51.87189265759511], [4.413698947174726, 51.871743581483535], [4.4115010056377475, 51.87163320585409], [4.406300477736454, 51.87299164731222], [4.3948461498413325, 51.872333285361876], [4.390431611623638, 51.87058025937794], [4.388355574295861, 51.86862552149619], [4.388021654048505, 51.8682475846432], [4.386368691702813, 51.86638157878625], [4.384436695779836, 51.86156219340349], [4.384350060896099, 51.86124522104998], [4.3843479685931275, 51.86123755986692], [4.384347957553535, 51.86123750858761], [4.38351257711869, 51.8573703160163], [4.385022018536586, 51.8555323335459], [4.385162370551295, 51.85375974525542], [4.384909494056562, 51.85359939075846], [4.385067497431188, 51.85343203284692], [4.383228823482191, 51.85240267244424], [4.38366475653771, 51.842118686518745], [4.3720892349465865, 51.84334862395593], [4.360779080813368, 51.84646010888407], [4.353630407442885, 51.84905351434731], [4.346272081380156, 51.85328949029817], [4.341555376186319, 51.85709770020574], [4.339718996223054, 51.859384115656866], [4.339652118113826, 51.85946123163729], [4.3355398397563905, 51.86430239182498], [4.2837926105420845, 51.864476682325844], [4.2650315066382, 51.864767504184364], [4.259758798267383, 51.865803536543574], [4.252578180108382, 51.86825972382804], [4.2393836022684175, 51.872986004523554], [4.232970058491216, 51.877485852969606], [4.230029934378294, 51.883063155687026], [4.228998735905089, 51.88568461548907], [4.220067401030026, 51.896066893505925], [4.21590773035354, 51.89893764114561], [4.210704854127112, 51.901338590429084], [4.197099404072833, 51.90830125235883], [4.18537102357946, 51.912885405847305], [4.176772805522644, 51.917789207863166], [4.172712463692245, 51.91854998861542], [4.1723855307067055, 51.91858589724157], [4.168186979014166, 51.91905693084877], [4.16701831921306, 51.92312539405886], [4.1626686058044395, 51.926651853960315], [4.144889661756914, 51.93140938281825], [4.113055442879263, 51.93574061687398], [4.112674698481952, 51.93479839151105], [4.10772353293835, 51.936141504017804], [4.101719378457923, 51.927009233463906], [4.1020024742654, 51.92353047109952], [4.102002273998899, 51.92353035654536], [4.092893508172031, 51.93252783238539], [4.082837053617309, 51.933671278897265], [4.073715745571627, 51.93362831236526], [4.063934700293944, 51.93222689715077], [3.9935268193412266, 51.91584767472226], [3.9899894587036737, 51.91734864875555], [3.9867500792020523, 51.916122709400604], [3.985220074766977, 51.91624740855692], [3.9837930493848672, 51.91809495670759], [3.9760739052798946, 51.934319746232234], [3.9634989625491386, 51.9541974787843], [3.9623853120027723, 51.96154169849692], [3.964819932136118, 51.96688042138394], [3.9772645183253665, 51.980568619055674], [3.9807471748136476, 51.983586324565486], [3.9840737728284434, 51.98514230564778], [3.9966201477089194, 51.98800161702355], [4.004093971554312, 51.989036757479084], [4.010625274410752, 51.98855464361298], [4.023863601748013, 51.985767244200666], [4.028522487263674, 51.9870912019805], [4.032727401829912, 51.98749615423259], [4.041684341054522, 51.98597001028288], [4.0456008649409005, 51.991917163513214], [4.047147007082579, 51.99433604244026], [4.046965959692289, 51.99468475240538], [4.047511394167726, 51.99477775623987], [4.048117265066234, 51.99425909256311], [4.093335736189239, 51.98497927618862], [4.097016350710233, 51.985048042280376], [4.110138618477064, 51.992002953276305], [4.125302484457526, 52.00164037851415], [4.132516857790571, 51.99854258973475], [4.130986880740404, 51.99717913585695], [4.132362913989691, 51.9954598556183], [4.1355667735811865, 51.99270276270863], [4.1386130595569375, 51.99164707005825], [4.150957676955578, 51.98761830798311]]]]}, "properties": {"type": "boundary", "gemeente": "Rotterdam"}}, {"type": "Feature", "geometry": {"type": "MultiPolygon", "coordinates": [[[[4.346904934557638, 52.05705495057244], [4.347256516346292, 52.05630471476972], [4.344691264347359, 52.05393983518192], [4.3526386572063425, 52.04909550495693], [4.352312445697042, 52.04818280848369], [4.349132151005575, 52.04688626669825], [4.346877465647711, 52.04551787784892], [4.346062682230001, 52.044018489079264], [4.346836788630803, 52.04357333818178], [4.346883988176099, 52.042466952704196], [4.35036412913597, 52.03931329559254], [4.353777841617576, 52.03067622895628], [4.354833882653367, 52.030438570145165], [4.357902175838282, 52.02776568702256], [4.357531837588167, 52.027377738826274], [4.357790268060776, 52.02686341860567], [4.357693149975419, 52.02682102961256], [4.355477303249262, 52.025852357955735], [4.355426793731285, 52.02571339805784], [4.3550344369236935, 52.02553039909015], [4.354950325894956, 52.02558060122038], [4.351418457183241, 52.02400334556405], [4.348011952563565, 52.02245684989569], [4.348001872801624, 52.02245381529233], [4.347670303040842, 52.02235164540536], [4.343695464873168, 52.02061697347596], [4.334426352577662, 52.01648137265394], [4.334287292041233, 52.016418226271405], [4.330246018521032, 52.01466622137696], [4.325956264367408, 52.012793464372024], [4.325765933645905, 52.01276639631174], [4.319389382496473, 52.01998809897652], [4.317584542665722, 52.01908700441744], [4.316913743363543, 52.01878525468889], [4.30981928523079, 52.01563419619696], [4.307638612434023, 52.01815153083088], [4.304312939950208, 52.02200211915611], [4.304188786783551, 52.0221478253981], [4.3009314825317375, 52.02593223142619], [4.297905049004081, 52.029447588480174], [4.297890781448754, 52.02946895960005], [4.298616726096931, 52.02982158240661], [4.2917073199006435, 52.04037857437507], [4.290951733694901, 52.04157324792752], [4.2938656851542785, 52.04254069558537], [4.293452937538921, 52.043062906616264], [4.295508948074827, 52.043583306086596], [4.296767251504132, 52.043727912202826], [4.297563034177618, 52.044067911880916], [4.297246981070853, 52.044570311522484], [4.298737126472772, 52.04500954799317], [4.298366764909028, 52.045557408313634], [4.303226189110127, 52.04695660102043], [4.304409669889, 52.04666013328931], [4.309812380909094, 52.04857479361361], [4.310041771335011, 52.04866953715566], [4.313080607885114, 52.050132930395804], [4.316445680725597, 52.05087091600366], [4.321907990612996, 52.05305210384028], [4.3213534669224245, 52.054616778927226], [4.324122349304065, 52.055647827580586], [4.325487390424348, 52.05544158342914], [4.327628249054565, 52.056453115222624], [4.327643080915276, 52.05694328008705], [4.328650951581476, 52.056548971338856], [4.330332650917023, 52.05733573348859], [4.334891969644629, 52.05952377638079], [4.335150655548542, 52.05963144512073], [4.340306892142577, 52.06194719270865], [4.34188077131413, 52.0609780787801], [4.344154623235131, 52.059382265916156], [4.346904934557638, 52.05705495057244]]]]}, "properties": {"type": "boundary", "gemeente": "Rijswijk (ZH.)"}}, {"type": "Feature", "geometry": {"type": "MultiPolygon", "coordinates": [[[[4.384001051347834, 51.954693113159365], [4.388933140459881, 51.94553523316388], [4.389420531080365, 51.94566999720192], [4.389671689402095, 51.94547246893942], [4.39435173470916, 51.94710985446732], [4.395187612752075, 51.946927230654275], [4.394920439248683, 51.946457723394076], [4.393668687304621, 51.94461287311467], [4.3934780681370595, 51.944465284776236], [4.393447708400382, 51.94425972531473], [4.394215753332491, 51.943999699447104], [4.394976832766268, 51.94290896042772], [4.403919945845008, 51.93725288981292], [4.4085173842145435, 51.93863687077819], [4.409316967507423, 51.93798177495284], [4.413207097160498, 51.93905802337787], [4.415491970831925, 51.9407588129268], [4.417712725939929, 51.938476881947444], [4.416414310325353, 51.93815508653321], [4.41476210966426, 51.937374464069116], [4.413262442868025, 51.936816027010565], [4.409810392857048, 51.93633940405648], [4.408978291137711, 51.935784986759266], [4.408808394942837, 51.93474925278755], [4.408172365106217, 51.931414525978674], [4.409874415303474, 51.92911285979308], [4.410496059869942, 51.92929190542717], [4.415234768463277, 51.922970766621766], [4.416861237987659, 51.9231220401253], [4.417054234669146, 51.92082440902748], [4.417064121139268, 51.92042411558656], [4.417076507146052, 51.91994794203252], [4.4163456767989855, 51.91757025141682], [4.415827084377464, 51.91593091975402], [4.415696844869045, 51.91593857924371], [4.415265507584125, 51.914485223720575], [4.413600954445172, 51.9145855853734], [4.4135060783426985, 51.91395312323594], [4.4127389989016725, 51.91391462107328], [4.412209788863115, 51.91323957806282], [4.409075107750383, 51.91205019529402], [4.409541738432526, 51.91041748033808], [4.409999103267116, 51.90985294463439], [4.411346059690842, 51.91027321756463], [4.413445380448728, 51.90767928378292], [4.413297536106632, 51.90728489816339], [4.415676777367408, 51.90502528061463], [4.412338143400057, 51.902421622740285], [4.413710149945923, 51.90075514114323], [4.4097572309907305, 51.89986844350696], [4.409712605389614, 51.899858401030784], [4.39903390359726, 51.89741737044243], [4.393419770340268, 51.89673643065699], [4.388343890294257, 51.89677964282476], [4.380173198920352, 51.89792581980256], [4.372137193190515, 51.899188820200166], [4.370622446567898, 51.89935602115519], [4.369555138197735, 51.903083305517555], [4.369950355156747, 51.90639220221394], [4.369304693489904, 51.908457530871374], [4.369218857903976, 51.90886865613999], [4.367267901509929, 51.91394873103161], [4.367225276833509, 51.914051930856814], [4.366437499687259, 51.91505398958732], [4.3655123247244205, 51.92154650203637], [4.363786633665873, 51.9230963266055], [4.363079322639475, 51.923604033724814], [4.362191680594959, 51.92409559566245], [4.3620164502743926, 51.92527998789887], [4.362001362280933, 51.92538196717247], [4.361949930107074, 51.92572959527141], [4.3618253890682475, 51.926571357434895], [4.363921760053662, 51.92768771976275], [4.363108810881214, 51.93334850120193], [4.362703005599803, 51.93454414573338], [4.362255198246286, 51.93563678679699], [4.362202318043458, 51.935759902540596], [4.3604090514447655, 51.93880015832957], [4.356437294416522, 51.9438052882564], [4.350671096582232, 51.951506587983374], [4.367070975404408, 51.95521999252143], [4.363537763788408, 51.96087429093926], [4.379309330057914, 51.96340669222389], [4.384001051347834, 51.954693113159365]]]]}, "properties": {"type": "boundary", "gemeente": "Schiedam"}}, {"type": "Feature", "geometry": {"type": "MultiPolygon", "coordinates": [[[[4.780379327009763, 51.84663995389353], [4.78814688906453, 51.84493744806488], [4.7954222780957085, 51.84497972471842], [4.802736337557158, 51.846323265356766], [4.8033780690861025, 51.846353404638904], [4.803904810089805, 51.83856616777463], [4.804691566029614, 51.837736295602056], [4.803984549282759, 51.837387080428805], [4.804482120012513, 51.82998356412298], [4.8045002183430965, 51.82976029250074], [4.804574520820592, 51.82893485834026], [4.80499430285197, 51.8232018001161], [4.805077791993988, 51.82301433261067], [4.8050748715129386, 51.82194958728214], [4.806503179244103, 51.82192011084263], [4.808169707193326, 51.82180496855955], [4.811383503651501, 51.82114803932373], [4.811415220054775, 51.81865836806687], [4.797476016390837, 51.81716530240777], [4.789741243131489, 51.81573839440151], [4.785354343201864, 51.815198604090696], [4.778547158262016, 51.81529364216436], [4.772091107422891, 51.815319313152834], [4.76617987422261, 51.81606569991902], [4.7577567924335105, 51.81919148921465], [4.751440198489614, 51.821610933611275], [4.7417643389592685, 51.82222130681506], [4.74169145481919, 51.82221859330733], [4.729638402162153, 51.82216896753634], [4.7337935720565145, 51.82848848952582], [4.7337949835499895, 51.82849079305887], [4.734196148670328, 51.82911360582045], [4.736639870231387, 51.83308955117259], [4.736845251140987, 51.83341777513953], [4.737237778610628, 51.834028653312295], [4.7372432425895905, 51.83403770626478], [4.74141004879127, 51.84077651869119], [4.742763687527146, 51.84100279864851], [4.753792517064402, 51.84450842519329], [4.756175456185678, 51.84496016239673], [4.758675271260972, 51.84440663580925], [4.7613474808901515, 51.843735245435965], [4.765225349213874, 51.84425658698422], [4.766977184388089, 51.84388739069726], [4.77314198607664, 51.84471052113946], [4.7745454129502924, 51.84554312892005], [4.780379327009763, 51.84663995389353]]]]}, "properties": {"type": "boundary", "gemeente": "Sliedrecht"}}, {"type": "Feature", "geometry": {"type": "MultiPolygon", "coordinates": [[[[4.406300477736454, 51.87299164731222], [4.4115010056377475, 51.87163320585409], [4.413698947174726, 51.871743581483535], [4.414629564703092, 51.87189265759501], [4.4150013560216985, 51.87173679287083], [4.415823717144162, 51.87243681072621], [4.4176187834686775, 51.872421579716665], [4.42836875820921, 51.870378584519216], [4.4302276986777755, 51.86940971502249], [4.431736403943999, 51.86980901984632], [4.43653024911645, 51.86857398965216], [4.440240820715005, 51.86641874410082], [4.440240906537881, 51.86641868296891], [4.441020338792004, 51.8659101477227], [4.442149621358613, 51.866245722930636], [4.446475541981663, 51.86605130028874], [4.465228771301107, 51.862018765870964], [4.47186302371029, 51.86166748420379], [4.480402877826305, 51.86232777487349], [4.480548860364518, 51.86101847075391], [4.480581285595449, 51.859509449643646], [4.479871976012102, 51.85892934202529], [4.481272713484217, 51.858561889908614], [4.480287808120129, 51.855148745444424], [4.4829904062119, 51.85409711905222], [4.484165743656867, 51.85363433079551], [4.485730179663232, 51.85303887086069], [4.489875692348831, 51.85142052658069], [4.489665961160675, 51.850821865474515], [4.487268477246147, 51.84860808943249], [4.489700323002131, 51.8467759040324], [4.489570300557496, 51.84549505279907], [4.489604127417426, 51.84406084113393], [4.4922274909348, 51.841444225441954], [4.4897247144927865, 51.84069035544972], [4.4890946879175955, 51.83539554048362], [4.478968716411118, 51.83421403651756], [4.467119800578114, 51.83194382849577], [4.458562497267074, 51.83164542959219], [4.450083323938358, 51.8321735345012], [4.443892836833201, 51.833430669645445], [4.432482634340761, 51.83704631992342], [4.423753080687996, 51.84007329361679], [4.414172687760235, 51.842789317050695], [4.409744323333396, 51.84321934663471], [4.3923820623783065, 51.84205136071118], [4.38366475653771, 51.842118686518745], [4.383228823482191, 51.85240267244424], [4.385067497431188, 51.85343203284692], [4.384909494056562, 51.85359939075846], [4.385162370551295, 51.85375974525542], [4.385022018536586, 51.8555323335459], [4.38351257711869, 51.8573703160163], [4.384347957553535, 51.86123750858761], [4.3843479685931275, 51.86123755986692], [4.384350060896099, 51.86124522104998], [4.384436695779836, 51.86156219340349], [4.386368691702813, 51.86638157878625], [4.388021654048505, 51.8682475846432], [4.388355574295861, 51.86862552149619], [4.390431611623638, 51.87058025937794], [4.3948461498413325, 51.872333285361876], [4.406300477736454, 51.87299164731222]]]]}, "properties": {"type": "boundary", "gemeente": "Albrandswaard"}}, {"type": "Feature", "geometry": {"type": "MultiPolygon", "coordinates": [[[[4.356437294416522, 51.9438052882564], [4.3604090514447655, 51.93880015832957], [4.362202318043458, 51.935759902540596], [4.362255198246286, 51.93563678679699], [4.362703005599803, 51.93454414573338], [4.363108810881214, 51.93334850120193], [4.363921760053662, 51.92768771976275], [4.3618253890682475, 51.926571357434895], [4.361949930107074, 51.92572959527141], [4.362001362280933, 51.92538196717247], [4.3620164502743926, 51.92527998789887], [4.362191680594959, 51.92409559566245], [4.363079322639475, 51.923604033724814], [4.363786633665873, 51.9230963266055], [4.3655123247244205, 51.92154650203637], [4.366437499687259, 51.91505398958732], [4.367225276833509, 51.914051930856814], [4.367267901509929, 51.91394873103161], [4.369218857903976, 51.90886865613999], [4.369304693489904, 51.908457530871374], [4.369950355156747, 51.90639220221394], [4.369555138197735, 51.903083305517555], [4.370622446567898, 51.89935602115519], [4.360034409806984, 51.899431858299614], [4.349797321343373, 51.89767072243809], [4.341070792682418, 51.89534237077053], [4.330956767004423, 51.89410295717114], [4.319596548523141, 51.89457500783678], [4.319447798562596, 51.89458958312343], [4.296372463455613, 51.89705318178007], [4.281886198882213, 51.90015229690012], [4.267571096943374, 51.90533509101248], [4.277052689739482, 51.91124027973731], [4.277121774329749, 51.91128492172656], [4.292610636796405, 51.92123636929456], [4.292953380423372, 51.92146785843266], [4.2950730261451175, 51.922878426031154], [4.3137467001898555, 51.934933182931715], [4.314842710880503, 51.936810174965764], [4.322905661853869, 51.94269824210076], [4.323873106677946, 51.94164005328593], [4.336460162592795, 51.94643451106884], [4.335529694259565, 51.946994014066085], [4.336556106235421, 51.94739705570422], [4.350671096582232, 51.951506587983374], [4.356437294416522, 51.9438052882564]]]]}, "properties": {"type": "boundary", "gemeente": "Vlaardingen"}}, {"type": "Feature", "geometry": {"type": "MultiPolygon", "coordinates": [[[[4.462444356324366, 52.14977726189351], [4.462968769083474, 52.14894555251011], [4.465405464413306, 52.149443422760676], [4.466050625707937, 52.14641661443766], [4.466682035532848, 52.14089112741249], [4.467171354466422, 52.136943678886404], [4.469238692571273, 52.13427609315548], [4.469066380100217, 52.133198845245985], [4.468915566838502, 52.132763607708355], [4.46449232271899, 52.12731162628934], [4.46321191094322, 52.12632630525282], [4.455982149114545, 52.121177728603094], [4.451074987861966, 52.117512553559635], [4.4464420252023915, 52.11337748984821], [4.443142922720359, 52.11158014137282], [4.438993939743589, 52.10992966225367], [4.435744452048828, 52.10740193666687], [4.433578693059463, 52.10415838284101], [4.427902476903428, 52.10147063128201], [4.4237038728228315, 52.10359022987158], [4.42081656580952, 52.10462284532698], [4.4212151845914365, 52.104983676484025], [4.4141578144422695, 52.10750875973525], [4.413074247230509, 52.106633535481755], [4.411378012508936, 52.10728701041824], [4.412047994116557, 52.107971651560604], [4.4011589570794145, 52.111870450593486], [4.413548542803836, 52.12160590021741], [4.413224540141276, 52.12218911299081], [4.4183047318636355, 52.124436277661225], [4.427411911728955, 52.133243659573985], [4.442988460725327, 52.14534631400743], [4.443789441129035, 52.14101376951498], [4.444678046573559, 52.140620399761374], [4.446561955260745, 52.14119375859048], [4.449603896730915, 52.140984852723456], [4.45087233132113, 52.14212941701601], [4.45701956001997, 52.1477893954461], [4.459287200423052, 52.14969724799884], [4.462444356324366, 52.14977726189351]]]]}, "properties": {"type": "boundary", "gemeente": "Voorschoten"}}, {"type": "Feature", "geometry": {"type": "MultiPolygon", "coordinates": [[[[4.646903558738904, 52.06428035145851], [4.659150121811013, 52.06400630309367], [4.659147284709628, 52.06401808815403], [4.659967250492324, 52.064104660373346], [4.664023601725777, 52.05770542532399], [4.666964175632148, 52.0576277679654], [4.669699430372242, 52.055505041785445], [4.669000916079313, 52.05234196028575], [4.679803585629066, 52.05207291238245], [4.679542719746959, 52.051246731800894], [4.677310994323195, 52.043971521174086], [4.6870589865483385, 52.043836553580356], [4.6873992651869525, 52.0430856392115], [4.705105644173039, 52.04028321920086], [4.706038988986249, 52.04012021077859], [4.701737387292849, 52.03785651616576], [4.69970134428594, 52.036914790211384], [4.694970043664694, 52.03441965795338], [4.691896128007894, 52.03298525915928], [4.6858472196398395, 52.030264357051045], [4.680540828660047, 52.02798175701598], [4.6790810794069, 52.0281914930376], [4.6672783854335895, 52.025078794191394], [4.66776968873289, 52.024519163941825], [4.670380020875487, 52.022835661418625], [4.673647298022415, 52.02259979348306], [4.6796710966, 52.02115774112954], [4.681822536478944, 52.01930797981404], [4.675574254205192, 52.017675370330615], [4.666605898923448, 52.012971078636106], [4.664791461886018, 52.014524340932695], [4.664716055612511, 52.01648520957833], [4.667302654766359, 52.01924562867166], [4.6677671163051135, 52.0214898566155], [4.6673719017877735, 52.022646522651264], [4.663770550047707, 52.022008042324195], [4.66279964301906, 52.02398471370699], [4.6568427507241825, 52.02205133838814], [4.65518414312506, 52.02101635097414], [4.653051642609529, 52.021344628725195], [4.648812055355831, 52.020575992338145], [4.648424582696125, 52.0189869279443], [4.636801831754824, 52.01168029360478], [4.624735023395552, 52.01472240913735], [4.596951713580428, 52.03154665934536], [4.591088829295764, 52.0350876438834], [4.607333994182058, 52.04531226831008], [4.606272155781253, 52.045949367376906], [4.610223777346372, 52.04626758286388], [4.610821983461287, 52.04823374967827], [4.6109468599952415, 52.04871112347818], [4.60804629876168, 52.049116793348304], [4.605528567839546, 52.050438579108466], [4.608405462856492, 52.062944499309786], [4.608073777345829, 52.06544130321844], [4.607426663081845, 52.06552672470205], [4.607023335406953, 52.07704601591232], [4.625319954667269, 52.07644346268371], [4.625306752933738, 52.074447444443585], [4.636880717806623, 52.07353189352958], [4.637624228353694, 52.06801043294935], [4.638224639010034, 52.06482387987924], [4.64686017845372, 52.06428302331881], [4.646903558738904, 52.06428035145851]]]]}, "properties": {"type": "boundary", "gemeente": "Waddinxveen"}}, {"type": "Feature", "geometry": {"type": "MultiPolygon", "coordinates": [[[[4.40411181132051, 52.1684056401185], [4.405093598427727, 52.16762125561011], [4.409318768747883, 52.1693425876852], [4.411594743261028, 52.16347971386118], [4.413193314277268, 52.163791393238974], [4.414763833891297, 52.16245520630992], [4.4177860131663405, 52.16147806889045], [4.419771229803023, 52.16234487169963], [4.425973745953014, 52.1592303492672], [4.4315484709764945, 52.15836768534066], [4.440478012509527, 52.155653524819954], [4.439232314378494, 52.15470801080117], [4.438865008633207, 52.15326502447914], [4.441371482163138, 52.149499031324666], [4.443939237167037, 52.14604179179565], [4.442988460725324, 52.14534631400753], [4.427411911728846, 52.133243659573985], [4.4183047318636355, 52.124436277661225], [4.413224540141168, 52.12218911299078], [4.413548542803836, 52.12160590021741], [4.401158957079304, 52.11187045059348], [4.389310053972108, 52.103922085600814], [4.372709157151121, 52.09477302274598], [4.370072850317591, 52.09606464227747], [4.364405607558632, 52.10080599195582], [4.363308869567204, 52.101803905314796], [4.358831206991382, 52.105527502424124], [4.358486414534274, 52.105759414139165], [4.34374333213849, 52.098108996571064], [4.342318002244333, 52.09748229656665], [4.341361914715812, 52.09834294602309], [4.338573252321914, 52.097435264318435], [4.337252806511118, 52.09876996844648], [4.327388904410211, 52.095657830112415], [4.323289478447569, 52.09921041384755], [4.332264140630657, 52.1030405471517], [4.330434381393205, 52.104261681910145], [4.333060269913891, 52.105731248439184], [4.328942024986831, 52.10920996923009], [4.328835703078865, 52.109287819274236], [4.302636419860642, 52.12852065665357], [4.33161104111564, 52.14998088805299], [4.350098098249917, 52.165659181018135], [4.357369541524991, 52.17181620676783], [4.374432857640403, 52.18687430637201], [4.392277644899431, 52.17507738520892], [4.395090507704869, 52.17460616379618], [4.400079324413542, 52.17138191192618], [4.403220132744884, 52.1689578118718], [4.40411181132051, 52.1684056401185]]]]}, "properties": {"type": "boundary", "gemeente": "Wassenaar"}}, {"type": "Feature", "geometry": {"type": "MultiPolygon", "coordinates": [[[[4.510126665639761, 52.090028292014175], [4.513134189355292, 52.088445373398876], [4.514267162525823, 52.088587356390676], [4.530554912977692, 52.08051090152457], [4.530103252162217, 52.0800822735948], [4.536019109213313, 52.0769080962599], [4.534180316878031, 52.075563863954386], [4.533903930198265, 52.07521530916463], [4.535167786559208, 52.07446335316962], [4.533694635619659, 52.07305129020545], [4.553209420999572, 52.063831642949324], [4.552771311266506, 52.06330791982143], [4.557179828220582, 52.0612395298941], [4.54934237907229, 52.054744640189654], [4.547546217906025, 52.05036985301555], [4.545078962401716, 52.048861209041924], [4.534332341874226, 52.049407928483035], [4.522593886531535, 52.043399508873655], [4.518995311126186, 52.04138421513283], [4.512072137864104, 52.036825355354736], [4.507059830379535, 52.032825519160234], [4.504708768136639, 52.03193093631093], [4.495378409837854, 52.031906807433465], [4.47738399166491, 52.031791718023214], [4.477680521601343, 52.03139496935556], [4.477027439798651, 52.03128071987482], [4.476705665346509, 52.031642288092], [4.47280399196739, 52.03802464384072], [4.4725307372371255, 52.03797257189543], [4.471955301698055, 52.039030831887466], [4.471618734456443, 52.0389968901324], [4.470743244062404, 52.04047785485128], [4.45893169448895, 52.03885397708962], [4.457643400231068, 52.038618799099375], [4.456994326290998, 52.03967236268551], [4.456437608678313, 52.039541925407434], [4.450563744484375, 52.04921036708402], [4.438043879573028, 52.050283873229716], [4.438043496796587, 52.050283907488726], [4.425830931871829, 52.051469638456226], [4.422072091072254, 52.05167328695672], [4.415394335047247, 52.057441561548394], [4.422430741000265, 52.05732969342269], [4.420423670625276, 52.06210137791635], [4.420832214633236, 52.06258028305129], [4.4216849323061345, 52.062886128469984], [4.421403900177955, 52.06330369398613], [4.455165819485911, 52.07818201031928], [4.45675180754279, 52.078815076455975], [4.475659615440682, 52.081296533911484], [4.47427451510216, 52.08526091444933], [4.493017881782976, 52.087752147118614], [4.4922187524623585, 52.09001000702709], [4.4978057028989, 52.08783778987079], [4.499367597666905, 52.088460083638246], [4.498907846447255, 52.0894280010989], [4.49996687298871, 52.09165544151056], [4.504449456572129, 52.09329056913578], [4.510126665639761, 52.090028292014175]]]]}, "properties": {"type": "boundary", "gemeente": "Zoetermeer"}}, {"type": "Feature", "geometry": {"type": "MultiPolygon", "coordinates": [[[[4.542948702905085, 52.1212350835489], [4.541905175483666, 52.11866046922677], [4.535322665296818, 52.120432763081105], [4.536502105433361, 52.10195773098995], [4.537134418314583, 52.08394614413416], [4.534571021757025, 52.083496397424845], [4.530554912977802, 52.08051090152447], [4.5142671625259325, 52.088587356390676], [4.5131341893554024, 52.088445373398876], [4.510126665639871, 52.090028292014104], [4.504449456572129, 52.09329056913578], [4.499966872988819, 52.09165544151056], [4.498907846447367, 52.08942800109881], [4.499367597667014, 52.088460083638246], [4.497805702899009, 52.08783778987079], [4.4922187524623585, 52.09001000702709], [4.490413549599536, 52.09785866433055], [4.484646826096405, 52.10358842709304], [4.4708258026155825, 52.117708508579675], [4.472975436909202, 52.11895201844633], [4.487519985904807, 52.12741014101089], [4.491952900902784, 52.129011367038025], [4.4965617497582295, 52.13145042175943], [4.497969596291075, 52.13216412597597], [4.513099412215362, 52.139917132203564], [4.5132125527678415, 52.139974612853926], [4.510676508692583, 52.140866307024666], [4.515986564788195, 52.144694352584985], [4.524037525517097, 52.14739829666863], [4.524666895510636, 52.14633765082358], [4.527783554107722, 52.14323748374901], [4.530795947209204, 52.14186328963055], [4.537268436782571, 52.14095787960977], [4.544547870643157, 52.140731533994874], [4.550732844718224, 52.1383806205886], [4.5491399504190575, 52.137593301707035], [4.550302949892198, 52.136758534238865], [4.546306992122394, 52.13402152256919], [4.546058042708732, 52.133356977439455], [4.547620369452727, 52.13231035812424], [4.545190126883247, 52.129204438652216], [4.545160029049883, 52.12916789976486], [4.540640795456505, 52.12156255589224], [4.542948702905085, 52.1212350835489]]]]}, "properties": {"type": "boundary", "gemeente": "Zoeterwoude"}}, {"type": "Feature", "geometry": {"type": "MultiPolygon", "coordinates": [[[[4.632715440637932, 51.82694170636494], [4.637267283314206, 51.82539443492952], [4.639853586227061, 51.82634850012475], [4.642878424938456, 51.826502037715414], [4.64400405207975, 51.82752885989561], [4.646388285456015, 51.827758044562536], [4.653440239125105, 51.82945058553348], [4.659891764939412, 51.83105816386712], [4.65993661274686, 51.83106913999174], [4.661885890109762, 51.83160804063915], [4.6662975689300765, 51.826803880819064], [4.669692352669894, 51.82417091714989], [4.670438858893275, 51.82358933948505], [4.671708685579418, 51.82085421222935], [4.671376103035775, 51.820845758153816], [4.668392054167055, 51.8205467999878], [4.664442448913619, 51.81948253107563], [4.663248813228139, 51.81902709724066], [4.65858439646297, 51.81669094360074], [4.656458553070616, 51.81550887793658], [4.656316673056895, 51.815429982861716], [4.6547474718096815, 51.814444881247965], [4.65079209741328, 51.81151319519587], [4.650545246185762, 51.811316114350156], [4.648071082799936, 51.80927800118225], [4.641957784814273, 51.805710209121806], [4.632178852715992, 51.802131332946274], [4.621221587744064, 51.8008039476897], [4.597775710152246, 51.80629598768234], [4.5968760925142265, 51.80643166917945], [4.583083648191962, 51.807479985843734], [4.578295298743598, 51.80835525420555], [4.569631822507664, 51.81130853686248], [4.56674361093073, 51.81282918014815], [4.564462313951242, 51.8143301782096], [4.560725918487202, 51.81873554712804], [4.559300636314086, 51.82313869791726], [4.556345721036389, 51.8278318372929], [4.5536090950631545, 51.82989687373874], [4.557249804306776, 51.83389744066577], [4.558912333083012, 51.83624240164708], [4.558636178288292, 51.83683547066923], [4.5600138728869215, 51.83879122922561], [4.5638337683223185, 51.84094369451798], [4.569036137696949, 51.844849256360135], [4.571058949048925, 51.84711671777207], [4.585362522469387, 51.84251465513574], [4.594684572335922, 51.840283111028], [4.600155315133888, 51.838730096357075], [4.614258325176017, 51.83356336690856], [4.622367253427067, 51.830650971557986], [4.632715440637932, 51.82694170636494]]]]}, "properties": {"type": "boundary", "gemeente": "Zwijndrecht"}}, {"type": "Feature", "geometry": {"type": "MultiPolygon", "coordinates": [[[[4.530476472425826, 52.23269619282484], [4.531422664020701, 52.2323739922752], [4.531434703383511, 52.232383562064115], [4.533567622443391, 52.23172001235305], [4.534673582391586, 52.23137647704649], [4.535072381820593, 52.23125456505496], [4.539357977186484, 52.229799468653255], [4.543568952948225, 52.226803405105656], [4.553225162147411, 52.222332984465744], [4.553933367633426, 52.222205874044356], [4.556614739127381, 52.21927350534955], [4.558432520204752, 52.21879899631682], [4.55690787839867, 52.21641520070356], [4.557825508852037, 52.215067417244796], [4.555373445466762, 52.21401582002467], [4.554284241607431, 52.21231247259806], [4.558954007053696, 52.21024203108249], [4.558090075758958, 52.208521451993256], [4.558268919467283, 52.205761015798515], [4.5606858542457696, 52.20477949501254], [4.560520644897656, 52.203658725976965], [4.5616613189178326, 52.20363987570914], [4.559553924484674, 52.20196186598705], [4.559649572100301, 52.200497711029506], [4.558141932188053, 52.20036739829812], [4.555577597110043, 52.20014570548014], [4.555571327505563, 52.19971035886513], [4.5552686348123785, 52.19969769328952], [4.5551999912844865, 52.19961280086121], [4.555358554509671, 52.19944204442982], [4.555566942087109, 52.19940585775221], [4.555564024437724, 52.19920324443713], [4.556663594816517, 52.198818106394796], [4.55680755494779, 52.19850273160811], [4.556866385738155, 52.19800713093243], [4.557154621397342, 52.19774239983665], [4.554045588705202, 52.19758260516584], [4.554128976875136, 52.198342496308214], [4.5492969465270265, 52.19836228970663], [4.549374659340521, 52.198938198991236], [4.546767060957547, 52.19897607842565], [4.5452549656520205, 52.19408945859594], [4.5444802758200336, 52.19221789737784], [4.544518982999775, 52.19152196723396], [4.543000654823499, 52.1881196642649], [4.543662342138748, 52.18739436925328], [4.538153204762905, 52.18008518715891], [4.528177353945669, 52.17985128488428], [4.518368243561997, 52.18211677753106], [4.517207556040385, 52.182719103301295], [4.5085249357918995, 52.18397376862014], [4.503545998409644, 52.18462183517697], [4.5016331872938125, 52.18426487419481], [4.498341863760292, 52.183994100743234], [4.497561805667019, 52.1839831859271], [4.495255616878605, 52.18393939145791], [4.494898751327245, 52.18255059911791], [4.494128627550346, 52.182046064270374], [4.494328916329009, 52.181670373925], [4.492894553968295, 52.181541380516656], [4.492768876988772, 52.181283674657514], [4.491430369171166, 52.18095186703796], [4.489524790687977, 52.181698695225386], [4.491208387672519, 52.18475474090688], [4.490967841156211, 52.18656534998231], [4.490902699956714, 52.18666623763386], [4.48809147496231, 52.189493286654525], [4.4880118192291185, 52.19097086803483], [4.489957271545256, 52.19266503042037], [4.493340156907877, 52.19485965332436], [4.493108512870754, 52.19575496435716], [4.492240235844419, 52.20129812499794], [4.491446649959318, 52.20368771557791], [4.490611818292324, 52.20343095537729], [4.489851596542357, 52.20397810470023], [4.48803194690163, 52.20292347653106], [4.4867159991583465, 52.2041792982579], [4.484353244300136, 52.2030109378614], [4.480130540493321, 52.201980201443796], [4.478664765812233, 52.20466911252205], [4.476247675345099, 52.20322629611744], [4.472825208940469, 52.20265685340846], [4.471378443417379, 52.201570760417425], [4.470239733048201, 52.20226770325927], [4.467659443805375, 52.20193348232858], [4.4663069002678375, 52.2005494225958], [4.463470944293405, 52.200202077033445], [4.460416818142786, 52.202199591633], [4.462674159633374, 52.20341202106874], [4.460642727639148, 52.20480349759566], [4.45564801337079, 52.207030477455916], [4.4586240918890985, 52.20824309717049], [4.459594933417473, 52.209240962773876], [4.4623315281080265, 52.21055088292028], [4.462510577592228, 52.21176054092346], [4.465747883152884, 52.213143390585095], [4.466175238008774, 52.214188324584725], [4.46408150329535, 52.21596480292819], [4.470357591560247, 52.21981313631126], [4.470703773756913, 52.22176297606193], [4.466984782938872, 52.223786280435206], [4.4660654556424255, 52.22500315660297], [4.468491168998673, 52.226619711265975], [4.477491646538036, 52.232450126808665], [4.479974001451193, 52.234119651663185], [4.494919122847713, 52.24418025357544], [4.495927666475715, 52.24486439236572], [4.497662342732401, 52.24603360341545], [4.501415862115516, 52.24856173992985], [4.513494654047478, 52.25499180732614], [4.517877484183474, 52.25273114613623], [4.521475415448755, 52.24953974056065], [4.52659375681902, 52.24725317622394], [4.525177953735217, 52.24623568269323], [4.525889715619027, 52.2457760855725], [4.524087736370842, 52.244377557073875], [4.52773790417551, 52.24240962621379], [4.527827416491256, 52.242061947056065], [4.530050300095035, 52.241162784476536], [4.528625479831387, 52.24027567502979], [4.528915254856184, 52.240066180554706], [4.52741604521887, 52.23916000890479], [4.529092044813245, 52.23832639932637], [4.529471409686886, 52.2381377030799], [4.52506437537328, 52.23592299728702], [4.524914576144141, 52.23557241518788], [4.527776345257292, 52.2338922963227], [4.52992614162569, 52.232949936190444], [4.530468157571985, 52.23269992554407], [4.530476472425826, 52.23269619282484]]]]}, "properties": {"type": "boundary", "gemeente": "Teylingen"}}, {"type": "Feature", "geometry": {"type": "MultiPolygon", "coordinates": [[[[4.565042517498296, 52.058569553093854], [4.561059097276784, 52.04206107182239], [4.563304213774454, 52.03827724178151], [4.563456601226909, 52.03577720643834], [4.560139710551796, 52.03319012010351], [4.559346762720016, 52.03140759226619], [4.5582173924595075, 52.02890868109488], [4.556776382286771, 52.01840096503807], [4.557118847308008, 52.01393663098231], [4.554874576967055, 52.00594883189976], [4.553443969894025, 52.00392418658147], [4.5498930860102575, 51.99574679498365], [4.547004915100311, 51.99394311560812], [4.548387399086728, 51.99255756314947], [4.546338787926786, 51.9915143862125], [4.546909126026089, 51.99022857221798], [4.547393185422582, 51.988746463229525], [4.548417525331005, 51.9849572896014], [4.548161800431066, 51.98329446044207], [4.550885342259487, 51.98187383020907], [4.551991485883341, 51.97886950194617], [4.553760163789418, 51.97704130024958], [4.551934376412057, 51.97473756648423], [4.547685955789134, 51.972806790871424], [4.545651593255811, 51.97231973111354], [4.539951066546296, 51.969885317237235], [4.535782042336688, 51.97044802095697], [4.534984830708163, 51.968272480162604], [4.5287596449024585, 51.9670238212891], [4.5278214343759275, 51.96565887671901], [4.5236535146114765, 51.963925107888784], [4.520946362563164, 51.96340812273717], [4.5185862702792265, 51.96028647006862], [4.513900472170704, 51.96265395025167], [4.51310304552293, 51.962921884965866], [4.512246619296776, 51.96242060265069], [4.50584391544124, 51.96565222697448], [4.506584223093333, 51.966375964649565], [4.496856901138913, 51.971306039364784], [4.4957994037581575, 51.97184468667282], [4.49523381696215, 51.96741519514886], [4.491006605602919, 51.9695498711145], [4.483251493288555, 51.97336252035361], [4.4705578507141785, 51.979779732840974], [4.469515548168262, 51.98030081663776], [4.46901187988031, 51.98054932361734], [4.468971358661245, 51.9805288376584], [4.468874604734689, 51.980479897738626], [4.469450898354171, 51.980187664590794], [4.466679966002793, 51.9784984812609], [4.465802427947424, 51.97892987432289], [4.464124351666176, 51.97830717644123], [4.4632407396567775, 51.977526674337234], [4.464022886794385, 51.97714783108763], [4.461676099199563, 51.975122115919824], [4.461346249438218, 51.97483737878337], [4.462220309459442, 51.97268158292063], [4.460161119666892, 51.97160893328109], [4.4603744573100785, 51.96910160815833], [4.4568243142336055, 51.96731116839044], [4.450882890262062, 51.9658850710903], [4.446681895291532, 51.962786138052], [4.428968223563855, 51.97587621573424], [4.427898210463058, 51.976466563295354], [4.4244461584186165, 51.979611109179295], [4.447247686140568, 51.992409165619286], [4.450569037200427, 51.99569730310271], [4.4508009999695695, 51.9958803317085], [4.452812884900916, 51.997226757866756], [4.451386969161378, 51.998138330955456], [4.449775638660541, 52.000502877995515], [4.451930065225731, 52.00083792848871], [4.458727811236136, 52.002209336790266], [4.4588681445316265, 52.0046656587135], [4.457042231583707, 52.00494388338698], [4.4553506808688725, 52.00642498111059], [4.456390392454823, 52.008512976010806], [4.461561326991349, 52.0126515409995], [4.458392563957111, 52.01602315064376], [4.4594377533741945, 52.01704559095868], [4.458110542537678, 52.01852783866482], [4.457198875220818, 52.022169001449065], [4.457353980692403, 52.02226070092676], [4.457960274110526, 52.02235419815524], [4.460568446845295, 52.023208358928336], [4.4613037652589576, 52.02388868755542], [4.463040575529778, 52.02421477143452], [4.463470010739966, 52.02422277119189], [4.464489360596665, 52.02463142881495], [4.46717495442698, 52.02535375505717], [4.467992122971719, 52.025787008294444], [4.4681076846564824, 52.026490227303725], [4.476705665346509, 52.031642288092], [4.477027439798759, 52.03128071987482], [4.4776805216015045, 52.03139496935556], [4.477383991665023, 52.031791718023115], [4.495378409837966, 52.031906807433366], [4.504708768136748, 52.03193093631092], [4.507059830379535, 52.032825519160234], [4.512072137864104, 52.036825355354736], [4.518995311126186, 52.04138421513283], [4.522593886531535, 52.043399508873655], [4.534332341874226, 52.049407928483035], [4.545078962401716, 52.048861209041924], [4.547546217906025, 52.05036985301555], [4.54934237907229, 52.054744640189654], [4.557179828220582, 52.0612395298941], [4.557808577705021, 52.061741325559424], [4.565042517498296, 52.058569553093854]]]]}, "properties": {"type": "boundary", "gemeente": "Lansingerland"}}, {"type": "Feature", "geometry": {"type": "MultiPolygon", "coordinates": [[[[4.187483418078663, 52.052116408966356], [4.189565218089605, 52.05149778092792], [4.191736441913896, 52.05219166029059], [4.1963404323868465, 52.0556609059118], [4.20411639626336, 52.04472693723614], [4.204163938817212, 52.04467007000793], [4.209037154326403, 52.03827438921438], [4.212434288695138, 52.03403308918444], [4.209584460417503, 52.03365471836764], [4.21225500161137, 52.03075239125502], [4.213734229768039, 52.03168660363223], [4.219226674857083, 52.033736826049946], [4.228325763423363, 52.034642095182136], [4.23505399300046, 52.03925644101374], [4.241415382665928, 52.03194963768129], [4.244294602701215, 52.0288455393245], [4.244808091589437, 52.028731169403], [4.248217102765858, 52.02522587441694], [4.254891605148508, 52.02828969965228], [4.256376643581523, 52.028348026292534], [4.25913279791315, 52.029571078551335], [4.266645381564108, 52.03300636452706], [4.272662722174869, 52.03591732652841], [4.272973420014329, 52.03551865172982], [4.275895466942343, 52.03155817026323], [4.277896847777271, 52.032468496982084], [4.281741557841837, 52.027368365168265], [4.282800416420773, 52.02762638420173], [4.283474856699603, 52.026700405021074], [4.28524989644943, 52.0274225114846], [4.285883887479161, 52.02648101723951], [4.2850467160941825, 52.02626787022242], [4.285650345556833, 52.02591387145354], [4.285146309241834, 52.02561791319601], [4.288254581788123, 52.0237578006875], [4.286773441419239, 52.02296759278731], [4.286999353102826, 52.02286913621336], [4.294344607003556, 52.01935880817626], [4.289736716059501, 52.017647627916276], [4.295512163487993, 52.01484856377018], [4.298614525344851, 52.01687701563962], [4.301075389709326, 52.01786911314494], [4.30266408413205, 52.01648820330634], [4.307638612434023, 52.01815153083088], [4.30981928523079, 52.01563419619696], [4.307588840812189, 52.014693289735504], [4.281464449639763, 52.0029160419827], [4.273117202503955, 51.999249886011164], [4.265245131954257, 51.99583616671158], [4.267252395025746, 51.993583826280684], [4.269815034327713, 51.992893598001515], [4.271116531874499, 51.99224676064152], [4.271894169105729, 51.9928916128608], [4.280321542058738, 51.990347428054], [4.28033286557284, 51.98974137248826], [4.280355313892038, 51.98853980244513], [4.284089855375966, 51.9856409326026], [4.2875369778035815, 51.989015908067984], [4.288683686035507, 51.988825233904016], [4.290192542628427, 51.98739654752795], [4.290489268159989, 51.98663366046083], [4.291913221694302, 51.9829722673951], [4.293313621650582, 51.983207742705034], [4.295629338111882, 51.98359708520659], [4.295986556178919, 51.98265547724047], [4.296324462341365, 51.981764736992695], [4.298781391333617, 51.982161200701015], [4.299270755063562, 51.98111382075854], [4.300702770051188, 51.981162456429544], [4.301816137848103, 51.98120025738506], [4.302900676468914, 51.98009159964658], [4.302690570320481, 51.979695524727646], [4.298253001861473, 51.97746389703587], [4.2959806224657555, 51.97753272578684], [4.287553267208604, 51.97335529075722], [4.289302869372164, 51.971910408838404], [4.28509133833502, 51.969889492659256], [4.284127255910084, 51.97062653394282], [4.282317000404574, 51.969787991838196], [4.280314825763828, 51.97145131284517], [4.278160848735559, 51.97043307933905], [4.274686078889151, 51.97339608121874], [4.273224499754882, 51.97364292566852], [4.271949278976648, 51.97161430883518], [4.272464463474577, 51.97025588680783], [4.271455564993896, 51.96985979542876], [4.2765371857659185, 51.96505387371009], [4.263448323525685, 51.96009346930786], [4.2582677224409755, 51.958965171664765], [4.253628810320495, 51.95886661058333], [4.233957256603835, 51.95333124748656], [4.233532395051281, 51.952670892137256], [4.234099109360096, 51.94973520305463], [4.239398283834043, 51.944636675900504], [4.239722051864466, 51.94446912819126], [4.241257749824433, 51.943674386732354], [4.240316972343349, 51.942871969985774], [4.236940861194595, 51.94392952259633], [4.23191953285156, 51.94295446576854], [4.231766872918139, 51.9429222051703], [4.228291163979706, 51.94799079452292], [4.221453380051199, 51.942668462124765], [4.21952868847604, 51.941399526016504], [4.217823634007171, 51.94163651990262], [4.192395947632096, 51.954805794422704], [4.186723733902688, 51.96267577403847], [4.189369355035088, 51.9647577165858], [4.191196009910195, 51.965444703706325], [4.1906086916287055, 51.96598147969976], [4.187917841759433, 51.96539163803104], [4.186579969107333, 51.96586894399187], [4.187474470774343, 51.96681757979551], [4.175898038277569, 51.97169365678971], [4.169605257745116, 51.973973177617474], [4.155062349222723, 51.97783792531266], [4.155303096150085, 51.979599810951996], [4.147280441578191, 51.981393144215865], [4.149954453788849, 51.98481037073193], [4.148941854253504, 51.98509394843188], [4.150957676955578, 51.98761830798311], [4.1386130595569375, 51.99164707005825], [4.1355667735811865, 51.99270276270863], [4.132362913989691, 51.9954598556183], [4.130986880740404, 51.99717913585695], [4.132516857790571, 51.99854258973475], [4.125302484457526, 52.00164037851415], [4.137401892969108, 52.009890924930815], [4.1527393682697795, 52.02222142917379], [4.160586405890364, 52.02882872566231], [4.168188201399449, 52.033992602457346], [4.175480267052162, 52.04154539823095], [4.187647498319254, 52.05644968114821], [4.189178774062676, 52.05546714805909], [4.187483418078663, 52.052116408966356]]]]}, "properties": {"type": "boundary", "gemeente": "Westland"}}, {"type": "Feature", "geometry": {"type": "MultiPolygon", "coordinates": [[[[4.319389382496473, 52.01998809897652], [4.325765933645905, 52.01276639631174], [4.325956264367408, 52.012793464372024], [4.326059350922819, 52.012500215394574], [4.325624222167667, 52.012322598140585], [4.325321883805758, 52.01219922420099], [4.325995412149466, 52.011621193595424], [4.325329448127523, 52.011315489698944], [4.325397131233042, 52.01110178167844], [4.325470736922816, 52.01086937083359], [4.3252681765940535, 52.01077518288313], [4.324374505304051, 52.01058342898], [4.3243715480978535, 52.01053062675458], [4.324366338670467, 52.01043760984313], [4.320635752786761, 52.009322160462986], [4.321490072502592, 52.00846361520043], [4.32021775442357, 52.008065566140964], [4.323244423528889, 52.00433570950498], [4.326346276429764, 52.00529289951201], [4.32623685082273, 52.00542803705728], [4.325759746127105, 52.006017237167526], [4.326504521863282, 52.00624343306172], [4.326547902842654, 52.00614651958421], [4.327740311413879, 52.00640490306004], [4.328069949641292, 52.00609711043276], [4.328259562781736, 52.00592006088593], [4.331311807460237, 52.00728025627791], [4.3326557073150225, 52.00788296047656], [4.336370864868329, 52.00475328352639], [4.338453239363469, 52.005690842642956], [4.339037636621119, 52.00504802397414], [4.341097258784857, 52.002782832868235], [4.34114250730651, 52.00271045145063], [4.335834292343543, 52.001055393094695], [4.337716865957948, 51.99880260581226], [4.33474629282155, 51.99834670683024], [4.333348305988725, 51.99792129510211], [4.333244416215784, 51.998116178625416], [4.331524988833052, 51.99785223212013], [4.332813918585825, 51.995553373201794], [4.333109511595598, 51.99317183773625], [4.325732299762183, 51.99195125639651], [4.324111870943472, 51.989858624967574], [4.328487579091647, 51.985702024000304], [4.332042062224048, 51.984067911060166], [4.332723543450025, 51.980456648551105], [4.338227196876548, 51.97417770819419], [4.343134258683702, 51.975674800539984], [4.345068790958475, 51.97541935138149], [4.356625799536604, 51.977296268525585], [4.357376289640859, 51.97549263264793], [4.358571584744186, 51.97565791116017], [4.358831554801547, 51.97502015387157], [4.357656399164108, 51.97481941437668], [4.358203747342355, 51.97350384837441], [4.359306916298617, 51.973693363362344], [4.359478902272492, 51.97328040223938], [4.358368688366076, 51.97310739168878], [4.358536030756336, 51.97270515800798], [4.359700941680133, 51.97287295679979], [4.359880492472036, 51.972457292641224], [4.358720825688725, 51.972260964222656], [4.3595401124575694, 51.97013541818947], [4.3681737373589415, 51.971581785605494], [4.369175347357226, 51.96887050099086], [4.375752230145532, 51.97014764633621], [4.386302788912877, 51.97221409677293], [4.383622408819442, 51.9758159012758], [4.393809735633664, 51.977503519830535], [4.39421719015298, 51.97632688096347], [4.396173867668019, 51.97608021040822], [4.396745672950613, 51.974180832042116], [4.3977229568402, 51.974333704548876], [4.402933291367957, 51.96631640729992], [4.393987368872436, 51.96263159760265], [4.391751832251183, 51.964921124805066], [4.389947288185332, 51.964601791247425], [4.389779289426309, 51.96512647790691], [4.379309330057914, 51.96340669222389], [4.363537763788408, 51.96087429093926], [4.367070975404408, 51.95521999252143], [4.350671096582232, 51.951506587983374], [4.336556106235421, 51.94739705570422], [4.335529694259565, 51.946994014066085], [4.336460162592795, 51.94643451106884], [4.323873106677837, 51.94164005328594], [4.322905661853757, 51.94269824210089], [4.3148427108805, 51.93681017496586], [4.313746700189854, 51.93493318293182], [4.295073026145008, 51.922878426031154], [4.292953380423263, 51.92146785843266], [4.292610636796405, 51.92123636929456], [4.272695679512079, 51.92354096898317], [4.270682548770155, 51.923533124904594], [4.266128105145583, 51.925302063387704], [4.264272108320465, 51.92546816582007], [4.261419805621254, 51.926780678123606], [4.260521822675776, 51.927306738120976], [4.259401787126741, 51.928003873683444], [4.253094457445325, 51.9327328809188], [4.241775123070149, 51.94179587964066], [4.240316972343349, 51.942871969985774], [4.241257749824433, 51.943674386732354], [4.239722051864466, 51.94446912819126], [4.239398283834043, 51.944636675900504], [4.234099109360096, 51.94973520305463], [4.233532395051281, 51.952670892137256], [4.233957256603835, 51.95333124748656], [4.253628810320495, 51.95886661058333], [4.2582677224409755, 51.958965171664765], [4.263448323525685, 51.96009346930786], [4.2765371857659185, 51.96505387371009], [4.271455564993896, 51.96985979542876], [4.272464463474577, 51.97025588680783], [4.271949278976648, 51.97161430883518], [4.273224499754882, 51.97364292566852], [4.274686078889151, 51.97339608121874], [4.278160848735559, 51.97043307933905], [4.280314825763828, 51.97145131284517], [4.282317000404574, 51.969787991838196], [4.284127255910084, 51.97062653394282], [4.28509133833502, 51.969889492659256], [4.289302869372164, 51.971910408838404], [4.287553267208604, 51.97335529075722], [4.2959806224657555, 51.97753272578684], [4.298253001861473, 51.97746389703587], [4.302690570320481, 51.979695524727646], [4.302900676468914, 51.98009159964658], [4.301816137848103, 51.98120025738506], [4.300702770051188, 51.981162456429544], [4.299270755063562, 51.98111382075854], [4.298781391333617, 51.982161200701015], [4.296324462341365, 51.981764736992695], [4.295986556178919, 51.98265547724047], [4.295629338111882, 51.98359708520659], [4.293313621650582, 51.983207742705034], [4.291913221694302, 51.9829722673951], [4.290489268159989, 51.98663366046083], [4.290192542628427, 51.98739654752795], [4.288683686035507, 51.988825233904016], [4.2875369778035815, 51.989015908067984], [4.284089855375966, 51.9856409326026], [4.280355313892038, 51.98853980244513], [4.28033286557284, 51.98974137248826], [4.280321542058738, 51.990347428054], [4.271894169105729, 51.9928916128608], [4.271116531874499, 51.99224676064152], [4.269815034327713, 51.992893598001515], [4.267252395025746, 51.993583826280684], [4.265245131954257, 51.99583616671158], [4.273117202503955, 51.999249886011164], [4.281464449639763, 52.0029160419827], [4.307588840812189, 52.014693289735504], [4.30981928523079, 52.01563419619696], [4.316913743363543, 52.01878525468889], [4.317584542665722, 52.01908700441744], [4.319389382496473, 52.01998809897652]]]]}, "properties": {"type": "boundary", "gemeente": "Midden-Delfland"}}, {"type": "Feature", "geometry": {"type": "MultiPolygon", "coordinates": [[[[4.7241543416358205, 52.232371756118404], [4.722896340773214, 52.22036432318065], [4.7236493143011, 52.21823538592945], [4.723301684122798, 52.216354281738084], [4.723764128840122, 52.21657406938187], [4.724558501549544, 52.213223252283484], [4.724738666725608, 52.21258379815184], [4.7295622727136095, 52.210271569321606], [4.72876573036649, 52.209819234612134], [4.7253341511188856, 52.21151036589047], [4.72452978524344, 52.21080124053093], [4.723890126958916, 52.21093623608234], [4.723783952460966, 52.2114353151889], [4.723359788213569, 52.210942900454874], [4.720774013621204, 52.201276912405554], [4.719990043448557, 52.201619020898065], [4.707577744498785, 52.204901997843045], [4.705072924512071, 52.20122499036719], [4.699347714813009, 52.19416837100549], [4.6953153611334395, 52.18915486356267], [4.690830059932783, 52.191674329808336], [4.688927549672081, 52.19187838393446], [4.687164766942581, 52.186278681842836], [4.681208743284629, 52.16750458704379], [4.679840469208033, 52.16274577916556], [4.665335060911195, 52.162433793206795], [4.645516006050133, 52.16200787137434], [4.641484801668944, 52.16181586074497], [4.639845211231668, 52.16160668863298], [4.619031598333141, 52.158708331490175], [4.610592771930159, 52.1575720044938], [4.605922528217792, 52.156935291470184], [4.572736308402005, 52.15224867334702], [4.571480537512856, 52.15310938941338], [4.561633481584151, 52.16081947549498], [4.562647697238127, 52.16132919497299], [4.560489743694814, 52.16413052570917], [4.562399383116256, 52.16611929995556], [4.560591871064565, 52.16678343199326], [4.55570053230536, 52.16442592902886], [4.55275783110205, 52.163104336898606], [4.550349502274115, 52.16301350650007], [4.542329436208409, 52.171954077071014], [4.54001106790092, 52.17556914076028], [4.53906529295945, 52.17710119076485], [4.538778678384573, 52.18013056327594], [4.538153204762905, 52.18008518715891], [4.543662342138748, 52.18739436925328], [4.543000654823499, 52.1881196642649], [4.544518982999775, 52.19152196723396], [4.5444802758200336, 52.19221789737784], [4.5452549656520205, 52.19408945859594], [4.546767060957547, 52.19897607842565], [4.549374659340521, 52.198938198991236], [4.5492969465270265, 52.19836228970663], [4.554128976875136, 52.198342496308214], [4.554045588705202, 52.19758260516584], [4.557154621397342, 52.19774239983665], [4.556866385738155, 52.19800713093243], [4.55680755494779, 52.19850273160811], [4.556663594816517, 52.198818106394796], [4.555564024437724, 52.19920324443713], [4.555566942087109, 52.19940585775221], [4.555358554509671, 52.19944204442982], [4.5551999912844865, 52.19961280086121], [4.5552686348123785, 52.19969769328952], [4.555571327505563, 52.19971035886513], [4.555577597110043, 52.20014570548014], [4.558141932188053, 52.20036739829812], [4.559649572100301, 52.200497711029506], [4.559553924484674, 52.20196186598705], [4.5616613189178326, 52.20363987570914], [4.560520644897656, 52.203658725976965], [4.5606858542457696, 52.20477949501254], [4.558268919467283, 52.205761015798515], [4.558090075758958, 52.208521451993256], [4.558954007053696, 52.21024203108249], [4.554284241607431, 52.21231247259806], [4.555373445466762, 52.21401582002467], [4.557825508852037, 52.215067417244796], [4.55690787839867, 52.21641520070356], [4.558432520204752, 52.21879899631682], [4.57220154385809, 52.21699955216143], [4.573756306226693, 52.21725766199223], [4.583552534154829, 52.218874642260374], [4.598180084442097, 52.21554559720547], [4.602760898966632, 52.2145586881837], [4.618436451821834, 52.21447617199802], [4.622483102936792, 52.21492314343631], [4.6258439556929405, 52.21530164344403], [4.625844549582397, 52.21530171376563], [4.6326337639789354, 52.21618466591507], [4.638573875226562, 52.21848701073272], [4.644021440782031, 52.2206515605772], [4.6471771213713104, 52.22120626424673], [4.653853123351826, 52.22434605028343], [4.658473116710348, 52.22609866729362], [4.665846622444737, 52.227996798154436], [4.668345204372012, 52.22958079790477], [4.670347535106609, 52.23075617326781], [4.676698480277878, 52.22592590650818], [4.679974600414313, 52.226763496193875], [4.683631796274082, 52.22635442272673], [4.686210075921955, 52.226633850473], [4.696243701423219, 52.23210967197465], [4.700243286067243, 52.23307984235489], [4.704427709819591, 52.23384246733638], [4.7241543416358205, 52.232371756118404]]]]}, "properties": {"type": "boundary", "gemeente": "Kaag en Braassem"}}, {"type": "Feature", "geometry": {"type": "MultiPolygon", "coordinates": [[[[4.624735023395552, 52.01472240913735], [4.636801831754824, 52.01168029360478], [4.648424582696125, 52.0189869279443], [4.648812055355831, 52.020575992338145], [4.653051642609529, 52.021344628725195], [4.65518414312506, 52.02101635097414], [4.6568427507241825, 52.02205133838814], [4.66279964301906, 52.02398471370699], [4.663770550047707, 52.022008042324195], [4.6673719017877735, 52.022646522651264], [4.6677671163051135, 52.0214898566155], [4.667302654766359, 52.01924562867166], [4.664716055612511, 52.01648520957833], [4.664791461886018, 52.014524340932695], [4.666605898923448, 52.012971078636106], [4.670728276484063, 52.01112685532108], [4.670096211353644, 52.0105503136822], [4.667031397029517, 52.01000592530889], [4.659453881134068, 52.00528810125551], [4.662809574273729, 52.00324622553597], [4.669523514181476, 52.00246529935298], [4.670716298484539, 52.00232651739771], [4.674966852451926, 51.999725245791005], [4.680228849943621, 51.996541956388214], [4.681162157918534, 51.99687706024427], [4.681761145990014, 51.99710760231005], [4.684020681866194, 51.9979580648077], [4.6886839526365796, 51.99625842027654], [4.682508396212736, 51.9926953181102], [4.676943992125196, 51.98828612884276], [4.674288870142229, 51.9870172601903], [4.671822561593306, 51.98447259829336], [4.670679400404722, 51.980422101120276], [4.667850471343395, 51.97885076696123], [4.655922773448375, 51.976553322076285], [4.64983461821079, 51.973429051427786], [4.648577092632402, 51.973007470878755], [4.632678126040607, 51.97024540824464], [4.630838399112606, 51.96818958246809], [4.6329210457899155, 51.96632009225248], [4.639773292510859, 51.96217681786714], [4.642060477365533, 51.95987057011893], [4.6457088435618665, 51.95610718085664], [4.646005647739407, 51.954181830910755], [4.6396843784785995, 51.95112979038126], [4.63612796537012, 51.94134336978248], [4.634735083695362, 51.93797553277984], [4.6333506188207885, 51.93693954087224], [4.6309710936734305, 51.93629056226145], [4.623776962502688, 51.93619155594163], [4.621463847037986, 51.93524956077363], [4.619488886274293, 51.93349203849051], [4.618924325610009, 51.933894817111806], [4.614246011101815, 51.93723082676506], [4.6104972468649725, 51.9399087904923], [4.60590557398798, 51.94323222497888], [4.6036992760549325, 51.944807774082776], [4.5997425768890325, 51.94766608338033], [4.602068266512818, 51.949475541462384], [4.599392331291677, 51.95198415481595], [4.595332404456888, 51.95579790777444], [4.595049359000516, 51.95603701668079], [4.590188574346946, 51.9601428904695], [4.588459883091934, 51.96160265426831], [4.583992173733864, 51.96536906246075], [4.590021656657551, 51.96858107591617], [4.590690310842784, 51.968231956220684], [4.601807908435631, 51.972140237581], [4.594181178973153, 51.9754405265039], [4.593740219352628, 51.97608875701754], [4.5938403577225495, 51.976777483186126], [4.594428136635171, 51.97711778545552], [4.594127857665468, 51.97762961507311], [4.5987725138223885, 51.98796882820794], [4.594366950518055, 51.99428181110772], [4.578942380788461, 51.98986088808618], [4.579735851758658, 51.988836676142235], [4.578727157481931, 51.98854876687343], [4.579686662434591, 51.98726738194864], [4.577311741293301, 51.98640505379443], [4.578918055167112, 51.98113439573235], [4.570229498425143, 51.97903028816286], [4.573529043849333, 51.97457628313164], [4.574303524390844, 51.9745096377856], [4.577446553050392, 51.97624939494943], [4.577920817007399, 51.97585459724568], [4.578524092499487, 51.97618817786063], [4.57899944449234, 51.97578736092845], [4.578543604512511, 51.97553555953854], [4.5741120042613, 51.973086681405604], [4.574362967570483, 51.97287636558242], [4.571908594293468, 51.97186892625486], [4.571378627105923, 51.971919327988786], [4.570275338820312, 51.97202424652379], [4.566935719669286, 51.971189966322044], [4.5653820403042715, 51.9712758418223], [4.563367415037203, 51.9717280827999], [4.562897217246912, 51.97152092721369], [4.5624134188680365, 51.97192687913287], [4.561151630898669, 51.971177660821475], [4.561544187189246, 51.97085122882973], [4.5616515952336645, 51.97076191211305], [4.561104392383537, 51.970525175656675], [4.561398598015271, 51.97027537939931], [4.560547353478252, 51.96962230941727], [4.556585670686715, 51.968466190624554], [4.55640146510742, 51.968854818079514], [4.5542150522709255, 51.968920847651816], [4.547685955789134, 51.972806790871424], [4.551934376412057, 51.97473756648423], [4.553760163789418, 51.97704130024958], [4.551991485883341, 51.97886950194617], [4.550885342259487, 51.98187383020907], [4.548161800431066, 51.98329446044207], [4.548417525331005, 51.9849572896014], [4.547393185422582, 51.988746463229525], [4.546909126026089, 51.99022857221798], [4.546338787926786, 51.9915143862125], [4.548387399086728, 51.99255756314947], [4.547004915100311, 51.99394311560812], [4.5498930860102575, 51.99574679498365], [4.553443969894025, 52.00392418658147], [4.554874576967055, 52.00594883189976], [4.557118847308008, 52.01393663098231], [4.556776382286771, 52.01840096503807], [4.5582173924595075, 52.02890868109488], [4.559346762720016, 52.03140759226619], [4.560139710551796, 52.03319012010351], [4.563456601226909, 52.03577720643834], [4.563304213774454, 52.03827724178151], [4.561059097276784, 52.04206107182239], [4.565042517498296, 52.058569553093854], [4.565924972301203, 52.059226131277676], [4.607426663081845, 52.06552672470205], [4.608073777345829, 52.06544130321844], [4.608405462856492, 52.062944499309786], [4.605528567839546, 52.050438579108466], [4.60804629876168, 52.049116793348304], [4.6109468599952415, 52.04871112347818], [4.610821983461287, 52.04823374967827], [4.610223777346372, 52.04626758286388], [4.606272155781253, 52.045949367376906], [4.607333994182058, 52.04531226831008], [4.591088829295764, 52.0350876438834], [4.596951713580428, 52.03154665934536], [4.624735023395552, 52.01472240913735]]]]}, "properties": {"type": "boundary", "gemeente": "Zuidplas"}}, {"type": "Feature", "geometry": {"type": "MultiPolygon", "coordinates": [[[[4.792079959381058, 52.122287913738205], [4.825314741614361, 52.107151626823864], [4.82438950312306, 52.105403613487425], [4.8230558924966225, 52.10519334354458], [4.823394815524052, 52.092801753854324], [4.825635608269751, 52.08008200468146], [4.825629831942418, 52.07979286261171], [4.826492881730098, 52.07952770513531], [4.82627602020252, 52.07464410230727], [4.833045596122485, 52.074827448538564], [4.832789598163234, 52.07295156042194], [4.834035753222491, 52.07273636555109], [4.82980834686052, 52.06682391602993], [4.840376857273156, 52.06888056973634], [4.855231888124442, 52.068814022019794], [4.873200711512542, 52.068745835238566], [4.8682254154037965, 52.06344677401811], [4.856305558496174, 52.05915224182824], [4.848049024337244, 52.058165152516004], [4.839094065816518, 52.05416787547049], [4.829490954912837, 52.049813881870314], [4.829361494036676, 52.049279994070694], [4.817193734355376, 52.03693155716727], [4.811823025726471, 52.03382496518345], [4.806705153026408, 52.03316776124198], [4.8086713398618945, 52.029654342158416], [4.8096606577651215, 52.02750635088821], [4.809934228725223, 52.026764938109366], [4.7987009716674605, 52.022272143534515], [4.785078243446326, 52.016454532985385], [4.775944750448139, 52.01406456311196], [4.766206384267417, 52.01324240690714], [4.750879952740498, 52.01408879353779], [4.750991459097443, 52.013899228035285], [4.750049026676231, 52.01450397074771], [4.749629581301193, 52.01528331991536], [4.749148649666648, 52.01617689985083], [4.746016780701623, 52.0169768459703], [4.743697557570313, 52.022608559640695], [4.736782676678993, 52.02274871985473], [4.736296407623991, 52.02421833420918], [4.734618604900999, 52.02427942704868], [4.734400032089601, 52.02502065646354], [4.73015481887908, 52.02488397165562], [4.729963759131019, 52.02562869903783], [4.727607347611799, 52.025315104436615], [4.727419754582339, 52.02598863210879], [4.726342618276169, 52.02592650443623], [4.721210905780702, 52.02610815464878], [4.7211803019583085, 52.02647317084917], [4.7198520943314115, 52.026484754049385], [4.7199337367481515, 52.02846939270093], [4.719903218699524, 52.03027358792329], [4.719871059810895, 52.03520134424374], [4.717581212982774, 52.035307261500165], [4.716260561950218, 52.03822320966857], [4.71239295461698, 52.038963590970845], [4.7092293280246595, 52.03955006517607], [4.706038988986249, 52.04012021077859], [4.705105644173039, 52.04028321920086], [4.6873992651869525, 52.0430856392115], [4.6870589865483385, 52.043836553580356], [4.677310994323195, 52.043971521174086], [4.679542719746959, 52.051246731800894], [4.679803585629066, 52.05207291238245], [4.669000916079313, 52.05234196028575], [4.669699430372242, 52.055505041785445], [4.666964175632148, 52.0576277679654], [4.664023601725777, 52.05770542532399], [4.659967250492324, 52.064104660373346], [4.665910113282516, 52.06395198043386], [4.6656595552132405, 52.06572430400187], [4.67724653714894, 52.06552092821443], [4.678997091452928, 52.06019744110473], [4.679297948584455, 52.059216319357134], [4.681973090496124, 52.059104493898026], [4.683120785595039, 52.06260790416629], [4.685346559648666, 52.06938479331493], [4.686148574569959, 52.06921476531821], [4.686259471585099, 52.06952621467381], [4.694410810625934, 52.06776783146743], [4.696834382814625, 52.07400619314526], [4.704904647515909, 52.07683686170401], [4.713027257901865, 52.076929854944765], [4.715505489055864, 52.08118888216627], [4.713101604817444, 52.084338857476354], [4.708757683757821, 52.09364432687631], [4.707004969080277, 52.09329696972952], [4.705067468118379, 52.09463915416304], [4.704731335216547, 52.09524128207469], [4.724440140675833, 52.099582336876274], [4.724517136671739, 52.0995999087224], [4.733072718144603, 52.10147597611752], [4.734809290846079, 52.101876867799334], [4.7345175952781196, 52.10261509880799], [4.740222444364461, 52.10464858513151], [4.7388562669399015, 52.106507926135635], [4.74637953582184, 52.10751637922958], [4.75322559324928, 52.108513080203146], [4.759328298569962, 52.110345135306545], [4.760239093201016, 52.111845451064234], [4.7610492696623545, 52.11284664825542], [4.762532214399998, 52.113712127694704], [4.766675309603193, 52.11314561292131], [4.7692191669214905, 52.113312044685145], [4.76997694685092, 52.114785459100275], [4.770860771433194, 52.11513806312737], [4.774928219953521, 52.11484324135961], [4.775948453915411, 52.11578041438516], [4.776507451714484, 52.116004555919986], [4.778258878172951, 52.115841707060625], [4.779542202618694, 52.11765387697488], [4.780449939693548, 52.11796167496905], [4.783151003544114, 52.11732053322431], [4.7839689687118145, 52.117437765354715], [4.7844383322187545, 52.11803654133842], [4.783019034730963, 52.11976336027915], [4.783305759158685, 52.12037394080307], [4.7840691060532725, 52.120756583151035], [4.785372206940667, 52.12066252865482], [4.787507821863393, 52.11999382149398], [4.791892865192424, 52.12046100185269], [4.792079959381058, 52.122287913738205]]]]}, "properties": {"type": "boundary", "gemeente": "Bodegraven-Reeuwijk"}}, {"type": "Feature", "geometry": {"type": "MultiPolygon", "coordinates": [[[[4.466845096767409, 52.12898035309882], [4.467481047865245, 52.12832366102248], [4.4681493158539505, 52.12855127279038], [4.472941478304141, 52.1237036155705], [4.4723211815857065, 52.123459036732534], [4.4722890517686515, 52.119635063239876], [4.472975436909039, 52.11895201844633], [4.470825802615471, 52.117708508579824], [4.484646826096297, 52.10358842709304], [4.4904135495993724, 52.09785866433065], [4.4922187524623585, 52.09001000702709], [4.493017881782976, 52.087752147118614], [4.47427451510216, 52.08526091444933], [4.475659615440682, 52.081296533911484], [4.45675180754279, 52.078815076455975], [4.455165819485911, 52.07818201031928], [4.421403900177955, 52.06330369398613], [4.4216849323061345, 52.062886128469984], [4.420832214633236, 52.06258028305129], [4.420690409364143, 52.06345547734126], [4.417243299201399, 52.06622190295073], [4.411881122907818, 52.07213478181767], [4.405928390933799, 52.07659344411596], [4.403923628566715, 52.077845342531944], [4.3970933649341255, 52.074763879887854], [4.394621328478881, 52.07590725422088], [4.39192129100646, 52.07472529703762], [4.388650767552274, 52.07297412333023], [4.3845825364550395, 52.07623459464915], [4.38436061810232, 52.07616143707439], [4.379995680542907, 52.0747453750658], [4.37142864046765, 52.0695826567059], [4.364012295646781, 52.06532172508433], [4.363822515182045, 52.06517426033918], [4.356021910672814, 52.06157241145743], [4.36082601828194, 52.058468683977], [4.360451755063304, 52.05826540587275], [4.3601228953795585, 52.058501522619004], [4.359576889946488, 52.058199144744556], [4.359968536035925, 52.057928242385884], [4.359437245224517, 52.05763121443907], [4.359822631497659, 52.05736667600534], [4.359474889598728, 52.05718060548915], [4.359228799438163, 52.05734872277524], [4.357349709013802, 52.056255056555145], [4.3572498865717915, 52.05633593543853], [4.357574864342064, 52.0565539583442], [4.353977301236295, 52.058987268689], [4.353316200125621, 52.05866870580686], [4.352281400443601, 52.059394457465785], [4.348003546826672, 52.05649847101585], [4.3444788636106955, 52.059617900539536], [4.344244015301811, 52.059773950285205], [4.344127302942653, 52.05972094174913], [4.3421956891909055, 52.06113493570784], [4.355518608240713, 52.06804018165723], [4.354932142778269, 52.06825075063258], [4.335213134381578, 52.0750008167025], [4.33885175039808, 52.07661435118144], [4.338958360117483, 52.07666161675332], [4.345394795488984, 52.07911195988549], [4.345103125500755, 52.07948120942514], [4.3524894804633165, 52.0826913429772], [4.353202049585956, 52.08300662316024], [4.356776928933291, 52.08460481087046], [4.3588971816798985, 52.08555962398075], [4.367778385312088, 52.08958336829157], [4.36802983291819, 52.089697630604945], [4.3730511000998185, 52.09205934359798], [4.373436209126018, 52.09234730661852], [4.371466611269436, 52.09383507904672], [4.372709157151121, 52.09477302274598], [4.389310053972108, 52.103922085600814], [4.401158957079304, 52.11187045059348], [4.412047994116557, 52.107971651560604], [4.411378012508936, 52.10728701041824], [4.413074247230455, 52.106633535481755], [4.4141578144422695, 52.10750875973525], [4.4212151845914365, 52.104983676484025], [4.420816565809411, 52.10462284532697], [4.423703872822721, 52.10359022987158], [4.427902476903428, 52.10147063128201], [4.433578693059354, 52.10415838284101], [4.435744452048774, 52.10740193666687], [4.438993939743589, 52.10992966225367], [4.443142922720359, 52.11158014137282], [4.4464420252023915, 52.11337748984821], [4.451074987861966, 52.117512553559635], [4.455982149114545, 52.121177728603094], [4.463211910943111, 52.12632630525282], [4.464492322718882, 52.12731162628935], [4.465191960275614, 52.1266138097812], [4.4664202877981065, 52.12733384855008], [4.465981626284372, 52.12789075769074], [4.466845096767409, 52.12898035309882]]]]}, "properties": {"type": "boundary", "gemeente": "Leidschendam-Voorburg"}}, {"type": "Feature", "geometry": {"type": "MultiPolygon", "coordinates": [[[[4.346150039230415, 51.70448648489972], [4.337140807366415, 51.70388329868666], [4.336055507059816, 51.70470297450689], [4.339987245393227, 51.70563993420896], [4.346150039230415, 51.70448648489972]]], [[[4.367892210188671, 51.70673776225113], [4.367097396645252, 51.704706814172155], [4.3625634428123785, 51.706926859302094], [4.36640160568977, 51.709763365836395], [4.367892210188671, 51.70673776225113]]], [[[3.8849522869528297, 51.759920809906255], [3.88507241390447, 51.7583725777445], [3.881830329964732, 51.75746171862079], [3.8821738434643454, 51.756994831268685], [3.8795247867422766, 51.75678589576935], [3.8774075085567627, 51.75867220486549], [3.8780208278179256, 51.75925085705145], [3.880350256857995, 51.75886512775149], [3.8816501824711147, 51.759916777274995], [3.88377783624269, 51.76031293526485], [3.8849522869528297, 51.759920809906255]]], [[[3.956212032903746, 51.778042652584205], [3.9632788060046344, 51.775880979418034], [3.9656550047526924, 51.77438813128463], [3.9541803735201775, 51.77625339631813], [3.941818710407234, 51.77657176253361], [3.9263284497986293, 51.77508672409258], [3.913121936584625, 51.77082518550922], [3.90894913415263, 51.770209176079966], [3.904585318328525, 51.77112025674344], [3.9217073798152993, 51.781276210086354], [3.9264505004770354, 51.78663252427499], [3.9287192774710893, 51.78806418242812], [3.9342994745645132, 51.78992909371325], [3.9394400611521663, 51.785388645805824], [3.956212032903746, 51.778042652584205]]], [[[4.148512806784424, 51.798776583170834], [4.147353436903222, 51.79863541015971], [4.142726783916218, 51.799115751812664], [4.140620698488706, 51.8005493339783], [4.144873684211343, 51.801737335857666], [4.148901057181043, 51.80131400037677], [4.147470018413001, 51.79955177595521], [4.148512806784424, 51.798776583170834]]], [[[3.968042924044445, 51.79813869510668], [3.967277567106866, 51.797486077237174], [3.959398319772833, 51.79883549312554], [3.9570113982096404, 51.799838905345396], [3.9572797159313655, 51.800958171136465], [3.961768612896529, 51.80218015256296], [3.9655698127424643, 51.80201225606297], [3.9636305467151582, 51.80131797831925], [3.9632856711035855, 51.80057743005336], [3.9652697197711806, 51.798627967959185], [3.968042924044445, 51.79813869510668]]], [[[4.0149221287135015, 51.84048001902398], [4.0137328536619, 51.836530700719514], [4.019868239105133, 51.83225542662717], [4.02665863357043, 51.82926010652438], [4.0284329356564115, 51.828992830132876], [4.031811482081095, 51.83101429240088], [4.032343463477484, 51.83053826978739], [4.028518107713802, 51.82733589230042], [4.036014120307186, 51.823636173749065], [4.038195035363184, 51.82523191080797], [4.033075380871007, 51.82791733459467], [4.033262420104227, 51.82962591883088], [4.039501349376665, 51.82807725403211], [4.041657416638689, 51.82833443227203], [4.043733680216029, 51.829672330977886], [4.044723479307976, 51.82917922446384], [4.048596383906022, 51.832055528170876], [4.048791181804508, 51.83188037594383], [4.044977585581095, 51.82905428438653], [4.04565291213111, 51.82866082891302], [4.044607603070233, 51.82536014965932], [4.044914247513562, 51.823220812409495], [4.046716540606114, 51.82167087177215], [4.041227328441726, 51.82319944067715], [4.038689985630994, 51.821213484904085], [4.043832175774857, 51.8185851837158], [4.042598293894017, 51.817695912515724], [4.04368860204749, 51.817077050366535], [4.049025418864558, 51.8210168735667], [4.049765095903287, 51.8201636410178], [4.053257039938739, 51.81970609411324], [4.053691058515107, 51.8196484988147], [4.054228944827442, 51.82099206613961], [4.0544909820015045, 51.82098183548345], [4.056027808046002, 51.81873863245131], [4.063359738752034, 51.81344099349144], [4.083738642663584, 51.80708483767626], [4.093435768440134, 51.80447603851107], [4.115992520908531, 51.79563207797208], [4.121040230221218, 51.79542098204276], [4.122447994204263, 51.79469126094559], [4.121566914886326, 51.79386408006404], [4.125313487974696, 51.79284374509271], [4.129004766307819, 51.79183057185822], [4.126335362578363, 51.78944014751402], [4.131363860105014, 51.78785718283143], [4.133657101224631, 51.7905855988424], [4.13787610942051, 51.78941439708118], [4.136013308082456, 51.78670187315497], [4.14024703819354, 51.78542845180654], [4.143031276005375, 51.78793634672882], [4.1489557326603705, 51.78585243865451], [4.1646679525116985, 51.77942436343939], [4.181200946427817, 51.77557853003313], [4.1875523446143825, 51.77551293350137], [4.191719042338157, 51.773841099360126], [4.190112330034854, 51.7729863048724], [4.190816854285629, 51.77261377383842], [4.1921639842871325, 51.77321967030313], [4.193383358615122, 51.77446630782705], [4.193504399534739, 51.77413518179545], [4.193147106202489, 51.77303987386209], [4.193980207700502, 51.77161966733048], [4.216972987718344, 51.75705474994439], [4.217747556734866, 51.75722440883079], [4.219066115371742, 51.75662490533841], [4.228144813901738, 51.751469787728034], [4.242603044163987, 51.745218347842965], [4.244656299912814, 51.74398252705626], [4.243169028138998, 51.74278688942721], [4.245178665731842, 51.74174672039458], [4.246002271832749, 51.74205421675474], [4.246305102780941, 51.741930737623875], [4.245144737591367, 51.741033131287054], [4.24521326591237, 51.740954468262956], [4.2449049937749255, 51.74074147760694], [4.2448032650335215, 51.74077874070888], [4.244177771177626, 51.7403486491113], [4.243464431974633, 51.74049006700736], [4.243235147818236, 51.740421224059055], [4.2434121489178995, 51.74015707291695], [4.244014226836923, 51.74014845833565], [4.2441625807652645, 51.739625766127354], [4.24439557478995, 51.73968572557036], [4.244373254124076, 51.74010148030222], [4.245009028192698, 51.74053506986869], [4.2450122806636035, 51.74068544517371], [4.245300820107092, 51.74090055534897], [4.245452392792139, 51.740899233446186], [4.246575038904687, 51.74171575564027], [4.246752729230475, 51.74101660964637], [4.260276639050524, 51.730169031764554], [4.2628342690222665, 51.72754004351548], [4.271732470867382, 51.72313709116632], [4.279716014218096, 51.7208099941747], [4.280123338363967, 51.72125003856047], [4.281736146571992, 51.72096316117762], [4.279708345190137, 51.71894292969384], [4.280529756411922, 51.71823716988983], [4.281334805056488, 51.71983701145692], [4.282611853606487, 51.720436063824685], [4.288396549989247, 51.71828824212519], [4.295008235959861, 51.71766165456947], [4.298578325251914, 51.716784731974194], [4.3187636365190745, 51.70587221688259], [4.329449963255692, 51.702624496551785], [4.3412168909539055, 51.702942479969764], [4.351590478820023, 51.702102790831475], [4.365584973989034, 51.703102570432435], [4.383713510569573, 51.70208923017682], [4.386751471420459, 51.70256923524027], [4.389712414815938, 51.704642158865134], [4.391066222557043, 51.70431030123428], [4.393897576681295, 51.70645160777405], [4.395749669840129, 51.70940139639036], [4.39438945846025, 51.71029371806149], [4.394801571942384, 51.710969671975654], [4.3971349226711505, 51.710722649923504], [4.397899422756333, 51.71141297119873], [4.398046095701494, 51.71137814338529], [4.398231031450397, 51.71133423034553], [4.398170051703105, 51.71049874908592], [4.399409468912433, 51.71012671835677], [4.400934146386513, 51.70939179322719], [4.398881003854819, 51.70891833410039], [4.397763036343757, 51.70797523695769], [4.3972979618468795, 51.70653184022996], [4.398488130213511, 51.70448680459883], [4.402160374891827, 51.70427666966703], [4.401467975754145, 51.70299959310013], [4.398878855428235, 51.702211513492756], [4.4019371509604195, 51.69912153756892], [4.403637838170424, 51.698712919061066], [4.394488043435261, 51.693764961326984], [4.395037128565212, 51.69575464102673], [4.391381137052463, 51.69712039141768], [4.389835273241906, 51.69682989226938], [4.388416914035675, 51.69553851049068], [4.383669835419182, 51.69594417929323], [4.3783497567394285, 51.69364769123013], [4.372205368841413, 51.69365974445129], [4.371461399049602, 51.69525495738943], [4.363358463869937, 51.69495527252378], [4.367390212700196, 51.687754339919174], [4.367965945636201, 51.68526787816086], [4.367245082007718, 51.68312169435094], [4.3660417114601255, 51.682566420751776], [4.3637030649404895, 51.682496032821724], [4.363701743642233, 51.68234089200223], [4.365740192781858, 51.6818191921892], [4.364518412384957, 51.67777270485585], [4.35713999964028, 51.67121822000169], [4.338617855026071, 51.664978309503844], [4.329256154246985, 51.66290820707759], [4.309008523527553, 51.65977257624775], [4.300589300377959, 51.6592284978619], [4.299298689315931, 51.65956129445877], [4.280631151312415, 51.65452833589771], [4.271839119624527, 51.65461743324595], [4.2574928429475625, 51.656364442223314], [4.250619744240911, 51.65787932032434], [4.245860907509524, 51.65813885248615], [4.232464201156016, 51.661405038522446], [4.222780547760041, 51.668137643861265], [4.219584995480394, 51.67261810199474], [4.220150809619989, 51.67378428266429], [4.210673057263383, 51.676314139679846], [4.207600302108363, 51.676232210165914], [4.20697240549439, 51.674895119513316], [4.2054855348469635, 51.67617577629943], [4.205374240826936, 51.677642920774815], [4.1944535479391, 51.679292014261016], [4.18911746906567, 51.68298351519211], [4.183849270824593, 51.68255215325084], [4.168378981844934, 51.68343955791757], [4.1649609412208015, 51.68650630288639], [4.164166833038223, 51.68723367917898], [4.157346806597937, 51.68249222771483], [4.155480090396233, 51.68341893721881], [4.162513506438938, 51.687781519170116], [4.160861409270566, 51.69084953843407], [4.1552288468742775, 51.69658835326023], [4.152295463764263, 51.69782439433598], [4.134954662003578, 51.701988336344264], [4.131756996611201, 51.70383496377011], [4.128889254560763, 51.703343933711395], [4.122708389480992, 51.70638233236628], [4.116048250966212, 51.70723533258712], [4.111019923117686, 51.707846936691006], [4.099511620623157, 51.707416384006656], [4.096247277361511, 51.70716534288852], [4.095185935242422, 51.706485327081545], [4.091348182859972, 51.706448548299], [4.086592476697091, 51.707536115584595], [4.085906849931025, 51.70901170081128], [4.085366741508701, 51.70896800591005], [4.085902856524, 51.70802483525982], [4.08256588982169, 51.707679536834185], [4.082770709253348, 51.70651403018343], [4.080767048905896, 51.70797785249127], [4.076484175954277, 51.70863843713592], [4.069916017657099, 51.707847712812764], [4.058901492899399, 51.71164188970345], [4.050714608872513, 51.71169517578065], [4.048402672744994, 51.7147285200122], [4.050587301825529, 51.71755100187049], [4.043146220655042, 51.72501953957941], [4.040686781606948, 51.72724032781431], [4.040241335527668, 51.73100674872543], [4.037957977305045, 51.73528829844366], [4.033222939524366, 51.73843433096901], [4.032778251308444, 51.73964330986565], [4.034776844242859, 51.74380752319199], [4.031456621745652, 51.745533601888866], [4.02982410500065, 51.74268786337487], [4.0259152372016125, 51.741619570832704], [4.0240209616962, 51.74187199881435], [4.022382240706354, 51.743298914185], [4.018912338062931, 51.75170767328628], [4.018573968821616, 51.75520229544922], [4.017192379197751, 51.756170799772626], [4.0272538135322975, 51.75770001301423], [4.0260924238143545, 51.7587635747389], [4.022666803799647, 51.75865104447412], [4.019179163374997, 51.76093662246341], [4.020934174655995, 51.76414262533561], [4.022230391069098, 51.76690203016438], [4.022854411583153, 51.769046781853646], [4.018417637745083, 51.77052039622161], [4.018819422388173, 51.77707924330308], [4.02034763761986, 51.77929035769879], [4.010274606388154, 51.786514970066705], [4.004390912660619, 51.7912219524177], [4.0022757426272335, 51.79441574304744], [4.00349053920929, 51.797014966353714], [3.995392644331979, 51.80019481865261], [3.992170491404574, 51.80183584480873], [3.989107915236717, 51.802472213180714], [3.983182280436405, 51.801156044544726], [3.970614405388258, 51.8008095911856], [3.9682482220422983, 51.80311592056067], [3.9569840463083494, 51.80408177918278], [3.949429032654975, 51.80337948400542], [3.9450011676291643, 51.800799373668866], [3.935791551328202, 51.797612622101795], [3.935621251156229, 51.797768349324826], [3.9369182202656074, 51.79859342722615], [3.9346787222908817, 51.798203484923505], [3.935585875540041, 51.797476837643465], [3.935118001595471, 51.797300911219196], [3.9337500287767835, 51.798235130146615], [3.925756042998606, 51.79758715515218], [3.9250602245336035, 51.79689424933424], [3.921162038332338, 51.79690675437239], [3.912102035950132, 51.79514285634043], [3.912613644679438, 51.79380874146289], [3.9076436671504133, 51.79218076404303], [3.9030693233325144, 51.79206021410718], [3.896981059107585, 51.793589675766725], [3.8906730129143603, 51.792078712014906], [3.889705783351603, 51.78948580170332], [3.8921169787588394, 51.786896254763924], [3.8957293197828875, 51.784910623871355], [3.8924730276541024, 51.782391864561866], [3.8890241677372788, 51.78122348615935], [3.887060817275678, 51.780471972776084], [3.8859354885442716, 51.780426441231754], [3.8856825801322934, 51.7805844410694], [3.8857537939196214, 51.780808103565114], [3.88634467236243, 51.781124133430275], [3.8863216603378743, 51.78151883205415], [3.8857586655703362, 51.78179146883831], [3.884203951589129, 51.78120792975871], [3.8843051680290093, 51.78094480846117], [3.8848071692777073, 51.78090076316337], [3.885116070458257, 51.78052728908909], [3.8856131316505595, 51.7803311185355], [3.8855181709346374, 51.77998473214065], [3.8843133511620564, 51.77979830847035], [3.8839231255652846, 51.779845803860134], [3.883811074695037, 51.78004242749626], [3.8837594510646563, 51.78062426181086], [3.883908115010046, 51.78084648638128], [3.8842299595408485, 51.7809442264582], [3.8841365297512396, 51.781185709505266], [3.8834759467008295, 51.780995593150834], [3.8820347742629058, 51.78063453346814], [3.882440262182172, 51.78004461852214], [3.8834539858153394, 51.779955821527295], [3.8835720756000067, 51.77973648046009], [3.88339618697029, 51.779586560525416], [3.882783154939106, 51.77957537701667], [3.8829109604930383, 51.77917902977374], [3.8822304044839426, 51.77913470658206], [3.8800667244654643, 51.77928866977716], [3.877366194983229, 51.779672331156476], [3.8717282408146154, 51.781936388124976], [3.869499289552755, 51.781177291578295], [3.8671184422690676, 51.77628734683313], [3.868514906739587, 51.77572683300354], [3.865539296960472, 51.77497791354334], [3.859473990853315, 51.765318610111706], [3.8612481401373704, 51.762936965147006], [3.8605672521344725, 51.76218726155382], [3.858702463596574, 51.76259325934342], [3.855427446549458, 51.757864060619816], [3.8590634803750854, 51.756700185177486], [3.8587180328099375, 51.757847621952344], [3.859689528275551, 51.7580208384795], [3.8600929215478827, 51.756904121641], [3.8606161837964543, 51.757020342851], [3.863206377523415, 51.76091301982475], [3.86491604961328, 51.75873144242141], [3.8692307558657286, 51.75744721193928], [3.874288999315561, 51.75489347717354], [3.8744160600744, 51.75375469993617], [3.871051522951859, 51.75082699309349], [3.8647652074619816, 51.75093582015011], [3.862064561428112, 51.75263922430508], [3.8616822605856895, 51.75211371242008], [3.857422795311101, 51.753164004289914], [3.856214317803911, 51.752410872953234], [3.8533908998556687, 51.75280366181907], [3.8531133723170883, 51.75447365039397], [3.852069130520335, 51.75291423219979], [3.851378231034391, 51.7538795629184], [3.852142861448659, 51.755116161536385], [3.8505218289435765, 51.75583228497372], [3.849948558704287, 51.75535303321446], [3.848897592503474, 51.75576101107777], [3.848700222657272, 51.756605063211026], [3.8461136150083384, 51.75716165412532], [3.842478597968935, 51.75630472608543], [3.8391951314618415, 51.758230310320315], [3.838532664526163, 51.7598668558962], [3.8505226872124685, 51.76642977148642], [3.859936311116133, 51.7709047677911], [3.8644362081453285, 51.77812511390561], [3.8654912105318293, 51.782193251350144], [3.8651011938033393, 51.785046367150535], [3.8631230790968103, 51.789852307003635], [3.8553926510082004, 51.80250928771636], [3.854669921395438, 51.80525895032062], [3.855382326764777, 51.80839096581182], [3.8574394693819207, 51.81153930507949], [3.8595755381768915, 51.81389810440946], [3.8652622388543048, 51.81773119492444], [3.8693304589330166, 51.81960256670892], [3.8777796129203876, 51.821205114057555], [3.8923894865175335, 51.825773408611724], [3.9036115123411754, 51.82594142246103], [3.909282046939377, 51.82678779365684], [3.9372770954300846, 51.83575024061477], [3.948081549086969, 51.839697176806595], [3.9508568310875796, 51.83825437936626], [3.960468343917678, 51.84106389276995], [3.9687686372906326, 51.8425678341484], [3.9844134502647583, 51.84425912583629], [4.000221220436725, 51.84929795020973], [4.008888384962349, 51.84992809276202], [4.012302811304151, 51.84929267480373], [4.0124496715153475, 51.84769011981668], [4.008506966304883, 51.845466647212305], [4.008279783462381, 51.842733307060264], [4.0149221287135015, 51.84048001902398]]]]}, "properties": {"type": "boundary", "gemeente": "Goeree-Overflakkee"}}, {"type": "Feature", "geometry": {"type": "MultiPolygon", "coordinates": [[[[4.394444789009834, 52.054054162650075], [4.398549314351024, 52.05121811347189], [4.400073263659303, 52.05236781324457], [4.400073407122128, 52.05236792138682], [4.401357908418374, 52.05333576729947], [4.422072091072254, 52.05167328695672], [4.425830931871829, 52.051469638456226], [4.438043496796587, 52.050283907488726], [4.438043879573028, 52.050283873229716], [4.450563744484375, 52.04921036708402], [4.456437608678313, 52.039541925407434], [4.456994326290998, 52.03967236268551], [4.457643400231068, 52.038618799099375], [4.45893169448895, 52.03885397708962], [4.470743244062404, 52.04047785485128], [4.471618734456443, 52.0389968901324], [4.471955301698055, 52.039030831887466], [4.4725307372371255, 52.03797257189543], [4.47280399196739, 52.03802464384072], [4.476705665346509, 52.031642288092], [4.468107684656374, 52.026490227303725], [4.467992122971608, 52.02578700829454], [4.467174954426868, 52.02535375505727], [4.464489360596664, 52.02463142881503], [4.463470010739858, 52.024222771191894], [4.463040575529778, 52.02421477143452], [4.4613037652589576, 52.02388868755542], [4.460568446845187, 52.023208358928336], [4.457960274110417, 52.02235419815524], [4.457353980692294, 52.02226070092676], [4.4571988752207075, 52.022169001449164], [4.458110542537568, 52.01852783866482], [4.459437753374085, 52.01704559095868], [4.458392563957003, 52.01602315064376], [4.46156132699124, 52.0126515409995], [4.456390392454716, 52.008512976010806], [4.455350680868763, 52.00642498111059], [4.457042231583707, 52.00494388338698], [4.458868144531514, 52.0046656587136], [4.458727811236028, 52.002209336790266], [4.4519300652257305, 52.0008379284888], [4.449775638660431, 52.00050287799562], [4.4513869691612715, 51.998138330955456], [4.452812884900807, 51.99722675786676], [4.4508009999695695, 51.9958803317085], [4.450569037200427, 51.99569730310271], [4.447247686140568, 51.992409165619286], [4.4244461584186165, 51.979611109179295], [4.427898210463058, 51.976466563295354], [4.40791075530708, 51.96819869979035], [4.407273289894791, 51.96898685814633], [4.401537591015445, 51.978046476512006], [4.3970300531428315, 51.97897406692733], [4.393526910836792, 51.98717589929092], [4.391770105321407, 51.99128928844105], [4.389577318461608, 51.99651986977892], [4.389164305443032, 51.997380804873906], [4.388281251390209, 51.99945434282559], [4.388142414043643, 51.99977595926266], [4.385915690618938, 52.0048353306398], [4.3861733222230646, 52.00489419002462], [4.388622948333857, 52.00545379095539], [4.388180388801703, 52.00663819661802], [4.389025175617849, 52.00783097822315], [4.388497717301928, 52.008666921941355], [4.388345855849785, 52.00944720625311], [4.393686716331562, 52.01093324020511], [4.393687449396781, 52.011021731653216], [4.394515860722767, 52.011255740410874], [4.393319829101262, 52.01306966635629], [4.390789250664722, 52.01682899487863], [4.387848259507465, 52.02137099626983], [4.386244807859536, 52.02330834911107], [4.379808575931675, 52.026663762097215], [4.379735210145418, 52.026732865608444], [4.393928484084929, 52.0330534550331], [4.387850746494541, 52.03844307082448], [4.386767990946511, 52.03844442541868], [4.381179969960827, 52.03638666616158], [4.37985808807914, 52.03595251008016], [4.372657763817503, 52.04092818978472], [4.378103157639824, 52.04464508064405], [4.385840394455386, 52.04979598871582], [4.386098226788218, 52.04996760515277], [4.387904338538267, 52.05116975560695], [4.389675990345386, 52.049961605744656], [4.391439723846962, 52.051761673426604], [4.391130788981993, 52.05195194127454], [4.392586565317635, 52.053153382076914], [4.393123926847668, 52.052843699709875], [4.393763900425033, 52.0533306671721], [4.3935705756531505, 52.05347871653235], [4.394444789009834, 52.054054162650075]]]]}, "properties": {"type": "boundary", "gemeente": "Pijnacker-Nootdorp"}}, {"type": "Feature", "geometry": {"type": "MultiPolygon", "coordinates": [[[[4.346272081380156, 51.85328949029817], [4.353630407442885, 51.84905351434731], [4.360779080813368, 51.84646010888407], [4.3720892349465865, 51.84334862395593], [4.38366475653771, 51.842118686518745], [4.3923820623783065, 51.84205136071118], [4.409744323333396, 51.84321934663471], [4.414172687760235, 51.842789317050695], [4.423753080687996, 51.84007329361679], [4.432482634340761, 51.83704631992342], [4.428452198719441, 51.83421114922075], [4.4222743312039166, 51.83022672427309], [4.419013370239974, 51.82959054025231], [4.415597956767388, 51.82966890165756], [4.412553316403184, 51.829922618647245], [4.399136932566569, 51.83142043565773], [4.3966299184544, 51.83103480779884], [4.382132142253587, 51.82407939479626], [4.379195304374334, 51.822497707229054], [4.369082643960014, 51.81698163971265], [4.3574328414759504, 51.81902842065596], [4.3542985889014885, 51.81916529383198], [4.347108419526488, 51.8178876366563], [4.33983471973657, 51.81682936221393], [4.337085379283306, 51.81643907128385], [4.330791658095724, 51.812974887001005], [4.317264242808311, 51.811287707531584], [4.305858568157254, 51.808595632643545], [4.299039866408708, 51.80406124120292], [4.295792181231205, 51.80211116170737], [4.284497358606922, 51.80366475187358], [4.2716047964228565, 51.80515568135409], [4.268596611964918, 51.80483938194376], [4.264369516370343, 51.8033966917991], [4.246628489731941, 51.78533953790299], [4.239869711282222, 51.785368415985246], [4.230054162064982, 51.7880461476836], [4.221891838351636, 51.7943728357754], [4.221746928484848, 51.79627162907669], [4.2175839513339515, 51.79673330640946], [4.211630439040967, 51.800131619033884], [4.204332446926713, 51.80157187114379], [4.20110356206953, 51.80319597914027], [4.194243193352251, 51.80430499261647], [4.194577047158803, 51.807083558203516], [4.199183263825843, 51.80988151034399], [4.212352325717968, 51.814025535814686], [4.213505436692477, 51.816171644955595], [4.212981264841861, 51.820581610136344], [4.2197089143992335, 51.8245596981456], [4.217774745333578, 51.82611349707278], [4.218134273501847, 51.826346662511604], [4.2191111049172285, 51.82572292396425], [4.2196676333359715, 51.8259682267051], [4.22011096651167, 51.82616363352895], [4.220683191932388, 51.82581127276148], [4.221970346237276, 51.82501864817586], [4.222215696902274, 51.82653755517902], [4.220602259363736, 51.827202542191664], [4.22025547744476, 51.82821298048087], [4.209153945629473, 51.83477975115832], [4.207084197248574, 51.83555755447822], [4.197122606978779, 51.83494584624266], [4.1955456220709095, 51.836724537063375], [4.195610207866508, 51.83918678718137], [4.195709971697034, 51.839683282768235], [4.198245264411453, 51.839694784162404], [4.198528875446652, 51.843393011300094], [4.196524771272266, 51.84314991548279], [4.196448581512224, 51.843509913847704], [4.1947510427206645, 51.843306700860786], [4.19347446951465, 51.84294656349302], [4.192735594427187, 51.84342958842436], [4.19472735724731, 51.844217419785416], [4.19639563576899, 51.84647813752253], [4.197610677122487, 51.847001758269855], [4.198174422097784, 51.849430137573144], [4.198104039216945, 51.84997371609312], [4.196541061301037, 51.8502874187186], [4.1941792330128465, 51.85003943443838], [4.191417470749131, 51.84893632650533], [4.1852732114141515, 51.849707692989256], [4.2393836022684175, 51.872986004523554], [4.252578180108382, 51.86825972382804], [4.259758798267383, 51.865803536543574], [4.2650315066382, 51.864767504184364], [4.2837926105420845, 51.864476682325844], [4.3355398397563905, 51.86430239182498], [4.339652118113826, 51.85946123163729], [4.339718996223054, 51.859384115656866], [4.341555376186319, 51.85709770020574], [4.346272081380156, 51.85328949029817]], [[4.220379713650154, 51.825914160674486], [4.220126949663983, 51.826084238474465], [4.219791743863666, 51.825942290825566], [4.220085087988989, 51.825745739841956], [4.220379713650154, 51.825914160674486]]]]}, "properties": {"type": "boundary", "gemeente": "Nissewaard"}}, {"type": "Feature", "geometry": {"type": "MultiPolygon", "coordinates": [[[[4.808285897159419, 52.01414357893393], [4.812632111210457, 52.013942159217905], [4.815859699319179, 52.014030313294334], [4.82148548207488, 52.015918615248424], [4.824995052852433, 52.01723693506865], [4.833335551270336, 52.01642323697969], [4.840178815224477, 52.0167072329005], [4.846896508003871, 52.01818199516187], [4.8472041488396505, 52.01797458827057], [4.848603441346754, 52.016117184189824], [4.856386288135312, 52.006838239283944], [4.8571271435291195, 52.00595968042857], [4.8536026282286375, 52.004798579821355], [4.8178065210564505, 51.99976707735266], [4.826969148980904, 51.99259478314584], [4.835218241019001, 51.98614303904572], [4.834114747259953, 51.98558026113813], [4.844297194495996, 51.97635171839349], [4.845546569363863, 51.97520040101486], [4.847553358943577, 51.97513679663641], [4.849766050608097, 51.973853958437715], [4.860382288757051, 51.96801333748357], [4.864304494629367, 51.96339715523331], [4.865673936502275, 51.96043312090911], [4.868956554110393, 51.9567064913203], [4.871597820946141, 51.953710432320285], [4.872755499788206, 51.95094040619593], [4.875811797427265, 51.943533253979226], [4.877792638293838, 51.93803034590838], [4.872278159736329, 51.93835409455845], [4.863280779547812, 51.940025637773836], [4.859195312626983, 51.94083089572454], [4.846700907586125, 51.94137628803273], [4.837195614519199, 51.940420642263526], [4.832303861627454, 51.93863837922059], [4.814194808212561, 51.92623098992295], [4.81128301140567, 51.92455413000652], [4.801232671968221, 51.92163176340584], [4.790704467616614, 51.91965849932292], [4.777609658539901, 51.91706476236744], [4.7671930290251, 51.915902897530664], [4.761761786677439, 51.914216424620975], [4.7438692463641, 51.905248454602614], [4.723972086824737, 51.89809024977964], [4.7158119058711785, 51.895948724401094], [4.705601213722947, 51.89721799912109], [4.690955860158862, 51.89483733321901], [4.680676157943456, 51.893004769225236], [4.675994609452565, 51.89114203412313], [4.673367569946845, 51.89022725785515], [4.668166991912325, 51.889585017407924], [4.654652180234934, 51.889681659208286], [4.639301371938048, 51.89073290955089], [4.633217471498209, 51.890483254805], [4.625423882931293, 51.88938279234109], [4.6210662941219, 51.889401168789504], [4.61957288434124, 51.88952232367044], [4.595029543088802, 51.89417239669149], [4.5907979644176935, 51.895848186210046], [4.583021079011795, 51.90121241698073], [4.576329070816528, 51.90303147074023], [4.582035424260588, 51.90408621705718], [4.58419174120813, 51.903905135044376], [4.5890992190321525, 51.90236718320691], [4.588748353696741, 51.904187117921786], [4.592213625671509, 51.90560085419409], [4.592520693877597, 51.90440606206159], [4.593084199910895, 51.90467952950761], [4.593511560063731, 51.90410126208819], [4.5967336408203066, 51.905757248500926], [4.5951739432649905, 51.90708179188704], [4.5967696252767585, 51.907804684594936], [4.596826917871529, 51.907811117234935], [4.601464364749491, 51.90699734403538], [4.623218354478563, 51.908535782709215], [4.6351522077551, 51.910070023766025], [4.642783424231716, 51.91245736359834], [4.643019320748882, 51.91256901871009], [4.630587492994431, 51.921433379500805], [4.623665213296291, 51.92628496640361], [4.617704237663587, 51.93104989405203], [4.619488886274293, 51.93349203849051], [4.621463847037986, 51.93524956077363], [4.623776962502688, 51.93619155594163], [4.6309710936734305, 51.93629056226145], [4.6333506188207885, 51.93693954087224], [4.634735083695362, 51.93797553277984], [4.63612796537012, 51.94134336978248], [4.6396843784785995, 51.95112979038126], [4.646005647739407, 51.954181830910755], [4.6457088435618665, 51.95610718085664], [4.642060477365533, 51.95987057011893], [4.639773292510859, 51.96217681786714], [4.6329210457899155, 51.96632009225248], [4.630838399112606, 51.96818958246809], [4.632678126040607, 51.97024540824464], [4.648577092632402, 51.973007470878755], [4.64983461821079, 51.973429051427786], [4.655922773448482, 51.976553322076285], [4.667850471343505, 51.97885076696113], [4.670679400404831, 51.98042210112017], [4.671822561593306, 51.98447259829336], [4.674288870142229, 51.9870172601903], [4.676943992125304, 51.98828612884276], [4.682508396212843, 51.9926953181102], [4.688683952636744, 51.99625842027642], [4.690641115001719, 51.99667234694194], [4.696829180398425, 51.99694430737802], [4.701070985305053, 51.99756100383061], [4.707216650437013, 52.001762675151795], [4.712909230275719, 51.99914172522995], [4.714411191229787, 52.00040322229567], [4.718860972052438, 51.99836993768101], [4.726702103897427, 52.00126383753296], [4.726736259657345, 52.0012764152488], [4.727569580313949, 52.00158326483439], [4.724200717071361, 52.00338513608962], [4.722792359589274, 52.0054824752817], [4.728327530651274, 52.00734412866084], [4.730773946665746, 52.00735136280575], [4.7372917457386565, 52.00593552443977], [4.737733325504891, 52.006841840310685], [4.739321535340883, 52.00625249825342], [4.7420563761392085, 52.00458679325077], [4.74597016628748, 52.00279597848526], [4.752262087706388, 52.00234855554714], [4.757327396434412, 52.001438805948666], [4.7572475847418145, 52.00292651399998], [4.752763189774873, 52.01053695784886], [4.750991459097443, 52.013899228035285], [4.750879952740498, 52.01408879353779], [4.766206384267417, 52.01324240690714], [4.775944750448139, 52.01406456311196], [4.785078243446326, 52.016454532985385], [4.7987009716674605, 52.022272143534515], [4.803410908583797, 52.01414489615972], [4.805395563744078, 52.01413327152105], [4.808285897159419, 52.01414357893393]]]]}, "properties": {"type": "boundary", "gemeente": "Krimpenerwaard"}}, {"type": "Feature", "geometry": {"type": "MultiPolygon", "coordinates": [[[[4.554929606883733, 51.69685438708413], [4.544329252737295, 51.69512673176353], [4.548551273465231, 51.69660302717661], [4.565559986748971, 51.69973407849723], [4.572305111922862, 51.700072724374195], [4.554929606883733, 51.69685438708413]]], [[[4.3113117154201435, 51.74711357672983], [4.334275459908847, 51.74050377646098], [4.353262535744166, 51.73664424994559], [4.357172048569551, 51.73466473223552], [4.3577195101564685, 51.733420299174746], [4.357144838210354, 51.73181268150008], [4.350517733724522, 51.730864016899076], [4.34247003481574, 51.728827484378925], [4.3371069441612295, 51.726622340740136], [4.323864442099111, 51.72644199878893], [4.3109079227141045, 51.727651846155595], [4.3035421275438175, 51.73003889850166], [4.301214299895348, 51.73008459895719], [4.2908665832624955, 51.734207177783986], [4.290453265458136, 51.73448926954966], [4.2911515307320265, 51.734770990407426], [4.289194212426466, 51.73526059186983], [4.278945967912989, 51.74060561467381], [4.277133966315029, 51.740819926930584], [4.276827013820903, 51.74167005232319], [4.267742116750674, 51.745331543864445], [4.2624969344821695, 51.746600050517394], [4.264304046763585, 51.74579915630334], [4.262329230060019, 51.74666149354082], [4.258293288657972, 51.74864927094607], [4.258365742556875, 51.750060033668355], [4.2620927482049895, 51.75361350869604], [4.263628125906675, 51.75394825960135], [4.279536929934523, 51.7526855482748], [4.298482670916237, 51.74927017444298], [4.3113117154201435, 51.74711357672983]]], [[[4.450083323938358, 51.8321735345012], [4.458562497267074, 51.83164542959219], [4.467119800578114, 51.83194382849577], [4.478968716411118, 51.83421403651756], [4.4890946879175955, 51.83539554048362], [4.499247253365103, 51.835243164785055], [4.5114904798910125, 51.8326843323076], [4.525478346106994, 51.829854160916035], [4.531273029952445, 51.830198950499316], [4.5362943331681, 51.8311771366139], [4.542844175251318, 51.83186860222375], [4.548653218024285, 51.83176303743304], [4.5536090950631545, 51.82989687373874], [4.556345721036389, 51.8278318372929], [4.559300636314086, 51.82313869791726], [4.560725918487202, 51.81873554712804], [4.564462313951242, 51.8143301782096], [4.56674361093073, 51.81282918014815], [4.569631822507664, 51.81130853686248], [4.578295298743598, 51.80835525420555], [4.583083648191962, 51.807479985843734], [4.5968760925142265, 51.80643166917945], [4.597775710152246, 51.80629598768234], [4.621221587744064, 51.8008039476897], [4.621871674379768, 51.79769075907362], [4.6232126397146835, 51.792413429992834], [4.6268402867079805, 51.784751582353294], [4.627421819414441, 51.7824857692926], [4.627495271671068, 51.7821722036402], [4.62771182683919, 51.77763834579192], [4.626985169489821, 51.77290668823074], [4.626928984984246, 51.772663383665396], [4.626115141657022, 51.766051774998395], [4.627110049957503, 51.76028330848937], [4.631121936451269, 51.750107119097954], [4.631125942303308, 51.74174607953162], [4.62657908131053, 51.72825635422671], [4.6235968945832004, 51.72139590949798], [4.61857908937641, 51.72322711317714], [4.605927147000013, 51.717066296972035], [4.5954459589257475, 51.71478789322772], [4.588222979559863, 51.71191354115699], [4.584836944668875, 51.7115416617435], [4.580707941180422, 51.71200395443478], [4.571671997774813, 51.710225767938105], [4.571454976554443, 51.70925304472809], [4.567426869450064, 51.70721425609355], [4.557969806312534, 51.70445366012008], [4.551456854142401, 51.704385345276904], [4.534974825461144, 51.70190906690307], [4.530378979478374, 51.70116095903699], [4.516203407317775, 51.70330812017528], [4.511885470152756, 51.70448879935813], [4.508719458601314, 51.7065570569636], [4.503178624298917, 51.706583116585854], [4.493051990014468, 51.70882428407294], [4.4895488436317255, 51.71082155245682], [4.475127489907441, 51.71299749801337], [4.467248111463574, 51.71507294279365], [4.462154511078819, 51.71487622420737], [4.458038154943029, 51.71570441049931], [4.451963721919101, 51.715529308915805], [4.451607771445928, 51.71788254839757], [4.449790503115233, 51.717507766487785], [4.448870600247185, 51.717849170857725], [4.4480340952415585, 51.71770587119727], [4.448255970101499, 51.716869088131304], [4.44897799624299, 51.717160736423274], [4.4502410248914135, 51.717030847131866], [4.451310893488651, 51.716601389754125], [4.451567450800735, 51.714979425841165], [4.446190252982249, 51.7154760817023], [4.444889667536161, 51.71703512385292], [4.446703252581923, 51.71711371386338], [4.446586141969936, 51.71762618315148], [4.443987060921222, 51.717505657765145], [4.445266790332129, 51.71545536298629], [4.44312789455612, 51.71549374755008], [4.442432262639841, 51.716644641567385], [4.438984693577246, 51.71556799010133], [4.436214865400632, 51.71616057623765], [4.435374536070387, 51.71688958686289], [4.42154120281474, 51.719298551510136], [4.418133530664563, 51.71877859306098], [4.41952531452849, 51.72083441821211], [4.418422136200581, 51.72096682960661], [4.416913439374771, 51.71902639029673], [4.412272057295533, 51.720946448536104], [4.409492779986644, 51.721115514352334], [4.407460723358275, 51.7222157202682], [4.4061533025184065, 51.722064155028754], [4.405020726091993, 51.720350266620564], [4.404028214334537, 51.72024609979293], [4.398231031450397, 51.71133423034553], [4.398046095701494, 51.71137814338529], [4.397899422756333, 51.71141297119873], [4.40346189283382, 51.72034283199472], [4.400348408611132, 51.72140589056607], [4.400254871806096, 51.721667959790715], [4.40225885073773, 51.721207995562224], [4.403461647830075, 51.72178313844944], [4.404241869634707, 51.723362967816286], [4.384466727467907, 51.73059353949137], [4.383595234098113, 51.73175500695699], [4.371150886505958, 51.735125772364114], [4.349499641625238, 51.74333154842765], [4.316968412467135, 51.75196070138677], [4.290167362956956, 51.757453081977395], [4.290442573542016, 51.75773847883769], [4.295905430475792, 51.75658100880692], [4.29635625422451, 51.75735687248094], [4.29010593822934, 51.758558998044656], [4.289687943895111, 51.75773575509838], [4.28354888567353, 51.7585220482492], [4.267190869922712, 51.76105380381492], [4.257255607940936, 51.76418595325723], [4.248718713959295, 51.7658647787998], [4.238504789573203, 51.77261518485174], [4.236006291706148, 51.77554510992096], [4.23088934449408, 51.77921295802542], [4.2304115235216555, 51.780424169518575], [4.232262546247535, 51.78133508036829], [4.238950298972681, 51.780180567490895], [4.2475322653465035, 51.78396143274971], [4.246628489731941, 51.78533953790299], [4.264369516370343, 51.8033966917991], [4.268596611964918, 51.80483938194376], [4.2716047964228565, 51.80515568135409], [4.284497358606922, 51.80366475187358], [4.295792181231205, 51.80211116170737], [4.299039866408708, 51.80406124120292], [4.305858568157254, 51.808595632643545], [4.317264242808311, 51.811287707531584], [4.330791658095724, 51.812974887001005], [4.337085379283306, 51.81643907128385], [4.33983471973657, 51.81682936221393], [4.347108419526488, 51.8178876366563], [4.3542985889014885, 51.81916529383198], [4.3574328414759504, 51.81902842065596], [4.369082643960014, 51.81698163971265], [4.379195304374334, 51.822497707229054], [4.382132142253587, 51.82407939479626], [4.3966299184544, 51.83103480779884], [4.399136932566569, 51.83142043565773], [4.412553316403184, 51.829922618647245], [4.415597956767388, 51.82966890165756], [4.419013370239974, 51.82959054025231], [4.4222743312039166, 51.83022672427309], [4.428452198719441, 51.83421114922075], [4.432482634340761, 51.83704631992342], [4.443892836833201, 51.833430669645445], [4.450083323938358, 51.8321735345012]]]]}, "properties": {"type": "boundary", "gemeente": "Hoeksche Waard"}}, {"type": "Feature", "geometry": {"type": "MultiPolygon", "coordinates": [[[[4.932126129462698, 51.94755162695455], [4.939234728151663, 51.928937881112574], [4.942292824890557, 51.930166496717085], [4.945943911482081, 51.933289335987126], [4.947639306501434, 51.933710268506736], [4.949595167794138, 51.93156590000828], [4.956157087679552, 51.91559091812227], [4.964121176569487, 51.9137535881566], [4.964784854507804, 51.91351883741842], [4.96329282337669, 51.91278507365959], [4.964159785134855, 51.91226733236939], [4.964127805329366, 51.91063788023771], [4.9677915626276175, 51.910094000527394], [4.9737402387533, 51.90766731780735], [4.973410276876565, 51.89724997358047], [4.974354551614901, 51.89709303412116], [4.978837637507413, 51.8983054949873], [4.991449122738865, 51.90167329278647], [4.99434016941746, 51.902345240589575], [4.994376796229453, 51.902239237664546], [4.994967650252381, 51.90229229279696], [4.9963014394021785, 51.89668920577276], [4.996672218452635, 51.89010554663533], [4.999451773471741, 51.884283515885464], [4.994951907915633, 51.87695631598235], [4.9962375519852245, 51.873119227218176], [5.001266241235556, 51.87499226527632], [5.001241890144167, 51.87472595885063], [5.023746852982248, 51.88105666816443], [5.026955371224588, 51.881918264198426], [5.027253891032881, 51.88152787171917], [5.025710776200286, 51.881156999560304], [5.02322691666089, 51.87574090436294], [5.023166566961274, 51.87202680047428], [5.021815904928053, 51.86911561774862], [5.027387189962804, 51.86373913766201], [5.0269072215100605, 51.85860784120146], [5.015627389097552, 51.85917816168929], [5.00951974747815, 51.85804609171648], [5.00524720685376, 51.857933415656206], [5.0012493583173665, 51.85905865755315], [4.995964314311665, 51.86184862328509], [4.993967174850837, 51.861222795474], [4.998304405355955, 51.85486160979234], [4.9986838349999685, 51.852277310681195], [4.9963411407872655, 51.84922873334391], [4.981259858397138, 51.851870340571836], [4.983317935509907, 51.85710831546368], [4.964975977625115, 51.8615915941277], [4.959308982029073, 51.86288493712178], [4.956971990855163, 51.85957312623198], [4.938894688138339, 51.8635183431369], [4.938398140756223, 51.86362932062229], [4.940345706122688, 51.85842844779842], [4.9427137784922515, 51.844784167103654], [4.936939260285868, 51.84437846522305], [4.9366171121514535, 51.84293383279162], [4.930885322060182, 51.840265950950595], [4.925440641272152, 51.84023949980419], [4.921822164431442, 51.840788930928866], [4.9248631682808455, 51.83971846171971], [4.909860952147057, 51.83884841809197], [4.90215037105617, 51.83765353125387], [4.882773185175314, 51.83309410884083], [4.875090973126817, 51.83231852729035], [4.867927707639302, 51.83199373441231], [4.86759171312083, 51.83397950513175], [4.866449941782511, 51.834836960209856], [4.8630061830352185, 51.832940890176275], [4.860336251964392, 51.833011937006475], [4.854366952878235, 51.83213264096478], [4.851112626754796, 51.83312843263276], [4.847948850393668, 51.83261737894127], [4.847673727758524, 51.83297548279786], [4.847536765549742, 51.83345631505669], [4.8472969808674975, 51.833944460157724], [4.847025860468908, 51.834528056498804], [4.845327785264546, 51.83857539292665], [4.838081636698636, 51.86073453441507], [4.813782630022022, 51.850339174193884], [4.81045946238706, 51.84969482572695], [4.810704848691124, 51.84925219855145], [4.8033780690861025, 51.846353404638904], [4.802736337557158, 51.846323265356766], [4.7954222780957085, 51.84497972471842], [4.78814688906453, 51.84493744806488], [4.780379327009763, 51.84663995389353], [4.7745454129502924, 51.84554312892005], [4.77314198607664, 51.84471052113946], [4.766977184388089, 51.84388739069726], [4.765225349213874, 51.84425658698422], [4.7613474808901515, 51.843735245435965], [4.758675271260972, 51.84440663580925], [4.756175456185678, 51.84496016239673], [4.753792517064402, 51.84450842519329], [4.742763687527146, 51.84100279864851], [4.743394378529289, 51.842719838768495], [4.740344477377639, 51.84325533702927], [4.7386536181249355, 51.84357361161912], [4.737139678225702, 51.846452901641484], [4.71412586513442, 51.84122461148847], [4.706696859482946, 51.84107121899007], [4.705429492106209, 51.841257854863635], [4.69919032561502, 51.84310450861375], [4.6900056853269225, 51.84563311261459], [4.683317529565686, 51.848437682113506], [4.6831908148381185, 51.84849149177244], [4.683109606544442, 51.84892005609684], [4.681512172824355, 51.85774350078508], [4.68126433826304, 51.85891234837744], [4.68126336057115, 51.85892137866984], [4.680709124444322, 51.85963849553764], [4.682397386164312, 51.86060418490914], [4.68598839973111, 51.86593208990696], [4.687673930298728, 51.866761114552126], [4.690439119311768, 51.866846928686684], [4.690816756928237, 51.8673053181846], [4.700239839190192, 51.87970966643955], [4.6972681632206035, 51.87985706985815], [4.68783440029416, 51.878717545227424], [4.677884784127537, 51.87530019076287], [4.672914388767893, 51.874791719771146], [4.668560799637355, 51.87507234982546], [4.664439182667021, 51.87494811729469], [4.642138891133806, 51.88019936151322], [4.637076180601125, 51.87629416219684], [4.629397585893923, 51.88083659340777], [4.62877532244196, 51.88121182594587], [4.628236390438706, 51.880799589739354], [4.626391721700813, 51.88065743912875], [4.6242303260264, 51.88380553389374], [4.620301148085381, 51.88763347680062], [4.619249561341518, 51.88844187509565], [4.61957288434124, 51.88952232367044], [4.6210662941219, 51.889401168789504], [4.625423882931293, 51.88938279234109], [4.633217471498209, 51.890483254805], [4.639301371938048, 51.89073290955089], [4.654652180234934, 51.889681659208286], [4.668166991912325, 51.889585017407924], [4.673367569946845, 51.89022725785515], [4.675994609452565, 51.89114203412313], [4.680676157943456, 51.893004769225236], [4.690955860158862, 51.89483733321901], [4.705601213722947, 51.89721799912109], [4.7158119058711785, 51.895948724401094], [4.723972086824737, 51.89809024977964], [4.7438692463641, 51.905248454602614], [4.761761786677439, 51.914216424620975], [4.7671930290251, 51.915902897530664], [4.777609658539901, 51.91706476236744], [4.790704467616614, 51.91965849932292], [4.801232671968221, 51.92163176340584], [4.81128301140567, 51.92455413000652], [4.814194808212561, 51.92623098992295], [4.832303861627454, 51.93863837922059], [4.837195614519199, 51.940420642263526], [4.846700907586125, 51.94137628803273], [4.859195312626983, 51.94083089572454], [4.863280779547812, 51.940025637773836], [4.872278159736329, 51.93835409455845], [4.877792638293838, 51.93803034590838], [4.9140110769802945, 51.942435708685174], [4.919187346111057, 51.94472873932614], [4.926301063977461, 51.95092776694193], [4.929475238613402, 51.95019127555886], [4.932126129462698, 51.94755162695455]]]]}, "properties": {"type": "boundary", "gemeente": "Molenlanden"}}, {"type": "Feature", "geometry": {"type": "MultiPolygon", "coordinates": [[[[4.220379713650154, 51.825914160674486], [4.220085087988989, 51.825745739841956], [4.219791743863666, 51.825942290825566], [4.220126949663983, 51.826084238474465], [4.220379713650154, 51.825914160674486]]], [[[4.10772353293835, 51.936141504017804], [4.112674698481952, 51.93479839151105], [4.113055442879263, 51.93574061687398], [4.144889661756914, 51.93140938281825], [4.1626686058044395, 51.926651853960315], [4.16701831921306, 51.92312539405886], [4.168186979014166, 51.91905693084877], [4.1723855307067055, 51.91858589724157], [4.172712463692352, 51.91854998861542], [4.176772805522753, 51.917789207863166], [4.18537102357946, 51.912885405847305], [4.197099404072942, 51.90830125235883], [4.21070485412722, 51.90133859042909], [4.215907730353648, 51.89893764114561], [4.220067401030134, 51.896066893505925], [4.228998735905198, 51.88568461548907], [4.230029934378294, 51.883063155687026], [4.232970058491216, 51.877485852969606], [4.2393836022684175, 51.872986004523554], [4.1852732114141515, 51.849707692989256], [4.191417470749131, 51.84893632650533], [4.1941792330128465, 51.85003943443838], [4.196541061301037, 51.8502874187186], [4.198104039216945, 51.84997371609312], [4.198174422097784, 51.849430137573144], [4.197610677122487, 51.847001758269855], [4.19639563576899, 51.84647813752253], [4.19472735724731, 51.844217419785416], [4.192735594427187, 51.84342958842436], [4.19347446951465, 51.84294656349302], [4.1947510427206645, 51.843306700860786], [4.196448581512224, 51.843509913847704], [4.196524771272266, 51.84314991548279], [4.198528875446652, 51.843393011300094], [4.198245264411453, 51.839694784162404], [4.195709971697034, 51.839683282768235], [4.195610207866508, 51.83918678718137], [4.1955456220709095, 51.836724537063375], [4.197122606978779, 51.83494584624266], [4.207084197248574, 51.83555755447822], [4.209153945629473, 51.83477975115832], [4.22025547744476, 51.82821298048087], [4.220602259363736, 51.827202542191664], [4.222215696902274, 51.82653755517902], [4.221970346237276, 51.82501864817586], [4.220683191932388, 51.82581127276148], [4.22011096651167, 51.82616363352895], [4.2196676333359715, 51.8259682267051], [4.2191111049172285, 51.82572292396425], [4.218134273501847, 51.826346662511604], [4.217774745333578, 51.82611349707278], [4.2197089143992335, 51.8245596981456], [4.212981264841861, 51.820581610136344], [4.213505436692477, 51.816171644955595], [4.212352325717968, 51.814025535814686], [4.199183263825843, 51.80988151034399], [4.194577047158803, 51.807083558203516], [4.194243193352251, 51.80430499261647], [4.1836059100997005, 51.80434627090108], [4.181975791822452, 51.804941381296345], [4.166466616164492, 51.817537633921404], [4.162847758942209, 51.81942422175255], [4.159884427101997, 51.82001287906043], [4.15891812651719, 51.82114331800973], [4.158597160517642, 51.82182621684171], [4.156281706583675, 51.822507209009615], [4.1473677503653095, 51.82154159772029], [4.143042816413623, 51.822851076227956], [4.139987554163285, 51.82259343627974], [4.138301982219995, 51.82108298124592], [4.138786838227725, 51.81994980971523], [4.136962931783853, 51.82009705455894], [4.136610502087675, 51.82039954106406], [4.131443421027963, 51.81966169539853], [4.128882125364383, 51.819832878226116], [4.128609853010214, 51.819246176330346], [4.128325981906526, 51.819225928717294], [4.12860743775844, 51.820833573595834], [4.1287297455992675, 51.822996024259204], [4.12903126510368, 51.82308884325066], [4.130072717893266, 51.82762137954119], [4.130321620534235, 51.82859587366949], [4.1299584752285154, 51.82863109587555], [4.129313315515639, 51.828498147629205], [4.129386141615259, 51.82837793060768], [4.129326134161993, 51.82836115825326], [4.128438824651229, 51.82964310601043], [4.128112255378423, 51.829535232816816], [4.129036163103365, 51.82827912084191], [4.128262103092642, 51.82725585479315], [4.127983599129762, 51.826135032917044], [4.128598252112719, 51.82445726350213], [4.12831105703631, 51.82259008340303], [4.128086629960123, 51.8208450016114], [4.127849890025733, 51.819319362341], [4.127666270692104, 51.81932313370837], [4.127562232324512, 51.81969814284014], [4.126931698518695, 51.819890090092464], [4.126999310180654, 51.8199493253319], [4.12735846426385, 51.819835488449485], [4.127509377985353, 51.82031075728265], [4.127222610083591, 51.820553130674746], [4.126181916378282, 51.82078169966299], [4.125349295832644, 51.82060656951189], [4.125187613133719, 51.82065072164185], [4.125563031459027, 51.82084468606423], [4.125136460360045, 51.82141184544026], [4.124162170214491, 51.82170626847833], [4.122718033378706, 51.82159586670247], [4.122576742862611, 51.82080680575936], [4.121380735580167, 51.82033986556307], [4.1212477100438445, 51.82044672039417], [4.121559001681844, 51.82060671079859], [4.1221722167420864, 51.821943383312515], [4.121284229095537, 51.82219837687146], [4.121253115975889, 51.82231192202244], [4.1219346439389115, 51.82229718394279], [4.122768836238485, 51.823993705384446], [4.122654247716912, 51.82401826673219], [4.122850147219318, 51.82445419659234], [4.123003659811022, 51.82442752552508], [4.123569070256648, 51.82567651155237], [4.12187850766893, 51.82597488691326], [4.122229745243714, 51.82680277925136], [4.121568218186635, 51.82692877882519], [4.121370025534103, 51.826557412853894], [4.119839900283785, 51.82662881965842], [4.117604800487002, 51.8217780657374], [4.119583969635984, 51.82081825244787], [4.119421362654096, 51.82062514479132], [4.116548246747425, 51.821651313370616], [4.11743649988987, 51.82522448733933], [4.115489879103744, 51.826859138684284], [4.113113986485207, 51.82745501704889], [4.1029077623339845, 51.82829372790692], [4.103045407334997, 51.82708137854912], [4.094248601237839, 51.82903510532323], [4.073784089080745, 51.842561716950286], [4.071892321734038, 51.84256111134756], [4.057876136300682, 51.83757541178183], [4.055428745967985, 51.83590882885714], [4.054676398121955, 51.83627447601008], [4.048791181804508, 51.83188037594383], [4.048596383906022, 51.832055528170876], [4.0544190710021155, 51.83640109233453], [4.05337031453353, 51.836942444559405], [4.056318831402732, 51.83915182955033], [4.061405713973715, 51.84194238878859], [4.066297891604255, 51.84364412278176], [4.067459528014535, 51.84542376564475], [4.0679550693016315, 51.849179603250484], [4.0656644006143745, 51.85278499870341], [4.052367993069354, 51.86636693896626], [4.0373234721104065, 51.879645110365175], [4.030564475706535, 51.88422894851716], [4.029378215529897, 51.88637407976965], [4.029602423251932, 51.889747673784186], [4.030947043891826, 51.89237186628503], [4.0475971531612815, 51.90777899332562], [4.050308310695055, 51.90732416032665], [4.052271566704342, 51.909129980877545], [4.051778688872458, 51.90942998462574], [4.050531036201764, 51.90991768721464], [4.051293741698622, 51.912619557154414], [4.053274917792975, 51.91450949215717], [4.052658099349009, 51.918379593327224], [4.0475542191011655, 51.92140867750757], [4.040136295471658, 51.923907245652785], [4.029424857577343, 51.92070699306553], [4.0188134952805505, 51.92058862201537], [4.016209307511205, 51.91881412493548], [4.00997002550222, 51.9183760520934], [4.003095917747132, 51.91665887746224], [3.99906240695438, 51.91513063040841], [3.9935268193412266, 51.91584767472226], [4.063934700293944, 51.93222689715077], [4.073715745571627, 51.93362831236526], [4.082837053617309, 51.933671278897265], [4.092893508172031, 51.93252783238539], [4.102002273998899, 51.92353035654536], [4.1020024742654, 51.92353047109952], [4.101719378457923, 51.927009233463906], [4.10772353293835, 51.936141504017804]]]]}, "properties": {"type": "boundary", "gemeente": "Voorne aan Zee"}}]}