{"type": "FeatureCollection", "features": [{"type": "Feature", "geometry": {"type": "MultiPolygon", "coordinates": [[[[4.7829314185886345, 52.255148785541614], [4.7808885607745575, 52.253520211553955], [4.7791975107294915, 52.25353623475859], [4.770866954651641, 52.249909347651226], [4.768994593238311, 52.24839857005125], [4.767888578411696, 52.24697793112044], [4.768065489301134, 52.245394767417956], [4.7732717939929055, 52.2410344876146], [4.72376412884023, 52.21657406938186], [4.723301684122906, 52.21635428173808], [4.72364931430121, 52.21823538592935], [4.722896340773324, 52.22036432318055], [4.724154341635821, 52.232371756118276], [4.7044277098197, 52.23384246733638], [4.7002432860673515, 52.23307984235489], [4.696243701423219, 52.23210967197465], [4.686210075921955, 52.226633850473], [4.683631796274082, 52.22635442272673], [4.679974600414313, 52.226763496193875], [4.676698480277878, 52.22592590650818], [4.670347535106609, 52.23075617326781], [4.6770733264895, 52.23438709344091], [4.681248211131844, 52.239143278645045], [4.692713213495047, 52.24272009379055], [4.695512376720401, 52.243223166103526], [4.701866933796449, 52.244468313850106], [4.705266860844009, 52.246755604454215], [4.713219942508993, 52.25540130778466], [4.720785472571687, 52.25878191352723], [4.725877059541041, 52.2633392637278], [4.729795314545822, 52.26516340900684], [4.73456718734308, 52.26654707879636], [4.739234850964471, 52.26761394255467], [4.743765321231858, 52.269838026643136], [4.745618074323677, 52.27164322577153], [4.746699252184031, 52.27225376994006], [4.751321999465905, 52.27368991100238], [4.7568784803849375, 52.27440155478651], [4.765113040363746, 52.276782565868494], [4.771019883488647, 52.279366623752544], [4.779910397925168, 52.28313069995996], [4.788341444294648, 52.28853133159092], [4.7932482126533555, 52.294099819125044], [4.794442835623806, 52.29626738965151], [4.795663249695153, 52.29932426534665], [4.798835652427431, 52.30142145517163], [4.803702070348251, 52.303584321551604], [4.809883549285992, 52.30577641823578], [4.822402283281071, 52.29202399267483], [4.823842256693047, 52.29054023209485], [4.823827085738729, 52.290015709800336], [4.8191044653605095, 52.28547326371111], [4.8149537326411656, 52.28142856622706], [4.810220693957898, 52.27680812304695], [4.8068623901292895, 52.27309599444978], [4.800626101265315, 52.26605424086831], [4.7955718023732095, 52.261554960084396], [4.794697687931723, 52.26068221451104], [4.794603561198368, 52.260055488933446], [4.7829314185886345, 52.255148785541614]]]]}, "properties": {"type": "boundary", "gemeente": "Aalsmeer"}}, {"type": "Feature", "geometry": {"type": "MultiPolygon", "coordinates": [[[[4.778040722748534, 52.66431841011437], [4.774032013514975, 52.655222490689475], [4.774031858023757, 52.65522219510764], [4.773003982947074, 52.653408786649145], [4.775606451044382, 52.65264660797846], [4.773668010041946, 52.64835510329213], [4.7919411848823525, 52.65629085154486], [4.792016865750298, 52.65644183223243], [4.793615404391986, 52.6571449063778], [4.800508069496329, 52.66024147001946], [4.800543427448549, 52.66003276209209], [4.8005645884695465, 52.657873467565096], [4.8005645852102345, 52.657873379474516], [4.8004147081768345, 52.657244737458996], [4.798642707406896, 52.65355746664269], [4.792981618313002, 52.64842164802951], [4.786685126354286, 52.64058766980219], [4.785277561027632, 52.63811528341355], [4.788401796110104, 52.63889010932845], [4.791641723245208, 52.63823415863195], [4.794704498659022, 52.63788330947498], [4.807814798004491, 52.63398425296481], [4.814475902147081, 52.633871782414595], [4.824208791775207, 52.633823361733924], [4.830223034072491, 52.632678294144675], [4.834410008878579, 52.63742909983737], [4.83453639684394, 52.637994799213374], [4.83450923162935, 52.63915429649071], [4.835184881961948, 52.64089711577987], [4.8355294763777215, 52.64243919848497], [4.838547707569769, 52.64613821515631], [4.84272775397145, 52.645937674688035], [4.8474198746159, 52.642059938287865], [4.8516048287136915, 52.64056481950096], [4.860553039650579, 52.63913581008642], [4.8629706886306145, 52.63745139536759], [4.863880296629379, 52.6353598221008], [4.873400112649763, 52.63444089553354], [4.875534901491181, 52.6341128866796], [4.881374848773152, 52.63343690083018], [4.885348986735075, 52.63013713662094], [4.888048391805827, 52.62737922534356], [4.889399569804802, 52.623921266306645], [4.887249508706378, 52.622594655057114], [4.883990572165206, 52.61313891739981], [4.896929284038659, 52.61335246619657], [4.922043081354847, 52.611484771597745], [4.925789002641805, 52.6094761992744], [4.926923798100717, 52.60669738848961], [4.921438223652272, 52.6083135979964], [4.915374146552671, 52.60864248096688], [4.901166967935459, 52.602925381782285], [4.893493483411655, 52.59783769544999], [4.8905184593759685, 52.594618304209774], [4.884748372482474, 52.584236492703134], [4.876378184759394, 52.57783056675697], [4.868629678730595, 52.5759458873607], [4.865670666812609, 52.57375076608666], [4.864236568261949, 52.571621896919986], [4.863031546853147, 52.56872568720382], [4.862938478684552, 52.56504775532447], [4.861340337681173, 52.562277976718896], [4.858683437135027, 52.559456159605475], [4.853840900474875, 52.55676969388295], [4.851827222981562, 52.554832265545606], [4.848306040005155, 52.55007286893873], [4.844586543567501, 52.547309844538354], [4.842277084033938, 52.543494111333544], [4.835494950392861, 52.540666820155856], [4.833909493517901, 52.53896095760785], [4.828030827175065, 52.54166916275293], [4.824384325551582, 52.54260054249783], [4.820985630376214, 52.53824694655243], [4.819026591105451, 52.538726554621825], [4.8169921445173465, 52.535648784928625], [4.824406345253373, 52.533805043657765], [4.820186102956946, 52.531232369087206], [4.811625769400036, 52.53019105328829], [4.80470518113013, 52.5253607052064], [4.798283529325976, 52.52436099028582], [4.79243894088631, 52.51972568548098], [4.789860215640851, 52.51923636254784], [4.784970851706204, 52.5194201038781], [4.784970583233952, 52.519420115431416], [4.784710115598479, 52.51943695934823], [4.782475757599948, 52.519581421291555], [4.777844832888201, 52.531770827312876], [4.7777326324436125, 52.533745370078236], [4.778062566596101, 52.54417832263841], [4.781621828271224, 52.557102795134035], [4.77196606803568, 52.559898915330415], [4.756857594255537, 52.56207196753481], [4.752540171317071, 52.562781976957076], [4.7450826691695065, 52.56685206119775], [4.744700479177974, 52.5679422849024], [4.747279845364916, 52.57135534994013], [4.748900432380498, 52.5739852964368], [4.751310621449723, 52.58227758112163], [4.756476607346745, 52.59156895165402], [4.752479169579346, 52.59257784529335], [4.752137370577471, 52.59189150290873], [4.73746065417408, 52.59385891933358], [4.736964935812136, 52.59576267157122], [4.7379080068833686, 52.597291194187946], [4.735408680262131, 52.603825049734546], [4.736185327377775, 52.605445275305314], [4.73389761900758, 52.607296069170644], [4.73334653820689, 52.607547868457786], [4.7378782594015645, 52.61216203950679], [4.737878522600769, 52.6121623132616], [4.739449762758559, 52.6138688677888], [4.733186820433235, 52.61765559384924], [4.731262901802061, 52.61868555244673], [4.731262842338879, 52.61868557908086], [4.721528577259023, 52.6225097730121], [4.7163067255623865, 52.62498589013956], [4.714585224456626, 52.624782685673715], [4.714895679415473, 52.62534758793684], [4.715285444173357, 52.62582050591596], [4.70979508913836, 52.62872464290671], [4.711331240419221, 52.6299148074994], [4.708305074193056, 52.63088141035525], [4.709814804726354, 52.63250543351279], [4.708866183839143, 52.63550976757659], [4.710033458424485, 52.64246831897679], [4.714199658432649, 52.64282247641895], [4.712813277331066, 52.64621149045806], [4.7176078368359065, 52.64665061848084], [4.7169335561667625, 52.64959666097114], [4.720393040133934, 52.65008153013636], [4.721935360029234, 52.64918066755815], [4.722675190181144, 52.649365742243134], [4.721791794213259, 52.650725865816405], [4.725249543754357, 52.65194518464835], [4.726822302699833, 52.655490798762344], [4.729245775848332, 52.65612217378733], [4.725705892961119, 52.657310253349614], [4.727553712970871, 52.65739090637339], [4.727623922849913, 52.65850023319037], [4.730641880646712, 52.65875346415169], [4.731527915418165, 52.65981238230494], [4.732852108578885, 52.65989083065408], [4.7311528345375935, 52.66158989825332], [4.7337000544890575, 52.66180329229623], [4.7352070366313885, 52.6613881231522], [4.734098310027809, 52.66293142506598], [4.739253226399838, 52.66294154237966], [4.7426041869311275, 52.66118238658593], [4.745162688338708, 52.663364813312924], [4.74593135408184, 52.663080196613826], [4.749012181838405, 52.66596961672391], [4.7524097405007915, 52.6714462862891], [4.747706036204886, 52.67685106194775], [4.74384249404758, 52.67869882359633], [4.741740376050725, 52.68080762689436], [4.743575193219532, 52.681309303617645], [4.744772996048225, 52.68167975931552], [4.746906587812946, 52.682302883982295], [4.749982673204959, 52.68237363352056], [4.7725053734650205, 52.67770590515759], [4.779024501895055, 52.67648459639537], [4.779011667329893, 52.67404530699852], [4.77857626553792, 52.672305231793246], [4.775968866330451, 52.66784949766543], [4.774488995778362, 52.66534347931908], [4.778040722748534, 52.66431841011437]]]]}, "properties": {"type": "boundary", "gemeente": "Alkmaar"}}, {"type": "Feature", "geometry": {"type": "MultiPolygon", "coordinates": [[[[4.855942089009996, 52.330255396001476], [4.856523040812572, 52.329414146266735], [4.8563906664056375, 52.324930528193995], [4.856334027736575, 52.321762382530345], [4.856466106942343, 52.321765060075634], [4.856754537859404, 52.32141348358027], [4.85759982830636, 52.321421915791866], [4.857641142688704, 52.32173656776444], [4.861485192516087, 52.32180284364417], [4.869141732441888, 52.321933024212825], [4.869143280977106, 52.321933050666054], [4.869354509273654, 52.32193684798142], [4.878106869835057, 52.322092215607874], [4.878117132838043, 52.32209239769444], [4.882176518107854, 52.32216419164451], [4.893007811735911, 52.322369668626386], [4.894915115418662, 52.32242125419557], [4.895157912707849, 52.32240650846679], [4.896291139808407, 52.322420005096866], [4.898280078924382, 52.32164412037654], [4.902531825411114, 52.32132450013769], [4.907839989393933, 52.31950500193107], [4.9091347225707835, 52.318253356737216], [4.905411554497494, 52.3160054592894], [4.9060661071404, 52.31391427912513], [4.9052547130560855, 52.31068447464582], [4.907811432880664, 52.307003136881875], [4.904091271982178, 52.30371301010016], [4.899605476081921, 52.30098128966493], [4.898565800918997, 52.29934226944304], [4.901175254729259, 52.29698596926926], [4.9010177173103555, 52.29607576588964], [4.8929713353832565, 52.29522420302243], [4.891779274998017, 52.29470305523199], [4.891469053241915, 52.2944664294869], [4.890913048501974, 52.29149429956538], [4.887074355831735, 52.289738743983584], [4.887480834340065, 52.28896760623242], [4.889770643325275, 52.287918596626774], [4.888671341335744, 52.28689878441214], [4.885325877828895, 52.286496833436324], [4.884541939820144, 52.284179851180504], [4.878783422966529, 52.27890289364449], [4.881629586784983, 52.274463229879224], [4.881578205602465, 52.27208088763479], [4.87947017814749, 52.26707601341788], [4.882344846558208, 52.264039919714335], [4.879080387292573, 52.26171297521873], [4.873273633594877, 52.26060028405458], [4.873645710517663, 52.25805330425491], [4.870669960070169, 52.25485005688663], [4.870121456918477, 52.253282613317815], [4.868779368852677, 52.251698808499135], [4.8661135601273315, 52.250988742205465], [4.86062114156089, 52.24821728542502], [4.857522040546249, 52.247723534052724], [4.856535252898648, 52.24627623772688], [4.855291294790534, 52.24555644676891], [4.854938229569993, 52.242146110242274], [4.852053620239844, 52.242013981938335], [4.843772501581476, 52.24566592592454], [4.834763905520572, 52.24982444966245], [4.824836081608872, 52.252749054029444], [4.807524666946301, 52.257573965453446], [4.7953192675896466, 52.26098446621537], [4.794697687931723, 52.26068221451104], [4.7955718023732095, 52.261554960084396], [4.800626101265315, 52.26605424086831], [4.8068623901292895, 52.27309599444978], [4.810220693957898, 52.27680812304695], [4.8149537326411656, 52.28142856622706], [4.8191044653605095, 52.28547326371111], [4.823827085738729, 52.290015709800336], [4.823842256693047, 52.29054023209485], [4.822402283281071, 52.29202399267483], [4.809883549285992, 52.30577641823578], [4.817075189984515, 52.31182088897428], [4.817152433981393, 52.311967173311736], [4.816123867609157, 52.31349149005822], [4.819061389651512, 52.32331858356398], [4.818752187798918, 52.32556050286274], [4.825178425742409, 52.325731251179306], [4.839404889431535, 52.32735956540352], [4.839476081811519, 52.32914589608297], [4.840475295502503, 52.32957654623587], [4.84396054625602, 52.33021867404152], [4.845111586163683, 52.32973486258338], [4.847623136468494, 52.330071453737126], [4.847987086767978, 52.330567054152276], [4.855942089009996, 52.330255396001476]]]]}, "properties": {"type": "boundary", "gemeente": "Amstelveen"}}, {"type": "Feature", "geometry": {"type": "MultiPolygon", "coordinates": [[[[4.989602676917161, 52.32754789559957], [4.99167074195198, 52.324437871758164], [4.996894734043745, 52.31764256956293], [4.997424569631822, 52.31673592295456], [4.99709006746162, 52.314455863592286], [4.997296853530034, 52.3141958114942], [4.9974551440503365, 52.31424634084379], [4.997859321189539, 52.31397907370974], [4.998078172731362, 52.314035073482565], [5.0161326616465365, 52.32451231523296], [5.016652236538253, 52.32298709457629], [5.017931828680518, 52.32319253674707], [5.018422986914719, 52.32433910209363], [5.017272262923184, 52.33018688927289], [5.021586338409055, 52.33086251188456], [5.0289518378515705, 52.33076983776702], [5.0397937473406085, 52.329027107314666], [5.043951325787601, 52.32796038501486], [5.044800400498147, 52.32747342908227], [5.044394067673541, 52.32714905507895], [5.045593839122009, 52.32676798630109], [5.049065461324657, 52.32699180203866], [5.058210149765637, 52.32481708706864], [5.061512685330141, 52.32367492604897], [5.061107820229515, 52.32210571900281], [5.061518241363983, 52.32180090816272], [5.060124985577163, 52.32107171315023], [5.056740895026392, 52.31959965221635], [5.0590919812037916, 52.31705253710476], [5.058033969309412, 52.31668348430673], [5.0583391469192795, 52.31631751766534], [5.062535309001338, 52.31764224536324], [5.063297310817385, 52.31821076568692], [5.065258603981736, 52.319181738818465], [5.065720025241897, 52.32048183268481], [5.064686044930164, 52.32200614641838], [5.0693248382181855, 52.321676455396826], [5.075392954892396, 52.31914542459573], [5.091652466395119, 52.31464417300197], [5.093075985925617, 52.31415051088472], [5.092106225141395, 52.313023563789656], [5.094617989955107, 52.312426581745015], [5.100566309792176, 52.31029662887611], [5.096482121312358, 52.307292832790374], [5.09577038188249, 52.30376199401755], [5.0967930898040565, 52.30043691376161], [5.0989429494617395, 52.29869688117277], [5.101971261429956, 52.29780445106107], [5.10626579785749, 52.29833630983713], [5.107673843912651, 52.29729186604528], [5.1060645377228076, 52.29466875385429], [5.102918135462506, 52.294467972602234], [5.099353413974365, 52.2928037790479], [5.098472969177301, 52.29163642908225], [5.098714428810168, 52.29057398562968], [5.104645500272596, 52.28538496161624], [5.104297492723235, 52.28325552090366], [5.102815847930269, 52.28238386099991], [5.1020871990467995, 52.28170403632275], [5.10206527627174, 52.279891156988484], [5.087703523569819, 52.28168524729918], [5.084614842933005, 52.27940783776072], [5.077081216417787, 52.27797695285005], [5.064875124082622, 52.27826569155866], [5.063811689940925, 52.27857741776851], [5.065324656243694, 52.27965968869851], [5.063884742157925, 52.27997600419996], [5.06441158611449, 52.280737941773225], [5.0658576874243275, 52.28053766854081], [5.065862525116686, 52.28114022000612], [5.06547065689198, 52.2851984802648], [5.064791039174156, 52.28508086775861], [5.063424976851992, 52.28705542888408], [5.059539425442299, 52.28932044472291], [5.052737130331023, 52.28650856336104], [5.050419316066561, 52.2878630030158], [5.04277767252745, 52.28248848470792], [5.040741252551511, 52.28387536945127], [5.039520327162723, 52.28326364821214], [5.033211435347894, 52.286258437335036], [5.030527391122696, 52.28848750609618], [5.024380568474686, 52.28135780220275], [5.022825416771084, 52.28215078371693], [5.021866138297644, 52.28265361954796], [5.021542170961224, 52.30245712184659], [5.017701310483055, 52.30271575597608], [5.016173159854652, 52.30314314909467], [5.014263557679998, 52.3036771871582], [5.0127186957748195, 52.3035844044674], [5.007950911732178, 52.30154883322607], [5.005263755925759, 52.298393119529614], [5.00376407055321, 52.29834077599179], [5.003244682088769, 52.2963965962152], [5.003238907835258, 52.29601822738213], [5.001850207621394, 52.295879067218266], [5.001756835409438, 52.292772865147676], [4.997474308976031, 52.28911867895286], [4.983504882311236, 52.29036845220841], [4.971850061196003, 52.28436866166415], [4.9718385255754685, 52.28436103545238], [4.970371307737269, 52.283487760008406], [4.967575565108062, 52.27956199494303], [4.965800914043515, 52.28064923159204], [4.962631470552064, 52.28029168231663], [4.961052750350601, 52.27817456275645], [4.956570658271737, 52.27866600867832], [4.955239692764706, 52.27830526050019], [4.953873226382123, 52.28003062734158], [4.943197588331284, 52.29235727058782], [4.939242724385752, 52.29693984486412], [4.930255583140394, 52.30642998931887], [4.9294149712173825, 52.30782911699581], [4.92990807019959, 52.308103901898704], [4.929327547924277, 52.308532313443926], [4.929425024807592, 52.30862756014968], [4.930325526274467, 52.30918839433458], [4.930064487144147, 52.309340197491004], [4.934136944997807, 52.311903688721635], [4.936111569820739, 52.31258091255283], [4.935228323008244, 52.313888953666115], [4.937773455164985, 52.314764550069405], [4.938723139764809, 52.31509124511823], [4.938451195049603, 52.31565499906032], [4.938040835659306, 52.31650566442755], [4.9398296038751175, 52.31711975394723], [4.940330705385242, 52.318302466758375], [4.939584017757913, 52.31911993660962], [4.940205996064206, 52.31933322592166], [4.940221489918015, 52.319338539203244], [4.941042076575707, 52.319619950629885], [4.939926166118025, 52.321936154340186], [4.937618319680911, 52.32329952771109], [4.937960266131278, 52.324122494393286], [4.938528178845794, 52.324197379434096], [4.939151486227052, 52.32466629491079], [4.940495768209849, 52.325677555995405], [4.9418741787272635, 52.32615302682456], [4.9447153803244115, 52.32712985173148], [4.947657847250122, 52.32813841424945], [4.94811975785529, 52.32762963457022], [4.9526748107737495, 52.32264419818135], [4.956710696175802, 52.32403094329588], [4.956750577984842, 52.32404479102186], [4.967540264633407, 52.32775774239574], [4.970273152921944, 52.32617996223062], [4.970472660359165, 52.326288154602786], [4.970663580358924, 52.326383197180405], [4.975306156785085, 52.33056182657678], [4.977135287910503, 52.330642931563595], [4.977736052159918, 52.331026731194655], [4.980110101962624, 52.3309065983794], [4.983945700357751, 52.33066936937279], [4.986180944231046, 52.32971999887762], [4.989602676917161, 52.32754789559957]]], [[[5.007526839690383, 52.34441970853921], [5.005132484636485, 52.344170985151976], [4.999398417719315, 52.346255490916164], [4.998337145633227, 52.348461895564036], [5.004964280934149, 52.346143667937184], [5.007526839690383, 52.34441970853921]]], [[[5.012749832820197, 52.36729379418077], [5.001995379592446, 52.36627991066634], [5.00155209210914, 52.36682285741267], [5.014525177256164, 52.36797147217247], [5.012749832820197, 52.36729379418077]]], [[[5.014470179062843, 52.37175768526075], [5.014066182323872, 52.371658551240934], [5.013218477991266, 52.37166921694074], [5.012538898696801, 52.372390462259744], [5.012975481040186, 52.37300025529482], [5.013234694601049, 52.37308877560708], [5.014562815312275, 52.372956621594994], [5.014786068880906, 52.37261562230723], [5.014470179062843, 52.37175768526075]]], [[[4.7532045616149805, 52.4292410523024], [4.764755486855504, 52.42777776414449], [4.767537272166712, 52.42849826827938], [4.783479751810303, 52.42641354962287], [4.809938925135875, 52.42302437888316], [4.826606003019241, 52.4209211971867], [4.8277230248447065, 52.42078428168968], [4.842637291585633, 52.418798726645285], [4.856077341003425, 52.41666236341415], [4.859857047540718, 52.42047390168231], [4.857828691768459, 52.42398418320343], [4.857946923483817, 52.42471732257576], [4.862210540358229, 52.42856239478261], [4.862701438621672, 52.42959951412251], [4.862804365584228, 52.42962279819963], [4.862676803188223, 52.4299415469065], [4.864186488891844, 52.43026442194055], [4.86420579967113, 52.43037481254208], [4.865013098737932, 52.43054949690418], [4.8652563813255805, 52.430543585115636], [4.865969826729987, 52.43067889713158], [4.869543461537195, 52.429846682843696], [4.871460917134474, 52.430101510213056], [4.873205851384637, 52.4295494225781], [4.873620851864557, 52.42846501835943], [4.8765728678668, 52.42622813886904], [4.878992773038664, 52.425696540384564], [4.881647016946248, 52.425664351220824], [4.886861489824344, 52.42556256679817], [4.887683757832318, 52.425585702954294], [4.888141922279444, 52.42561827391548], [4.892682553386215, 52.425423882859995], [4.8987389821629455, 52.42446153426875], [4.898740285909788, 52.42448995854894], [4.905690754341815, 52.422130063731395], [4.907452364431202, 52.4212568205898], [4.90807338951081, 52.421102271877295], [4.907961432117087, 52.42087385692234], [4.908676039618899, 52.42071521834541], [4.909659540672674, 52.42024943003035], [4.914299864734635, 52.41849709010708], [4.9156618982438385, 52.41857074358206], [4.920449496355784, 52.41660718416358], [4.922744899230158, 52.415529830194764], [4.930715012912648, 52.41160770950756], [4.935141414488584, 52.41203989526153], [4.942645885597222, 52.41386009840977], [4.944778962918195, 52.415018297579365], [4.947787666041435, 52.421562367297554], [4.948806252078865, 52.42146447048568], [4.949681927243168, 52.4219836683595], [4.951480444456347, 52.42192986605688], [4.951721085962414, 52.42250713913921], [4.951339302136739, 52.42322863946263], [4.952328259501205, 52.4235236939979], [4.953558285529001, 52.42225675109618], [4.955776174100786, 52.42243204814069], [4.956004332208807, 52.421960453302425], [4.9733188082742945, 52.42279742323814], [4.976237273782216, 52.42402608310725], [4.982635402065838, 52.426762370349756], [4.987100446223461, 52.42284176533172], [4.989099127371892, 52.423306571356406], [4.990404509735131, 52.424518363653604], [4.990487924166867, 52.4254299369757], [4.995577014088769, 52.42547128224325], [5.000291728624805, 52.425406778784726], [5.018203971107516, 52.41905957334087], [5.0211446144198, 52.421054837831335], [5.028356152358545, 52.419416436528216], [5.02972663274254, 52.41770683290626], [5.03004362659269, 52.4156435117638], [5.032933037651169, 52.416462859195256], [5.035236903598038, 52.41825099655727], [5.040107961522485, 52.41730725654916], [5.049175945359383, 52.41512927386078], [5.065411341923613, 52.41723943109708], [5.068262318364552, 52.416558083928976], [5.067268465576988, 52.41342211248368], [5.057632878818705, 52.414816443027945], [5.052209324217016, 52.41318099540109], [5.046253498914225, 52.40673336606873], [5.037477168435869, 52.4042520305425], [5.03131055990678, 52.40068258954364], [5.029306988694515, 52.398498114082415], [5.024877015417416, 52.387947808589296], [5.018936233830585, 52.38650260406112], [5.017483960258128, 52.384529440649956], [5.016161880063605, 52.38424104511302], [5.014198435074795, 52.38457260948625], [5.012971850807112, 52.38423948609858], [5.01306908522113, 52.383479654304395], [5.010851049543093, 52.38306147642193], [5.011232174455913, 52.38216046873363], [5.012998933324028, 52.38231844232634], [5.013496926289042, 52.38183422522738], [5.013566162226999, 52.37867940308431], [5.011680234427687, 52.373632495655805], [5.008482212501759, 52.37257166515333], [5.001329517592763, 52.37522524634593], [4.999924816781945, 52.378309958829576], [4.998729971871156, 52.37871765493064], [4.994101481894772, 52.37762191238012], [4.993573701158546, 52.378301260160114], [4.998018238109785, 52.379493964628786], [4.998101957938379, 52.37941086826182], [4.998430249846452, 52.37950544388273], [4.998283106599436, 52.3797949736143], [4.991881359219261, 52.377990605187186], [4.991331647886956, 52.37775069252199], [4.99171247948828, 52.37744980326916], [4.991780827497075, 52.377253981426314], [4.991758502389576, 52.37720074947655], [4.991420622686344, 52.37721261680043], [4.989662842463506, 52.37759734335915], [4.98376395053521, 52.37403291424392], [4.981648285974455, 52.37346266174095], [4.9801463405209025, 52.373700540176905], [4.978499556297593, 52.375765677138844], [4.974615445855724, 52.37895511805685], [4.973964954564641, 52.37944219377252], [4.9741179506282025, 52.378733650698095], [4.974357047556692, 52.37411378297845], [4.97407095103555, 52.37193706675857], [4.980316660765899, 52.369049719419124], [4.978727406579048, 52.368732410483396], [4.973662234594718, 52.368572895668734], [4.973286597904602, 52.36756150421653], [4.976856366064741, 52.365266411234586], [4.980917359238403, 52.36329799902096], [4.983552890611979, 52.36438571084869], [4.983515236305887, 52.364725162792745], [4.983862565172312, 52.36475136205503], [4.98392562511543, 52.36453953328004], [4.9847388588783685, 52.36487513593559], [4.984223340779105, 52.3652180159563], [4.984690430774068, 52.36567299303451], [4.99077563228466, 52.363771194686635], [4.990623733304199, 52.363650780624866], [4.990238360308985, 52.36378724735954], [4.989080614672441, 52.36296475318338], [4.989392674636776, 52.36279067097061], [4.98660894333481, 52.36081681105217], [4.985800794207383, 52.36123900743779], [4.985397179709171, 52.360917071477715], [4.986295425418522, 52.36042927555782], [4.986171204637748, 52.36031877025572], [4.986627194674641, 52.36008351988702], [4.987083391594127, 52.359862093131156], [4.987390513333546, 52.359965228057625], [4.987697189555353, 52.35978594217116], [4.992076559759973, 52.361658084062874], [4.997145394014873, 52.35936455290633], [5.005756698833605, 52.35481080478776], [5.006132671703012, 52.355057157373764], [5.0065864081345985, 52.35481911497034], [5.006242489063949, 52.35455386729744], [5.0095160743156235, 52.353255381415806], [5.013552734173023, 52.354545288677734], [5.013780346863904, 52.355125520294585], [5.014033117879587, 52.355178632892596], [5.014403477649754, 52.354817115005844], [5.015248286947506, 52.35508703591107], [5.0198211270243105, 52.35632576693033], [5.020418905839009, 52.35647179448977], [5.020508356103881, 52.356097309917914], [5.0211254178980225, 52.35546786958961], [5.021251547180252, 52.354101860537085], [5.020595821217117, 52.35386867574291], [5.018258210347966, 52.35378207505867], [5.01717916091314, 52.354009229247325], [5.016501275241421, 52.35367527992684], [5.019102295162181, 52.35038211735758], [5.018806817058865, 52.34988591366209], [5.015147100690272, 52.34861195816674], [5.015511456469409, 52.347950442212124], [5.015147674297799, 52.34782864387495], [5.0152936055370265, 52.34763377109578], [5.015118003700904, 52.347433523868204], [5.014776914407743, 52.347841056536716], [5.014329086392621, 52.34780817068463], [5.014159361882105, 52.347564411464674], [5.014570083130998, 52.34706964528067], [5.009087486771582, 52.34503703763963], [5.003626441324794, 52.347808327278585], [4.998793662442478, 52.35079753962741], [4.999191810640224, 52.35107748061495], [4.999083688948357, 52.351135696081826], [4.99901291466079, 52.35117265227304], [4.9975583849495635, 52.3503065305093], [4.991876360065217, 52.35288205616324], [4.989314765470772, 52.35471714389896], [4.99019882566405, 52.35493033509118], [4.986720414242087, 52.35663964918491], [4.986523385516756, 52.35800359567727], [4.987368934438244, 52.358164210055946], [4.989027622654884, 52.35730037742846], [4.989433508891716, 52.357376884418656], [4.989900514433357, 52.35712957713343], [4.990028244404595, 52.357214611222865], [4.988133243455929, 52.358240176365676], [4.98819553722683, 52.35864057934973], [4.986097612191831, 52.35979326284171], [4.984714508112265, 52.36032802574566], [4.980460357908297, 52.35856603404081], [4.979430125045541, 52.359478902922724], [4.979732926601565, 52.359640354890665], [4.978419312498163, 52.360822848862945], [4.977167598374058, 52.36031426287753], [4.976200939843665, 52.361087147729684], [4.97539324337761, 52.36077056846881], [4.974214563867022, 52.36183099443178], [4.977687329204547, 52.36426141591465], [4.976385984865842, 52.36499574032121], [4.974355986787013, 52.36581139994006], [4.971649998141225, 52.36489820423454], [4.970358599539028, 52.36327678049863], [4.9689505351082826, 52.36085490516214], [4.97410482743079, 52.36068585146358], [4.974154849113245, 52.35804918104253], [4.975170032729816, 52.35721325674538], [4.984381755945295, 52.35811119005642], [4.985742969398342, 52.35762657982948], [4.9851281925513815, 52.35537145969678], [4.991427982432859, 52.35242373565167], [4.994396009924706, 52.350030365140164], [4.995790933431001, 52.34981088967738], [4.996998490961672, 52.34869492887394], [4.998394601803989, 52.34634622183305], [5.002535632068064, 52.34411542397523], [5.005812863302933, 52.343555493427615], [5.010639395776395, 52.34410126109088], [5.012303318408481, 52.34384643799031], [5.0122571764207855, 52.343801276117865], [5.009067418981495, 52.34189155061924], [5.004161138140325, 52.34257764639039], [4.999319605280309, 52.341536461752256], [4.998342110984603, 52.342011454327704], [4.989911509967132, 52.34646084631841], [4.983802734955622, 52.349710037011576], [4.980361288807588, 52.3515442410079], [4.976708149432073, 52.353491984545045], [4.972479643820477, 52.35545644090696], [4.969593771650635, 52.35610176568548], [4.969312794618758, 52.35561031610124], [4.969500510893233, 52.35557699627922], [4.969521405878853, 52.35549826600285], [4.968873128613168, 52.355153734472474], [4.966238875160491, 52.35416385587827], [4.96585613639517, 52.35465124446453], [4.9645375342211375, 52.352773281745286], [4.960427587220553, 52.347935979293105], [4.960376313848526, 52.34788582837372], [4.956359775404378, 52.34368011397219], [4.956266986371994, 52.34358696015518], [4.952730077413217, 52.340158740175994], [4.952498313117954, 52.34000685149601], [4.949700477843317, 52.33872756292204], [4.949859310548048, 52.33852835308904], [4.943747482854365, 52.336741008659786], [4.943797507366428, 52.33671248035168], [4.943004994475976, 52.33657448608489], [4.942596182259783, 52.336521217180035], [4.941720315822634, 52.336407094118805], [4.941704731922725, 52.335532979743874], [4.9396738097356225, 52.33560764276446], [4.9365108771327355, 52.33459209566652], [4.935622926563853, 52.33551405935159], [4.934219876932896, 52.33549611368905], [4.928492567845575, 52.33655491379865], [4.926769212888678, 52.33596468328537], [4.926941286132301, 52.3357766913271], [4.9257726242766395, 52.335372823960995], [4.925361960556219, 52.33538148400147], [4.9249453566170445, 52.33538289687106], [4.923764560296163, 52.335442774007255], [4.922549756589113, 52.33308430222788], [4.917482582991996, 52.331536634663465], [4.912931075453648, 52.33051052934523], [4.913264919921424, 52.3284010761966], [4.913264938722201, 52.328400957308006], [4.91359187723982, 52.326333242358814], [4.913880686299106, 52.32455166882841], [4.911099576480979, 52.32409813343455], [4.910333574351323, 52.32356646110558], [4.91134276062266, 52.322884264610224], [4.910806478060386, 52.32188317198945], [4.91428089539193, 52.32040812790463], [4.912375025803687, 52.31824816978083], [4.9091347225707835, 52.318253356737216], [4.907839989393933, 52.31950500193107], [4.902531825411114, 52.32132450013769], [4.898280078924382, 52.32164412037654], [4.896291139808407, 52.322420005096866], [4.895157912707849, 52.32240650846679], [4.894915115418662, 52.32242125419557], [4.893007811735911, 52.322369668626386], [4.882176518107854, 52.32216419164451], [4.878117132838043, 52.32209239769444], [4.878106869835057, 52.322092215607874], [4.869354509273654, 52.32193684798142], [4.869143280977106, 52.321933050666054], [4.869141732441888, 52.321933024212825], [4.861485192516087, 52.32180284364417], [4.857641142688704, 52.32173656776444], [4.85759982830636, 52.321421915791866], [4.856754537859404, 52.32141348358027], [4.856466106942343, 52.321765060075634], [4.856334027736575, 52.321762382530345], [4.8563906664056375, 52.324930528193995], [4.856523040812572, 52.329414146266735], [4.855942089009996, 52.330255396001476], [4.847987086767978, 52.330567054152276], [4.847623136468494, 52.330071453737126], [4.845111586163683, 52.32973486258338], [4.84396054625602, 52.33021867404152], [4.840475295502503, 52.32957654623587], [4.839476081811519, 52.32914589608297], [4.839404889431535, 52.32735956540352], [4.825178425742409, 52.325731251179306], [4.818752187798918, 52.32556050286274], [4.8171211286643985, 52.32692535804199], [4.816403654018466, 52.327406054870906], [4.80304772707505, 52.33303298119433], [4.798796528594944, 52.33480041504329], [4.798215669786048, 52.335041941064105], [4.797325692119153, 52.33559667666484], [4.791101544187441, 52.34150040638064], [4.780803977609463, 52.34584639262621], [4.773295796125148, 52.34892181106946], [4.767392004148596, 52.35126878615847], [4.755683059838986, 52.356150260811795], [4.754836377862366, 52.35790754781834], [4.755880084281124, 52.361807722213], [4.757836302271414, 52.36871832242755], [4.75847373809528, 52.371093347281715], [4.758379623832679, 52.37401548400972], [4.756717116027222, 52.377837934188996], [4.757255690303791, 52.37797869090699], [4.759123948675334, 52.37932941255932], [4.759077247372841, 52.380940848451424], [4.758951881230616, 52.38411772043055], [4.758512680436938, 52.38719398467446], [4.758307509647951, 52.38789530131901], [4.758297731240071, 52.38794881284605], [4.757856806609394, 52.39658758422763], [4.757481272631838, 52.3968829204307], [4.728758226044969, 52.40071145301534], [4.738566178693961, 52.42922283355218], [4.739207509864548, 52.43106395400212], [4.750084795164525, 52.429636693682525], [4.7532045616149805, 52.4292410523024]], [[4.961163936326907, 52.3818028065401], [4.961502506533987, 52.381653136508184], [4.961451823514161, 52.38160541860601], [4.961318717315951, 52.38166304793226], [4.961182003464439, 52.38156307186153], [4.9616355362382345, 52.38134634279202], [4.961622178128708, 52.38131850136072], [4.9612189552520665, 52.3814852413454], [4.961152426911194, 52.381414705492766], [4.961078694282372, 52.38133324351281], [4.961403779930168, 52.38116735285281], [4.961371603703939, 52.381151409900575], [4.960881528102592, 52.38135411510428], [4.960741129582058, 52.38123414568287], [4.960847437217295, 52.38118475209069], [4.9608413214262574, 52.381157415682374], [4.960296278293951, 52.381389680509216], [4.960198370558005, 52.38131035209685], [4.960374413128312, 52.381234005590656], [4.959965005160278, 52.38096819514939], [4.959592150780743, 52.38093251215806], [4.958991183394515, 52.38106845514939], [4.958863765760981, 52.38095895162039], [4.95913799320698, 52.38084207949312], [4.9587572063252106, 52.38060906214611], [4.961866501764151, 52.37978350151812], [4.9617418664847435, 52.379609421221886], [4.958834393116388, 52.38037770326185], [4.9587046421524255, 52.38016291861989], [4.9616319944250415, 52.37938766396728], [4.961388167231563, 52.37905740411868], [4.961148152998681, 52.37912707604399], [4.96125300043419, 52.37928479119787], [4.959964234657765, 52.379643717726545], [4.9598595362336, 52.37946970733438], [4.9647833044315055, 52.37683929845056], [4.97224593319165, 52.37291764976191], [4.973631405574406, 52.37217681278232], [4.973939542159706, 52.37433576253265], [4.9734551274472265, 52.37837150988567], [4.972838345847713, 52.37982557112968], [4.969386545541534, 52.379267127238464], [4.968603268463177, 52.379321011312705], [4.963294562664896, 52.38358586109539], [4.961163936326907, 52.3818028065401]], [[4.958007864605633, 52.36842633228822], [4.958175756437439, 52.36686798213677], [4.959686531586652, 52.36714254164955], [4.959555425115, 52.366461431256006], [4.958222071578824, 52.36616908009969], [4.958259103859535, 52.366011689747076], [4.958310993994198, 52.36580693806569], [4.961077240307161, 52.36599289045033], [4.962300652155091, 52.364700654938474], [4.962270150776244, 52.364201813704014], [4.961324801458864, 52.36368207425618], [4.968346109451889, 52.36095483113409], [4.969739827128096, 52.363526771794774], [4.970212967485975, 52.36488423552353], [4.9684280189706875, 52.36673406837243], [4.9698865883149494, 52.368214449346794], [4.969159258358601, 52.36861800740421], [4.962300541111986, 52.36856694767559], [4.958007864605633, 52.36842633228822]]]]}, "properties": {"type": "boundary", "gemeente": "Amsterdam"}}, {"type": "Feature", "geometry": {"type": "MultiPolygon", "coordinates": [[[[4.6591898662687115, 52.74730969525763], [4.660461788109726, 52.746705217709945], [4.662433071335663, 52.746736295565256], [4.668395661425805, 52.74249089823373], [4.669012967604567, 52.74196503497239], [4.6692543788436085, 52.741660615777434], [4.671219031329302, 52.74058205860757], [4.678893456844528, 52.73916914899275], [4.679654393352943, 52.738110398873324], [4.681019777340166, 52.73767575928602], [4.683527199000265, 52.733537099225344], [4.686895780020963, 52.73264650996408], [4.689820971755199, 52.73299255325666], [4.690350679484969, 52.73262295161853], [4.699781532972955, 52.7244922709294], [4.702309984289827, 52.72167503577844], [4.704334110843994, 52.72042250845239], [4.70698399108156, 52.71870419799343], [4.710467244340131, 52.714530356687625], [4.714456193922377, 52.711278815632504], [4.715805871920837, 52.71004798495196], [4.7162068678171165, 52.707707598096135], [4.717861897483428, 52.70263872964435], [4.719208784151709, 52.69909669629013], [4.720597534554377, 52.69711746083733], [4.725221067744282, 52.693850367269434], [4.728852593218148, 52.69140455257149], [4.73837907059822, 52.684363336648], [4.741740376050838, 52.68080762689418], [4.743842494047692, 52.67869882359625], [4.747706036204998, 52.676851061947595], [4.752409740500901, 52.67144628628909], [4.749012181838407, 52.665969616723814], [4.745931354081951, 52.66308019661372], [4.745162688338818, 52.663364813312825], [4.742604186931238, 52.66118238658593], [4.739253226399951, 52.662941542379556], [4.734098310027921, 52.66293142506598], [4.735207036631391, 52.6613881231521], [4.733700054489059, 52.66180329229613], [4.731152834537705, 52.66158989825321], [4.732852108578887, 52.65989083065396], [4.731527915418276, 52.65981238230494], [4.730641880646824, 52.65875346415158], [4.727623922850024, 52.65850023319029], [4.727553712970874, 52.65739090637326], [4.72570589296123, 52.65731025334961], [4.729245775848444, 52.656122173787175], [4.726822302699833, 52.655490798762344], [4.725249543754467, 52.65194518464835], [4.721791794213373, 52.650725865816284], [4.7226751901812545, 52.649365742243134], [4.721935360029345, 52.64918066755808], [4.720393040134044, 52.65008153013636], [4.716933556166875, 52.64959666097104], [4.717607836836018, 52.64665061848088], [4.712813277331177, 52.64621149045806], [4.714199658432649, 52.64282247641895], [4.710033458424485, 52.64246831897679], [4.708866183839143, 52.63550976757659], [4.709814804726354, 52.63250543351279], [4.708305074193056, 52.63088141035525], [4.711331240419221, 52.6299148074994], [4.70979508913836, 52.62872464290671], [4.715285444173357, 52.62582050591596], [4.714895679415473, 52.62534758793684], [4.714585224456626, 52.624782685673715], [4.707953773756047, 52.6203490983858], [4.70569881496065, 52.62135505179859], [4.6899918886578496, 52.623751864683626], [4.6855097025446355, 52.619311878225666], [4.685804817483661, 52.61777091957673], [4.683691567489265, 52.61267304948804], [4.680766017573764, 52.61028018722063], [4.6803726137666875, 52.608461184924074], [4.674441317825694, 52.603772149051], [4.673878901236661, 52.600959585882435], [4.673173764108396, 52.596211497814814], [4.673861512636553, 52.592929216536824], [4.672399570128988, 52.592297405146866], [4.672580068266239, 52.59090468046891], [4.659839300448675, 52.5861402197854], [4.655712344902548, 52.58551263640786], [4.654979196504087, 52.58287047394884], [4.609963819769656, 52.57374467642945], [4.615280303420639, 52.59622995010216], [4.616602918665605, 52.60585189642311], [4.616887960091372, 52.60884625957666], [4.61839168583966, 52.61659117770476], [4.619366332776524, 52.62384436420255], [4.620414962737966, 52.627296036935704], [4.621672174810806, 52.63052274159406], [4.622243935915287, 52.63578877022485], [4.623754603985227, 52.63978788090841], [4.6253881808180495, 52.65569814239067], [4.626767955941587, 52.66477022621421], [4.6276132858216155, 52.66662510967184], [4.630236884409755, 52.6756682477636], [4.632518436871819, 52.681796667648065], [4.634316444673629, 52.69398976641642], [4.63757894475357, 52.7075370169076], [4.637418877099268, 52.7119974444628], [4.636533666864626, 52.71285784797915], [4.635701829180029, 52.72029243761214], [4.636605328540069, 52.728668323697875], [4.642901557988393, 52.75066490628078], [4.645760598440588, 52.75663866463843], [4.651038478761202, 52.75584742143971], [4.658984506705332, 52.74960109081331], [4.6591898662687115, 52.74730969525763]]]]}, "properties": {"type": "boundary", "gemeente": "Bergen (NH.)"}}, {"type": "Feature", "geometry": {"type": "MultiPolygon", "coordinates": [[[[4.669886459150155, 52.49839908467193], [4.672854628971764, 52.49696647606136], [4.673500834725366, 52.49653347462907], [4.67506903039093, 52.4955877076169], [4.674407167032785, 52.49515518958744], [4.67698838075535, 52.49443007705196], [4.677992909914737, 52.49336472496319], [4.678609138030768, 52.493719422004396], [4.679923198819512, 52.49316892739522], [4.680509740053865, 52.493539219864495], [4.6820345944064234, 52.49282294969072], [4.683720747498192, 52.49274638045431], [4.683838673840095, 52.49272048289672], [4.6859719726507665, 52.49173724080139], [4.68708611020021, 52.49239180932174], [4.690382467770159, 52.49083051545315], [4.690991273618182, 52.49131732193451], [4.694741085018684, 52.49133928102795], [4.6949296989140334, 52.490680378937824], [4.69460090370895, 52.4895868070055], [4.694550247291372, 52.488299899781495], [4.695508383610125, 52.487385606993655], [4.697601575369623, 52.48751238399287], [4.699665524245394, 52.489799387713674], [4.703720891458809, 52.48853281123367], [4.7030934857686795, 52.48755955123503], [4.707968416577698, 52.48633260808345], [4.705905824186802, 52.48444327127326], [4.7061581612914365, 52.482839616248185], [4.705471563730986, 52.48185638400357], [4.700728504753727, 52.48023690354346], [4.6987344454742415, 52.477137069420166], [4.699278282668065, 52.47453280392169], [4.697279707057748, 52.47201000478256], [4.6978181500565235, 52.47103392986661], [4.694608933061706, 52.46808216257968], [4.69008054633588, 52.465624763790636], [4.685145815537914, 52.463661909739265], [4.684265851680862, 52.46352109654727], [4.685068901963158, 52.462556856206284], [4.684586951608679, 52.46222518500209], [4.682999246779998, 52.46113217495565], [4.6748475645373, 52.455520441419836], [4.66192429741147, 52.461756788815954], [4.667605448933692, 52.46842625637081], [4.664367615062851, 52.470570797504124], [4.654157676892332, 52.47666097784913], [4.653332740297625, 52.477154760982295], [4.649289498637684, 52.47653326154443], [4.649014287846482, 52.47660804889117], [4.646735753825232, 52.477081591504735], [4.647635236287855, 52.478424478278534], [4.640695790943961, 52.479390672425254], [4.637836860231315, 52.480133960902485], [4.620958207223953, 52.4823281064301], [4.618190661911015, 52.48328838640302], [4.6135528045585, 52.4838030536401], [4.604049064395365, 52.48146843160988], [4.602720209165774, 52.48335055987318], [4.596118246910658, 52.48597365080525], [4.590506208888701, 52.4872474383991], [4.5813365601322635, 52.48932048382545], [4.586562586159224, 52.49916128049293], [4.591665335857386, 52.497840235816916], [4.591694485111926, 52.49827896029956], [4.5955451501075935, 52.498198748516515], [4.597983339941814, 52.49684531848985], [4.599929989793679, 52.49726093541821], [4.598635130063457, 52.495944512946174], [4.6043131756916384, 52.49438882270307], [4.606296877926303, 52.49478583803429], [4.606295171357327, 52.49480882006789], [4.607470171718714, 52.494574518070976], [4.611509337379862, 52.49664184180573], [4.6130367676318995, 52.49633105231501], [4.62140044001289, 52.497862119214965], [4.630955356820466, 52.49865800371137], [4.631365558893634, 52.49869215645263], [4.633892994374791, 52.498902587571436], [4.634999034934343, 52.49952913758997], [4.635019622273163, 52.4990614413448], [4.645105128641994, 52.499569168279784], [4.646311696815958, 52.499083450914945], [4.649430080587897, 52.49912159432593], [4.649451495207508, 52.49904866767496], [4.6500205855866374, 52.4984238149328], [4.651242430810669, 52.49884539473049], [4.652560630009058, 52.49818752893943], [4.655378731863467, 52.497925310060765], [4.657397631391081, 52.498664028554025], [4.657475576870895, 52.498675411138464], [4.6660535152080085, 52.50174413137273], [4.666913570299335, 52.5010533374898], [4.666301298315123, 52.50074423364271], [4.6683285584488345, 52.49991676179061], [4.669886459150155, 52.49839908467193]]]]}, "properties": {"type": "boundary", "gemeente": "Beverwijk"}}, {"type": "Feature", "geometry": {"type": "MultiPolygon", "coordinates": [[[[5.326331993140881, 52.29079141571145], [5.327100421931442, 52.290326218749534], [5.315650418723024, 52.292704062496], [5.315468874477734, 52.29491996512716], [5.324202514931161, 52.294878096336696], [5.32866610129339, 52.292444897607176], [5.326331993140881, 52.29079141571145]]], [[[5.31390310584436, 52.3031013224339], [5.31718351831179, 52.300589176841676], [5.314437187691134, 52.30102286703146], [5.311072994723164, 52.29992012993855], [5.308255536573105, 52.29980586613069], [5.304317973089883, 52.29734324188324], [5.303115306923092, 52.29521992268727], [5.299720112706432, 52.29452357108828], [5.297231790070884, 52.29316102919598], [5.295532430266127, 52.28995640182066], [5.295883111956573, 52.28858539500083], [5.296553432405177, 52.28668873803124], [5.306465417729716, 52.27760623727649], [5.305825694785738, 52.27733016836472], [5.278663974824367, 52.28047296383988], [5.277129479926116, 52.28063835341474], [5.269207489475246, 52.281544875112004], [5.265769062667428, 52.28164509035302], [5.265663156959984, 52.28150584222718], [5.26110175982951, 52.27583628763006], [5.244081106572213, 52.2546633657674], [5.244064289425869, 52.25466472051203], [5.232048254472451, 52.264467687928864], [5.23059294381349, 52.26469545770915], [5.2301348160498975, 52.26561884066089], [5.229580745404503, 52.26546419885263], [5.22598056666506, 52.26819816487691], [5.225507806916306, 52.27290932469972], [5.216867581545526, 52.268993957266844], [5.21164363129258, 52.26734414736822], [5.20924435343485, 52.26593497775226], [5.207692380278701, 52.26626867084597], [5.203821879220351, 52.26711553634687], [5.206896934234509, 52.27209305396071], [5.207025226468358, 52.273418801746054], [5.207222259350885, 52.27434939256449], [5.210876388385428, 52.277339696533204], [5.210957272544517, 52.27735090172674], [5.227600451367133, 52.277129486730274], [5.232492148120614, 52.281270646006654], [5.236354992463528, 52.28118929296349], [5.24122990666592, 52.281314744527116], [5.241329596541167, 52.28132283343634], [5.246382592747882, 52.28233323086079], [5.2462256478626905, 52.28319588826583], [5.249802773130492, 52.28432579135303], [5.250104722978564, 52.28441972542099], [5.257562859871552, 52.28674277458994], [5.268315859588787, 52.29009290675835], [5.270988896028805, 52.29092192465746], [5.271161116473529, 52.2909989079093], [5.274408009171561, 52.29340799638889], [5.277743209408712, 52.29607437649663], [5.280911629290961, 52.29378117505112], [5.287809744817081, 52.2976034856258], [5.2913613953129826, 52.29659384027475], [5.29871899191613, 52.29805549111137], [5.3023208927208865, 52.30210621385128], [5.307330973892974, 52.302729679543205], [5.309012323685406, 52.30492736915047], [5.312273862857347, 52.30347124848086], [5.313412627212627, 52.30337375944809], [5.31390310584436, 52.3031013224339]]]]}, "properties": {"type": "boundary", "gemeente": "Blaricum"}}, {"type": "Feature", "geometry": {"type": "MultiPolygon", "coordinates": [[[[4.617247980457462, 52.42512512815923], [4.620842312429247, 52.42438442497059], [4.621468019403248, 52.424904182997494], [4.624991794842667, 52.42349216520917], [4.623575933059581, 52.422075007150255], [4.62448952764951, 52.421620207280434], [4.625913573932212, 52.4205568491572], [4.625432920041243, 52.420095506409645], [4.627053239694533, 52.41735959890882], [4.626398663990954, 52.41652878564635], [4.628735085982234, 52.41584436430133], [4.627841668230507, 52.414708061851314], [4.628841935661576, 52.414308274688345], [4.627617560572457, 52.412597550667826], [4.62999316310188, 52.411965383142196], [4.63161054963422, 52.41167114001869], [4.631647172370926, 52.41166550100263], [4.629285273173303, 52.40712402781404], [4.624408738016654, 52.397740415193745], [4.624387026766092, 52.39769573426054], [4.623670384682093, 52.39577257458029], [4.623703271580274, 52.39168707584627], [4.621605382300958, 52.38798174160746], [4.616253771401771, 52.38882239631123], [4.610819173697696, 52.389821101326696], [4.608581626043221, 52.38552156521459], [4.605332441373109, 52.385493073401356], [4.602016683395628, 52.384619392524904], [4.600530639149574, 52.382920998898236], [4.600256376060231, 52.38076228870288], [4.599782744059156, 52.378962741123864], [4.59955141194063, 52.37721944889044], [4.601066533735699, 52.37680184950536], [4.60117112084878, 52.37551533133206], [4.601452154146001, 52.37277051896231], [4.601833933896052, 52.37218567149146], [4.604586175944667, 52.37135526001359], [4.6037729643180585, 52.368856894599666], [4.60415743831528, 52.36759251178281], [4.607323569742268, 52.367044734361265], [4.605723363470914, 52.36340488513632], [4.602262180961922, 52.35670314388154], [4.596808248100061, 52.34549592514629], [4.593582522854771, 52.33780986159635], [4.590262993168307, 52.32852301505515], [4.590187432063876, 52.32835238489471], [4.590803248942527, 52.32821057532913], [4.591306846411346, 52.32823250919376], [4.591778503154786, 52.32852647756828], [4.5933683953208835, 52.328117662942574], [4.593873709826291, 52.32864621225976], [4.596985018131093, 52.3278949456228], [4.597297255083318, 52.327829156781746], [4.606234708467428, 52.323763179189015], [4.606524040306185, 52.32363152709407], [4.607258461915344, 52.32329734422557], [4.607366963096554, 52.32337643938685], [4.607619800992863, 52.32356074650866], [4.607814241835829, 52.323490697623], [4.611383476824897, 52.322204762150434], [4.611529815119485, 52.318335110487915], [4.611675631805051, 52.31356012786802], [4.6028855712945855, 52.31584670387014], [4.601456843433876, 52.31652140828475], [4.599457457571853, 52.3171006575335], [4.59945565320467, 52.31710117670493], [4.596572549692885, 52.31770625075153], [4.595087390057929, 52.3176763911391], [4.593320987378697, 52.31777797475971], [4.5933128437622575, 52.31777801536302], [4.591033360934281, 52.317789289807166], [4.587686137320272, 52.317881085019685], [4.587990524408016, 52.316939519525846], [4.5874687306914765, 52.31676334037191], [4.586888634875172, 52.316995613592574], [4.586610204342945, 52.31701158273087], [4.586090048127853, 52.317315363767236], [4.5859362498190155, 52.31757072810458], [4.585792246773078, 52.31819753232288], [4.583435103713052, 52.3183825167622], [4.57324033602566, 52.31535567269621], [4.569075271917563, 52.31648317346184], [4.568446611979799, 52.315641857407854], [4.563707232373536, 52.30929817170804], [4.547322159134312, 52.31399671927059], [4.5650009758862575, 52.344339167319426], [4.570035380912215, 52.35336318592704], [4.574505029374262, 52.36145040807724], [4.5766237008697495, 52.36517142746972], [4.57957016505872, 52.370341799665226], [4.579718056682053, 52.370602372169465], [4.591458761179861, 52.39136259561093], [4.591658716166412, 52.39171563549191], [4.5430431266472615, 52.40109359375221], [4.541323030416283, 52.40139590879388], [4.554776861194719, 52.422609652489385], [4.5596370255126395, 52.43789552971124], [4.560096482865301, 52.43803730058389], [4.563185042670996, 52.437647257855765], [4.584690079812835, 52.43484243295943], [4.5878225539973805, 52.434436335073464], [4.61504833890423, 52.42593521320548], [4.617247980457462, 52.42512512815923]]]]}, "properties": {"type": "boundary", "gemeente": "Bloemendaal"}}, {"type": "Feature", "geometry": {"type": "MultiPolygon", "coordinates": [[[[4.756476607346745, 52.59156895165402], [4.751310621449723, 52.58227758112163], [4.748900432380498, 52.5739852964368], [4.747279845364916, 52.57135534994013], [4.744700479177974, 52.5679422849024], [4.7450826691695065, 52.56685206119775], [4.752540171317071, 52.562781976957076], [4.756857594255648, 52.56207196753481], [4.771966068035791, 52.55989891533042], [4.7816218282713345, 52.557102795134035], [4.77806256659621, 52.54417832263841], [4.7777326324436125, 52.533745370078236], [4.774694996728756, 52.53454965978198], [4.76801818655263, 52.53463498851661], [4.762427103682279, 52.5375110726551], [4.7594753494803435, 52.53737928578031], [4.755274734516051, 52.535736000459835], [4.750435668589063, 52.53789596954338], [4.735389268074156, 52.54382298355571], [4.723723297282846, 52.54666963009429], [4.719803549172305, 52.54385493266105], [4.718785169506069, 52.55162329038539], [4.7058966675762175, 52.54822376519225], [4.706430138747755, 52.54629529625873], [4.703691858599309, 52.54539675422337], [4.694533522839859, 52.544188625123354], [4.69559593210633, 52.53587397824235], [4.697603545666336, 52.52924135651798], [4.69746665920639, 52.52916432178215], [4.695735380159241, 52.526728321729664], [4.669570657711087, 52.530542455934174], [4.659968334646282, 52.53175156288506], [4.656198859578126, 52.53152937410877], [4.653027708272815, 52.53072470598648], [4.652793170379602, 52.530726341691874], [4.598301651897346, 52.531140742916556], [4.601182507664475, 52.53935135115946], [4.609963819769656, 52.57374467642945], [4.654979196504087, 52.58287047394884], [4.655712344902548, 52.58551263640786], [4.659839300448675, 52.5861402197854], [4.672580068266239, 52.59090468046891], [4.673978401001197, 52.58994774483212], [4.67061409634714, 52.58872986391589], [4.6716400259004125, 52.587298575516364], [4.677737138229987, 52.58548410097097], [4.677652825539164, 52.58433773382896], [4.6792725366194805, 52.58387377007416], [4.685520888734425, 52.583131564269046], [4.686242448613185, 52.5829574338425], [4.685424190167261, 52.580957517648535], [4.691303670078835, 52.58004927186114], [4.691084411319116, 52.579578739988], [4.696586272708256, 52.57897843873018], [4.698315098650027, 52.581855525328905], [4.703358862061555, 52.581551537883726], [4.703754667312987, 52.58033907611072], [4.710256532717695, 52.580588100356096], [4.718181223893998, 52.58008140658081], [4.718466791701346, 52.580062012073576], [4.723337929057792, 52.57976619958429], [4.7248821262047445, 52.578737676537976], [4.726706596213599, 52.57963766752803], [4.739991551004527, 52.578928707691524], [4.744454624457793, 52.59028901605035], [4.750967225485314, 52.589119396987456], [4.752137370577471, 52.59189150290873], [4.752479169579346, 52.59257784529335], [4.756476607346745, 52.59156895165402]]]]}, "properties": {"type": "boundary", "gemeente": "Castricum"}}, {"type": "Feature", "geometry": {"type": "MultiPolygon", "coordinates": [[[[4.972479643820477, 52.35545644090696], [4.976708149432073, 52.353491984545045], [4.980361288807588, 52.3515442410079], [4.983802734955622, 52.349710037011576], [4.989911509967132, 52.34646084631841], [4.998342110984603, 52.342011454327704], [4.999319605280309, 52.341536461752256], [5.004161138140325, 52.34257764639039], [5.009067418981495, 52.34189155061924], [5.0122571764207855, 52.343801276117865], [5.012303318408481, 52.34384643799031], [5.012539329700906, 52.3439405467431], [5.013373278591425, 52.343762416724104], [5.01478867557365, 52.34456959958134], [5.015469742430732, 52.343690183594504], [5.015323679253137, 52.34326173146818], [5.015783881398057, 52.343162025833955], [5.016211849210951, 52.343738376523795], [5.016023301614946, 52.34527365322892], [5.016546015393078, 52.34572360628696], [5.015118003700904, 52.347433523868204], [5.0152936055370265, 52.34763377109578], [5.016750060351203, 52.3458992454843], [5.019048561557299, 52.347877644346035], [5.023652602956884, 52.34802432175777], [5.0268595027638705, 52.34877246496375], [5.034942751226661, 52.34452948197431], [5.033995620084096, 52.34063899733768], [5.0261875434966345, 52.338062914120414], [5.02613759686145, 52.33749088794069], [5.027415734886745, 52.33783313776722], [5.0274854176158845, 52.33771924377973], [5.025342543940225, 52.33704917534545], [5.018461516566779, 52.33407459653881], [5.0149912848686125, 52.3317766325021], [5.01444908778175, 52.33143149147709], [5.012792826488112, 52.33020759973382], [5.0161326616465365, 52.32451231523296], [4.998078172731362, 52.314035073482565], [4.997859321189539, 52.31397907370974], [4.9974551440503365, 52.31424634084379], [4.997296853530034, 52.3141958114942], [4.99709006746162, 52.314455863592286], [4.997424569631822, 52.31673592295456], [4.996894734043745, 52.31764256956293], [4.99167074195198, 52.324437871758164], [4.989602676917161, 52.32754789559957], [4.986180944231046, 52.32971999887762], [4.983945700357751, 52.33066936937279], [4.980110101962624, 52.3309065983794], [4.977736052159918, 52.331026731194655], [4.977135287910503, 52.330642931563595], [4.975306156785085, 52.33056182657678], [4.970663580358924, 52.326383197180405], [4.970472660359165, 52.326288154602786], [4.970273152921944, 52.32617996223062], [4.967540264633407, 52.32775774239574], [4.956750577984842, 52.32404479102186], [4.956710696175913, 52.32403094329588], [4.95267481077386, 52.32264419818135], [4.948119757855399, 52.32762963457022], [4.947657847250122, 52.32813841424945], [4.9447153803244115, 52.32712985173148], [4.942692748755271, 52.329334392637726], [4.948907357380218, 52.33152553800076], [4.948670118500038, 52.33171374683476], [4.946005158890618, 52.33376771910768], [4.9480046843325365, 52.3350037500628], [4.9504475293845704, 52.33777278007989], [4.950615840560722, 52.33793647171482], [4.950326306581931, 52.33863752254225], [4.949859310548048, 52.33852835308904], [4.949700477843317, 52.33872756292204], [4.952498313117954, 52.34000685149601], [4.952730077413217, 52.340158740175994], [4.956266986371994, 52.34358696015518], [4.956359775404378, 52.34368011397219], [4.960376313848526, 52.34788582837372], [4.960427587220553, 52.347935979293105], [4.9645375342211375, 52.352773281745286], [4.96585613639517, 52.35465124446453], [4.966238875160491, 52.35416385587827], [4.968873128613168, 52.355153734472474], [4.969521405878853, 52.35549826600285], [4.969500510893233, 52.35557699627922], [4.969312794618758, 52.35561031610124], [4.969593771650635, 52.35610176568548], [4.972479643820477, 52.35545644090696]]]]}, "properties": {"type": "boundary", "gemeente": "Diemen"}}, {"type": "Feature", "geometry": {"type": "MultiPolygon", "coordinates": [[[[5.023331035010224, 52.59141640365774], [5.028565107376791, 52.58523173907641], [5.027901701229123, 52.58339709439543], [5.029288263540579, 52.582117102454724], [5.0293511888386675, 52.580657652102175], [5.032577439825291, 52.573583850703194], [5.031000348400574, 52.57037196448441], [5.031212033227163, 52.56745272639106], [5.034674664210867, 52.56492180871685], [5.042668960478938, 52.56096048533362], [5.042938576274807, 52.558615932313735], [5.054750900124054, 52.54467186196932], [5.05403634364234, 52.54190749335835], [5.054587829513514, 52.53878965836421], [5.057574251284021, 52.53724265755255], [5.0630093787663615, 52.5297800100328], [5.064772356475638, 52.52897521958623], [5.065774178281169, 52.526200338382395], [5.066439152891633, 52.52277601516938], [5.069773087262495, 52.52105893332818], [5.07168547999394, 52.518899812566055], [5.073819277044759, 52.51936693239903], [5.075004608187818, 52.519061650280356], [5.074563124676476, 52.51715278645468], [5.074978522458816, 52.51503701110901], [5.080542255304257, 52.51313029674094], [5.082008667446041, 52.510381281044815], [5.0837632706809135, 52.50661848184685], [5.085691442249681, 52.50375752055354], [5.080961651898284, 52.49977277408133], [5.077933992098784, 52.49549860643575], [5.078499956371884, 52.494593746981145], [5.0778588677995815, 52.493743082859346], [5.076736596038371, 52.492836662327356], [5.076966246623263, 52.49257878945698], [5.076882233256808, 52.49255436239668], [5.076526412881669, 52.492825199393955], [5.077725493242711, 52.49384624807073], [5.076866894662556, 52.49434130452626], [5.075604286940437, 52.49352416879213], [5.075514337411249, 52.49297413992419], [5.073531833527134, 52.4925524722837], [5.07385932098194, 52.49203535722186], [5.076286161327783, 52.49263683616298], [5.076384095753925, 52.49253353937532], [5.075581674848203, 52.492251744024806], [5.073802738740987, 52.49186415300669], [5.0735698118414705, 52.49211063488734], [5.071812584632772, 52.49190359988809], [5.071561796076509, 52.49090860987431], [5.069945120231352, 52.48967625166749], [5.068670919466138, 52.489551095975095], [5.067390198662853, 52.48966948728217], [5.065855333851246, 52.49001231172676], [5.065220990973974, 52.49071326983721], [5.064151573080071, 52.49061490342323], [5.063083211298758, 52.488706881868815], [5.062807708499129, 52.488223388533676], [5.06155919474598, 52.48827408718305], [5.060668138664509, 52.48748370050502], [5.060001525865631, 52.4868706751536], [5.0594803689842305, 52.485614464916324], [5.058644555259116, 52.485524782070655], [5.059093879339356, 52.490955612343114], [5.038779142584511, 52.48834375971512], [5.034077774658108, 52.48833006859889], [5.03391252525437, 52.48857234282865], [5.0310517040908005, 52.488476892003185], [5.030620763149016, 52.48706075914638], [5.025519511721229, 52.48513618587475], [5.024610244802065, 52.48492552745935], [4.997963564381496, 52.494732952119016], [5.0098037571632945, 52.50681005641281], [5.024699032014196, 52.52240292159565], [5.019702597557881, 52.52371469205417], [5.014258466356209, 52.52623900873333], [5.008765523758425, 52.527687847959285], [5.001093871751427, 52.52691522456659], [4.997398287352043, 52.52271320269167], [4.99201807342979, 52.51983223657529], [4.991640251706732, 52.51998470110394], [4.98655720094825, 52.52185095114961], [4.973199284831567, 52.52541290281137], [4.967253296595119, 52.52736772671986], [4.956997768071869, 52.52911083187574], [4.959463697217846, 52.53331436868186], [4.961950949397969, 52.536348621214024], [4.96880531759638, 52.54083562049399], [4.973387849010542, 52.54336894351643], [4.97565449074755, 52.54539630872537], [4.976504444491304, 52.546850463474165], [4.9753466316747845, 52.549075112520136], [4.977636953695462, 52.55344706753384], [4.976503671305232, 52.5611528366205], [4.980423209033796, 52.564358547687114], [4.98608241421211, 52.56730482029943], [4.995869650578059, 52.573847095641256], [4.997166599669253, 52.57512193091534], [4.996508183765489, 52.57764405354762], [4.991892965706698, 52.582234802927765], [4.982222329414761, 52.58549831771706], [4.980095852196648, 52.5869622659982], [4.9774704227254265, 52.58663267084603], [4.9743479628894685, 52.58559336758887], [4.968664366900674, 52.58447568107505], [4.9647280817891, 52.58278576123577], [4.962742997932295, 52.5814714229982], [4.958571241113842, 52.58030702790749], [4.955208675449313, 52.57996407701717], [4.953920581759514, 52.58113441557562], [4.954483796638346, 52.58420494382274], [4.954024701710526, 52.58665901385635], [4.949737155668765, 52.59256926913813], [4.949370332036694, 52.59478927631658], [4.949848294658272, 52.59528579057151], [5.004879596752191, 52.59757343926962], [5.0079477731190725, 52.60779942464497], [5.0066885386256725, 52.61051949061572], [5.01865214345887, 52.612063954896946], [5.018851474062586, 52.612437824932], [5.0196577596917935, 52.612453891412784], [5.019394725040938, 52.610307526245286], [5.020031176245504, 52.60930314027908], [5.019677385654424, 52.60835610111387], [5.019494234587589, 52.60641928824195], [5.022262566538153, 52.60451515096696], [5.020819927555038, 52.603155138118865], [5.02116587015567, 52.602300262967056], [5.023095480927838, 52.601565959837274], [5.024364226974021, 52.599648541683855], [5.020486561316054, 52.59600232829646], [5.023331035010224, 52.59141640365774]]]]}, "properties": {"type": "boundary", "gemeente": "Edam-Volendam"}}, {"type": "Feature", "geometry": {"type": "MultiPolygon", "coordinates": [[[[5.254315774453349, 52.7469768067523], [5.259432399539336, 52.74486174923213], [5.269903773808428, 52.745171583054166], [5.271965993261265, 52.74632705793746], [5.278082941349661, 52.743060666135364], [5.28265840784802, 52.74232916049351], [5.28284920347734, 52.74049319255869], [5.286804624082955, 52.73593320262778], [5.287224840911908, 52.73310358316316], [5.2843560072494755, 52.732233685157574], [5.283711028676192, 52.73082892928995], [5.287539209323303, 52.728413315056294], [5.284867479784231, 52.727230596951074], [5.284949376889896, 52.72221609649473], [5.2836385529529935, 52.721982473443674], [5.285156032199967, 52.721719360943], [5.2860956425856696, 52.71979403119597], [5.2885780630176615, 52.71900459106079], [5.287998874373014, 52.714803868539185], [5.289181261252044, 52.7141093179796], [5.289593948432247, 52.71422449065248], [5.290970133235309, 52.713369606316824], [5.290727715085146, 52.71320085901558], [5.29565174171259, 52.71027906106923], [5.301727893614201, 52.708309854325556], [5.304639821311555, 52.70823879466994], [5.307120131249811, 52.708947818034964], [5.307382984785522, 52.7099601846811], [5.307770950289781, 52.70838265847071], [5.307458380545921, 52.70682481251691], [5.306933259966419, 52.706207694955125], [5.306061521770196, 52.705857513685835], [5.305170480288949, 52.706528504468174], [5.300062960134378, 52.707938860614426], [5.29793952454771, 52.70662874643017], [5.298013379109924, 52.70630189920881], [5.2985568337157245, 52.70603852027144], [5.29931068141157, 52.70597854419532], [5.29916420924132, 52.70584233815005], [5.298541225372456, 52.705886693604484], [5.298434227476585, 52.70529130264159], [5.298907161378197, 52.705261727887645], [5.299005797741299, 52.70567819174327], [5.2992310823512065, 52.70568098259418], [5.2990692898026674, 52.70514772227116], [5.298271887391959, 52.70485219309135], [5.297994980427641, 52.7038239013602], [5.299342131704687, 52.70274162344116], [5.293784612317577, 52.69956562148952], [5.293673643735334, 52.69962397095801], [5.2942400080197904, 52.70002338580426], [5.2942054066648945, 52.70007334317583], [5.2932650564134995, 52.69999327442947], [5.291517413667554, 52.70020190058434], [5.289696475229036, 52.70061666144342], [5.289193692267168, 52.70010970469052], [5.292296172475896, 52.69939191146862], [5.293131742734443, 52.69946008690904], [5.293107563449646, 52.69926882949869], [5.291786137069911, 52.69922939519683], [5.289708501650774, 52.69944116908511], [5.289826871116543, 52.69869547748153], [5.291466494613357, 52.698801765066094], [5.291484789823295, 52.698626524840215], [5.29057934525951, 52.6985385310531], [5.290835042252742, 52.697983524207395], [5.286496946122766, 52.69557987527631], [5.285695369147768, 52.69578272763354], [5.289754072603916, 52.69800901706126], [5.28923525704996, 52.69944229030106], [5.285277460659817, 52.69895285995073], [5.283690718069902, 52.69878270161943], [5.283664811158193, 52.69831732242456], [5.285793753502957, 52.69798740118642], [5.288982030264087, 52.69859014757957], [5.2841530881937615, 52.6968299427063], [5.279644608634958, 52.69595988689318], [5.279429643003297, 52.69474255288832], [5.282431518063646, 52.69328797178621], [5.2836961497351504, 52.69353004992611], [5.2841271582515, 52.69272676686988], [5.28681394649666, 52.69080198575238], [5.287425287311934, 52.69116483026469], [5.286883778976429, 52.68989532198096], [5.2760407756065195, 52.68412848675341], [5.275697968496947, 52.68435992445495], [5.2860704373765675, 52.690355127235854], [5.282947074684011, 52.69194051714278], [5.281724526586415, 52.69123022943674], [5.280021687951831, 52.691518480919775], [5.279470607639944, 52.69195206354029], [5.274153557263021, 52.688743119338916], [5.271090921043314, 52.687638314804815], [5.269578601564076, 52.68740432118707], [5.266415920864401, 52.68788501264755], [5.2611302912893825, 52.68662557092852], [5.259248539016377, 52.68690538523433], [5.258979874171352, 52.695956735304016], [5.258959209113251, 52.696616078753735], [5.258956767374766, 52.69675557772669], [5.258743084381224, 52.70068806838178], [5.258459810462873, 52.70470089619539], [5.258158440555374, 52.709047852321774], [5.2575015871224995, 52.716180698842685], [5.25734024772358, 52.71984899463924], [5.2550666293683985, 52.74215940480995], [5.254315774453349, 52.7469768067523]]], [[[5.2352140605923125, 52.79342824091224], [5.234677847024103, 52.79342755652013], [5.232210814219106, 52.7939238304609], [5.229670866204148, 52.794677613741236], [5.220580786872767, 52.798205841546135], [5.221327373040201, 52.79966164323611], [5.218133741286099, 52.80188884355593], [5.221639075195308, 52.80544939562578], [5.222507261616791, 52.80510871210309], [5.23794084440311, 52.79537083702358], [5.236492019513003, 52.794512805292705], [5.2352140605923125, 52.79342824091224]]]]}, "properties": {"type": "boundary", "gemeente": "Enkhuizen"}}, {"type": "Feature", "geometry": {"type": "MultiPolygon", "coordinates": [[[[4.672124577399893, 52.422398494535926], [4.674371863912759, 52.418634237018495], [4.677495466689754, 52.41896211478809], [4.681226618872762, 52.4193314701188], [4.6806475688232325, 52.418005943054794], [4.681797836261268, 52.41778056395067], [4.682475589674614, 52.41384872512424], [4.681129983652077, 52.41231707507324], [4.67550647084773, 52.409625253544654], [4.671961779788413, 52.409447088238664], [4.674378858427744, 52.40646933785454], [4.668815644191499, 52.40416281523897], [4.668664005050372, 52.40139942169087], [4.678685074780832, 52.399477489976675], [4.678569664839398, 52.39851477227921], [4.675629783940073, 52.39724933911364], [4.673457268108146, 52.394067361050475], [4.674540909269757, 52.390911293231305], [4.67771563293859, 52.38973762312246], [4.681189722861641, 52.39028672154953], [4.681439412894603, 52.3899159323207], [4.682595220637448, 52.38821615008566], [4.686920474472339, 52.38744377561425], [4.685970054304536, 52.38401793878281], [4.685995002341553, 52.38351778023081], [4.677382839226449, 52.37708820073596], [4.672713879307213, 52.374224826147326], [4.671376418128691, 52.37038046432338], [4.671377136393915, 52.370374344150264], [4.672091243836365, 52.36815803457552], [4.675243851809002, 52.35946896008701], [4.676466427666297, 52.356180961145924], [4.675632806102467, 52.352879550877496], [4.671481924135744, 52.35014702978518], [4.660814888065083, 52.34553794741536], [4.659232075345341, 52.34486848287947], [4.656411368964864, 52.34363919788855], [4.651657163415388, 52.341559867285454], [4.6476279522517, 52.34006896958984], [4.639647516640926, 52.33890623989747], [4.639380110642538, 52.34062905387582], [4.641033162200067, 52.34398570274207], [4.640324298048361, 52.345563102865974], [4.640385095639739, 52.34983377743743], [4.63980197543801, 52.35090741292498], [4.636598020571234, 52.35318391422248], [4.6358496944896475, 52.354036939862205], [4.6349431211676055, 52.35596193240206], [4.637589191396798, 52.35946787156878], [4.637359951497009, 52.36025762425955], [4.636625861440712, 52.36148425673674], [4.630340128579609, 52.36064687043507], [4.6256283707761545, 52.3621264294328], [4.6182461652883235, 52.3614667114481], [4.6177182539304, 52.36153073869003], [4.610655364627252, 52.362705948652206], [4.608580690406717, 52.36295797694102], [4.608422496126628, 52.362984721252694], [4.605723363470914, 52.36340488513632], [4.607323569742268, 52.367044734361265], [4.60415743831528, 52.36759251178281], [4.6037729643180585, 52.368856894599666], [4.604586175944667, 52.37135526001359], [4.601833933896052, 52.37218567149146], [4.601452154146001, 52.37277051896231], [4.60117112084878, 52.37551533133206], [4.601066533735699, 52.37680184950536], [4.59955141194063, 52.37721944889044], [4.599782744059156, 52.378962741123864], [4.600256376060231, 52.38076228870288], [4.600530639149574, 52.382920998898236], [4.602016683395628, 52.384619392524904], [4.605332441373109, 52.385493073401356], [4.608581626043221, 52.38552156521459], [4.610819173697696, 52.389821101326696], [4.616253771401771, 52.38882239631123], [4.621605382300958, 52.38798174160746], [4.623703271580274, 52.39168707584627], [4.623670384682093, 52.39577257458029], [4.624387026766092, 52.39769573426054], [4.624408738016654, 52.397740415193745], [4.629285273173303, 52.40712402781404], [4.631647172370926, 52.41166550100263], [4.636124847918979, 52.41083116506787], [4.637285442510625, 52.412122926102306], [4.639375064295334, 52.41450786733896], [4.6424888435325915, 52.417869946679744], [4.6450169557641585, 52.421025710274584], [4.645718029065154, 52.421972234747535], [4.650768145555908, 52.42856963584995], [4.653146656273883, 52.42799952829059], [4.662832108412073, 52.42585454691318], [4.664847213028788, 52.425603565596674], [4.665624714024872, 52.425488699258175], [4.672124577399893, 52.422398494535926]]]]}, "properties": {"type": "boundary", "gemeente": "Haarlem"}}, {"type": "Feature", "geometry": {"type": "MultiPolygon", "coordinates": [[[[4.757856806609394, 52.39658758422763], [4.758297731240071, 52.38794881284605], [4.758307509647951, 52.38789530131901], [4.758512680436938, 52.38719398467446], [4.758951881230616, 52.38411772043055], [4.759077247372841, 52.380940848451424], [4.759123948675334, 52.37932941255932], [4.757255690303791, 52.37797869090699], [4.756717116027222, 52.377837934188996], [4.758379623832679, 52.37401548400972], [4.75847373809528, 52.371093347281715], [4.757836302271414, 52.36871832242755], [4.755880084281124, 52.361807722213], [4.754836377862366, 52.35790754781834], [4.755683059838986, 52.356150260811795], [4.767392004148596, 52.35126878615847], [4.773295796125148, 52.34892181106946], [4.780803977609463, 52.34584639262621], [4.791101544187441, 52.34150040638064], [4.797325692119153, 52.33559667666484], [4.798215669786048, 52.335041941064105], [4.798796528594944, 52.33480041504329], [4.80304772707505, 52.33303298119433], [4.816403654018466, 52.327406054870906], [4.8171211286643985, 52.32692535804199], [4.818752187798918, 52.32556050286274], [4.819061389651512, 52.32331858356398], [4.816123867609157, 52.31349149005822], [4.817152433981393, 52.311967173311736], [4.8170751899846245, 52.31182088897428], [4.809883549285994, 52.30577641823567], [4.803702070348251, 52.303584321551604], [4.798835652427541, 52.30142145517163], [4.795663249695153, 52.29932426534665], [4.794442835623916, 52.29626738965151], [4.7932482126533555, 52.294099819125044], [4.788341444294648, 52.28853133159092], [4.779910397925168, 52.28313069995996], [4.771019883488647, 52.279366623752544], [4.765113040363746, 52.276782565868494], [4.7568784803849375, 52.27440155478651], [4.751321999465905, 52.27368991100238], [4.746699252184031, 52.27225376994006], [4.745618074323677, 52.27164322577153], [4.743765321231858, 52.269838026643136], [4.739234850964471, 52.26761394255467], [4.73456718734308, 52.26654707879636], [4.729795314545822, 52.26516340900684], [4.725877059541041, 52.2633392637278], [4.720785472571687, 52.25878191352723], [4.713219942508993, 52.25540130778466], [4.705266860844009, 52.246755604454215], [4.701866933796449, 52.244468313850106], [4.695512376720401, 52.243223166103526], [4.692713213495047, 52.24272009379055], [4.681248211131844, 52.239143278645045], [4.6770733264895, 52.23438709344091], [4.670347535106609, 52.23075617326781], [4.668345204372012, 52.22958079790477], [4.665846622444737, 52.227996798154436], [4.658473116710348, 52.22609866729362], [4.653853123351826, 52.22434605028343], [4.6471771213713104, 52.22120626424673], [4.644021440782031, 52.2206515605772], [4.638573875226562, 52.21848701073272], [4.6326337639789354, 52.21618466591507], [4.625844549582397, 52.21530171376563], [4.6258439556929405, 52.21530164344403], [4.622483102936792, 52.21492314343631], [4.618436451821834, 52.21447617199802], [4.602760898966632, 52.2145586881837], [4.598180084442097, 52.21554559720547], [4.583552534154829, 52.218874642260374], [4.573756306226693, 52.21725766199223], [4.57220154385809, 52.21699955216143], [4.558432520204752, 52.21879899631682], [4.556614739127381, 52.21927350534955], [4.553933367633426, 52.222205874044356], [4.550469762324762, 52.22674516280941], [4.5536243914306045, 52.23093340963928], [4.555611101692062, 52.23201776255495], [4.555618386758397, 52.232019231363374], [4.560783086552453, 52.23306039584074], [4.562272050729691, 52.2338438681474], [4.5629206086284695, 52.234723583557916], [4.564183154884129, 52.238629171138946], [4.565052090387962, 52.241423950847064], [4.56534715764885, 52.24234824868373], [4.566208608481234, 52.2450139406277], [4.5678315428965535, 52.25074771020043], [4.5687631436793605, 52.25567131379309], [4.569537078619878, 52.25986058735207], [4.5684481672427095, 52.264705830653845], [4.568252170672291, 52.26555211140986], [4.568037887800171, 52.26651772838315], [4.568335351042041, 52.26855371277066], [4.5727485929015215, 52.27124034064378], [4.577121878153652, 52.27380288720349], [4.577190908915873, 52.273843327156655], [4.584143504555409, 52.27791563525866], [4.584873849331234, 52.278332921589026], [4.588206709467556, 52.2802326758107], [4.588871920578747, 52.281108244345006], [4.589535872442628, 52.28247900181956], [4.591336567801297, 52.28595828485199], [4.593737358526294, 52.28870114174983], [4.5955955800013655, 52.29079889341462], [4.596358231349714, 52.29184339868447], [4.596476132093922, 52.29444599357119], [4.5982435223416855, 52.29773605676386], [4.599827893043999, 52.2998700820956], [4.602332597769438, 52.30324326245056], [4.604737436609222, 52.30627914869113], [4.610263760224187, 52.31087960718755], [4.611532691398689, 52.312240309961005], [4.611675631805051, 52.31356012786802], [4.611529815119485, 52.318335110487915], [4.611383476824897, 52.322204762150434], [4.611385566746636, 52.322250722358085], [4.611661493636698, 52.325420020592034], [4.613466804532614, 52.32806462844066], [4.616563809543161, 52.3314735570772], [4.620100791712119, 52.33371877755478], [4.630583838698195, 52.337534464001834], [4.639647516640926, 52.33890623989747], [4.6476279522517, 52.34006896958984], [4.651657163415388, 52.341559867285454], [4.656411368964864, 52.34363919788855], [4.659232075345341, 52.34486848287947], [4.660814888065083, 52.34553794741536], [4.671481924135744, 52.35014702978518], [4.675632806102467, 52.352879550877496], [4.676466427666297, 52.356180961145924], [4.675243851809002, 52.35946896008701], [4.672091243836365, 52.36815803457552], [4.671377136393915, 52.370374344150264], [4.671376418128691, 52.37038046432338], [4.672713879307213, 52.374224826147326], [4.677382839226449, 52.37708820073596], [4.685995002341553, 52.38351778023081], [4.685970054304536, 52.38401793878281], [4.686920474472339, 52.38744377561425], [4.682595220637448, 52.38821615008566], [4.681439412894603, 52.3899159323207], [4.681189722861641, 52.39028672154953], [4.67771563293859, 52.38973762312246], [4.674540909269757, 52.390911293231305], [4.673457268108146, 52.394067361050475], [4.675629783940073, 52.39724933911364], [4.678569664839398, 52.39851477227921], [4.678685074780832, 52.399477489976675], [4.668664005050372, 52.40139942169087], [4.668815644191499, 52.40416281523897], [4.674378858427744, 52.40646933785454], [4.671961779788413, 52.409447088238664], [4.67550647084773, 52.409625253544654], [4.681129983652077, 52.41231707507324], [4.682475589674614, 52.41384872512424], [4.691485391587479, 52.41881400579836], [4.700536651407679, 52.425512969629395], [4.710654404985767, 52.42769282492099], [4.721982530546034, 52.43333626450945], [4.739207509864548, 52.43106395400212], [4.738566178693961, 52.42922283355218], [4.728758226044969, 52.40071145301534], [4.757481272631838, 52.3968829204307], [4.757856806609394, 52.39658758422763]]]]}, "properties": {"type": "boundary", "gemeente": "Haarlemmermeer"}}, {"type": "Feature", "geometry": {"type": "MultiPolygon", "coordinates": [[[[4.659968334646282, 52.53175156288506], [4.669570657711087, 52.530542455934174], [4.695735380159241, 52.526728321729664], [4.692829601988798, 52.522281950484434], [4.690585093317929, 52.51908273876113], [4.691394531352745, 52.51688759403769], [4.690673767584813, 52.515618572630615], [4.692599171052565, 52.51100268279782], [4.695114113359878, 52.5099986035171], [4.694611199912695, 52.50762419616485], [4.697084699072089, 52.507548100404115], [4.7012351374688, 52.50886298076553], [4.703854363861091, 52.50832909982565], [4.70652612979418, 52.51039739832051], [4.709151135128402, 52.50985665073435], [4.707936984694201, 52.50614137990733], [4.70585761269819, 52.50625132345877], [4.703442168666994, 52.50310461633569], [4.70542322650102, 52.500107721430275], [4.711703352887213, 52.496817083002135], [4.720366589426076, 52.49495413793685], [4.714644929958434, 52.49319524436127], [4.708444560427697, 52.48862585455191], [4.707968416577809, 52.48633260808335], [4.703093485768791, 52.48755955123496], [4.703720891458809, 52.48853281123367], [4.699665524245503, 52.48979938771367], [4.697601575369731, 52.487512383992865], [4.695508383610238, 52.48738560699353], [4.694550247291372, 52.488299899781495], [4.694600903709061, 52.48958680700551], [4.6949296989140334, 52.490680378937824], [4.694741085018684, 52.49133928102795], [4.690991273618182, 52.49131732193451], [4.690382467770159, 52.49083051545315], [4.68708611020021, 52.49239180932174], [4.6859719726507665, 52.49173724080139], [4.683838673840095, 52.49272048289672], [4.683720747498192, 52.49274638045431], [4.6820345944064234, 52.49282294969072], [4.680509740053865, 52.493539219864495], [4.679923198819512, 52.49316892739522], [4.678609138030768, 52.493719422004396], [4.677992909914737, 52.49336472496319], [4.67698838075535, 52.49443007705196], [4.674407167032785, 52.49515518958744], [4.67506903039093, 52.4955877076169], [4.673500834725366, 52.49653347462907], [4.672854628971764, 52.49696647606136], [4.669886459150155, 52.49839908467193], [4.6683285584488345, 52.49991676179061], [4.666301298315123, 52.50074423364271], [4.666913570299335, 52.5010533374898], [4.6660535152080085, 52.50174413137273], [4.657475576870895, 52.498675411138464], [4.657397631391081, 52.498664028554025], [4.655378731863467, 52.497925310060765], [4.652560630009058, 52.49818752893943], [4.651242430810669, 52.49884539473049], [4.6500205855866374, 52.4984238149328], [4.649451495207508, 52.49904866767496], [4.649430080587897, 52.49912159432593], [4.646311696815958, 52.499083450914945], [4.645105128641994, 52.499569168279784], [4.635019622273163, 52.4990614413448], [4.634999034934343, 52.49952913758997], [4.633892994374791, 52.498902587571436], [4.631365558893634, 52.49869215645263], [4.630955356820466, 52.49865800371137], [4.62140044001289, 52.497862119214965], [4.6130367676318995, 52.49633105231501], [4.611509337379862, 52.49664184180573], [4.607470171718714, 52.494574518070976], [4.606295171357327, 52.49480882006789], [4.606296877926303, 52.49478583803429], [4.6043131756916384, 52.49438882270307], [4.598635130063457, 52.495944512946174], [4.599929989793679, 52.49726093541821], [4.597983339941814, 52.49684531848985], [4.5955451501075935, 52.498198748516515], [4.591694485111926, 52.49827896029956], [4.591665335857386, 52.497840235816916], [4.586562586159224, 52.49916128049293], [4.593023521037693, 52.51348774219468], [4.598301651897346, 52.531140742916556], [4.652793170379602, 52.530726341691874], [4.653027708272815, 52.53072470598648], [4.656198859578126, 52.53152937410877], [4.659968334646282, 52.53175156288506]]]]}, "properties": {"type": "boundary", "gemeente": "Heemskerk"}}, {"type": "Feature", "geometry": {"type": "MultiPolygon", "coordinates": [[[[4.6177182539304, 52.36153073869003], [4.6182461652883235, 52.3614667114481], [4.6256283707761545, 52.3621264294328], [4.630340128579609, 52.36064687043507], [4.636625861440712, 52.36148425673674], [4.637359951497009, 52.36025762425955], [4.637589191396798, 52.35946787156878], [4.6349431211676055, 52.35596193240206], [4.6358496944896475, 52.354036939862205], [4.636598020571234, 52.35318391422248], [4.63980197543801, 52.35090741292498], [4.640385095639739, 52.34983377743743], [4.640324298048361, 52.345563102865974], [4.641033162200067, 52.34398570274207], [4.639380110642538, 52.34062905387582], [4.639647516640926, 52.33890623989747], [4.630583838698195, 52.337534464001834], [4.620100791712119, 52.33371877755478], [4.616563809543161, 52.3314735570772], [4.613466804532614, 52.32806462844066], [4.611661493636698, 52.325420020592034], [4.611385566746636, 52.322250722358085], [4.611383476824897, 52.322204762150434], [4.607814241835829, 52.323490697623], [4.607619800992863, 52.32356074650866], [4.607366963096554, 52.32337643938685], [4.607258461915344, 52.32329734422557], [4.606524040306185, 52.32363152709407], [4.606234708467428, 52.323763179189015], [4.597297255083318, 52.327829156781746], [4.596985018131093, 52.3278949456228], [4.593873709826291, 52.32864621225976], [4.5933683953208835, 52.328117662942574], [4.591778503154786, 52.32852647756828], [4.591306846411346, 52.32823250919376], [4.590803248942527, 52.32821057532913], [4.590187432063876, 52.32835238489471], [4.590262993168307, 52.32852301505515], [4.593582522854879, 52.33780986159635], [4.5968082481000625, 52.34549592514619], [4.602262180961922, 52.35670314388154], [4.6057233634710215, 52.36340488513632], [4.608422496126738, 52.36298472125258], [4.608580690406717, 52.36295797694102], [4.610655364627252, 52.362705948652206], [4.6177182539304, 52.36153073869003]]]]}, "properties": {"type": "boundary", "gemeente": "Heemstede"}}, {"type": "Feature", "geometry": {"type": "MultiPolygon", "coordinates": [[[[4.721528577259133, 52.6225097730121], [4.73126284233888, 52.618685579080754], [4.731262901802225, 52.61868555244672], [4.733186820433235, 52.61765559384924], [4.739449762758561, 52.61386886778871], [4.737878522600879, 52.61216231326159], [4.7378782594015645, 52.61216203950679], [4.733346538206891, 52.60754786845769], [4.733897619007582, 52.60729606917054], [4.736185327377885, 52.6054452753052], [4.735408680262242, 52.60382504973457], [4.7379080068834805, 52.597291194187854], [4.7369649358122485, 52.59576267157115], [4.737460654174082, 52.59385891933348], [4.752137370577582, 52.59189150290857], [4.750967225485425, 52.589119396987385], [4.744454624457795, 52.59028901605024], [4.739991551004639, 52.57892870769137], [4.726706596213709, 52.57963766752804], [4.724882126204854, 52.578737676537976], [4.7233379290579025, 52.5797661995843], [4.718466791701455, 52.58006201207358], [4.718181223893998, 52.58008140658081], [4.710256532717695, 52.580588100356096], [4.703754667312987, 52.58033907611072], [4.703358862061555, 52.581551537883726], [4.698315098650027, 52.581855525328905], [4.696586272708256, 52.57897843873018], [4.691084411319116, 52.579578739988], [4.691303670078835, 52.58004927186114], [4.685424190167261, 52.580957517648535], [4.686242448613185, 52.5829574338425], [4.685520888734425, 52.583131564269046], [4.6792725366194805, 52.58387377007416], [4.677652825539164, 52.58433773382896], [4.677737138229987, 52.58548410097097], [4.6716400259004125, 52.587298575516364], [4.67061409634714, 52.58872986391589], [4.673978401001197, 52.58994774483212], [4.672580068266239, 52.59090468046891], [4.672399570128988, 52.592297405146866], [4.673861512636553, 52.592929216536824], [4.673173764108396, 52.596211497814814], [4.673878901236661, 52.600959585882435], [4.674441317825694, 52.603772149051], [4.6803726137666875, 52.608461184924074], [4.680766017573764, 52.61028018722063], [4.683691567489265, 52.61267304948804], [4.685804817483661, 52.61777091957673], [4.6855097025447465, 52.619311878225666], [4.6899918886579615, 52.62375186468353], [4.705698814960761, 52.62135505179852], [4.707953773756158, 52.6203490983857], [4.714585224456738, 52.624782685673615], [4.716306725562499, 52.62498589013946], [4.721528577259133, 52.6225097730121]]]]}, "properties": {"type": "boundary", "gemeente": "Heiloo"}}, {"type": "Feature", "geometry": {"type": "MultiPolygon", "coordinates": [[[[4.784971618023848, 52.965796616826744], [4.783326013294083, 52.964049661361486], [4.784723099570869, 52.963012573113716], [4.783594781640813, 52.96230415914411], [4.7811365701071225, 52.96334286079545], [4.779195083282456, 52.961678621483216], [4.7777449365511035, 52.96091748470567], [4.774788090289839, 52.96060860381567], [4.779194972697939, 52.95453779240004], [4.788037596345443, 52.94918032314395], [4.790475877325476, 52.94969391421052], [4.780445358441242, 52.9555704814914], [4.778230389027498, 52.95939682356929], [4.778416263227422, 52.959432920840435], [4.7793204244181755, 52.95831457391418], [4.78102240626379, 52.958770452352084], [4.782735970381554, 52.95633818960256], [4.785087185804196, 52.95690727795554], [4.785556103369428, 52.95430668011585], [4.787294424400974, 52.954410437984244], [4.786672785360171, 52.9569989834494], [4.787272196641838, 52.957051606870785], [4.787958627057954, 52.954474682062795], [4.792069573800109, 52.95501714933068], [4.790870641177572, 52.95754365466667], [4.791469434056134, 52.957647850048744], [4.792788947227264, 52.955169907708466], [4.794387299066309, 52.95549642961939], [4.793334647434731, 52.957223884947126], [4.793719884404499, 52.95725390466207], [4.7941594447628795, 52.956624079306415], [4.796477126305436, 52.95709464710765], [4.795513644258219, 52.9588105434978], [4.793198442700762, 52.95837771449145], [4.792992149543919, 52.95860276893642], [4.798149631301523, 52.959621994393004], [4.7965715074299275, 52.961878050269206], [4.794300130841258, 52.9614506241187], [4.794805085899589, 52.96020467378771], [4.793363892060113, 52.95991300384238], [4.79163921746706, 52.962201254478295], [4.789699389716975, 52.96276442280936], [4.795875399303307, 52.964478379220225], [4.801324158662413, 52.964523631918496], [4.803419620488114, 52.95918306721634], [4.801696508505822, 52.95309495379019], [4.792838536551541, 52.944124898769665], [4.791301843011887, 52.93623127985415], [4.792011532082776, 52.93516253718962], [4.792122765746719, 52.93295342676809], [4.7941804842705285, 52.932814020116126], [4.794734128001308, 52.929343676648365], [4.8032693161962525, 52.91739008486112], [4.805016340758181, 52.916084738509575], [4.807061500618638, 52.91594447476955], [4.808834808699576, 52.91525759239608], [4.809987734693425, 52.91435390894409], [4.808050101057068, 52.913573751683884], [4.806308810950252, 52.913979204186006], [4.806724180504278, 52.91271511246642], [4.80453091658968, 52.91048780207606], [4.797299304962585, 52.912114798665506], [4.794908340941893, 52.91257904174664], [4.787654034001032, 52.902347152603205], [4.782295088222734, 52.89468649009272], [4.772084941474067, 52.880249561297], [4.770937917318666, 52.87862685711202], [4.769366134256071, 52.87892330432489], [4.749806202942779, 52.88045583353607], [4.74253940003571, 52.88102022357986], [4.734172082974965, 52.88165905718508], [4.726788774985039, 52.88220846550385], [4.7090411450799685, 52.883622472713284], [4.711434906823141, 52.893409113977135], [4.712420992599414, 52.901543061812184], [4.713398740568039, 52.91582824997064], [4.713372716958489, 52.93229384392517], [4.7145351865219505, 52.938301202699165], [4.71723787668565, 52.94745484786856], [4.719418265592545, 52.95113546118761], [4.729651908161715, 52.96152842685249], [4.73083834128784, 52.96257484812822], [4.7396859377734994, 52.96380307887562], [4.748296010938684, 52.96437800433209], [4.755502909079594, 52.96382792679955], [4.759272069576363, 52.964605528508336], [4.763209279052455, 52.965384442452155], [4.779557957750844, 52.965230033333164], [4.777820638823524, 52.96396386944789], [4.777715406940572, 52.96300689252032], [4.778284788585877, 52.96275010227957], [4.781325348537137, 52.96475938580239], [4.782358745371062, 52.96444798622859], [4.784240587632736, 52.96609738051193], [4.784971618023848, 52.965796616826744]]]]}, "properties": {"type": "boundary", "gemeente": "Den Helder"}}, {"type": "Feature", "geometry": {"type": "MultiPolygon", "coordinates": [[[[5.127191066815514, 52.27864804898389], [5.13104801702683, 52.278363366981566], [5.133067861784466, 52.278667914680874], [5.134169478004215, 52.27804263678637], [5.134405050007556, 52.277816739704505], [5.135358251858452, 52.2780870211012], [5.1362653946605565, 52.27714697260318], [5.1414404670607805, 52.275260828230614], [5.143945426537465, 52.274301589348305], [5.143718869379393, 52.27382694840406], [5.14389498031784, 52.27290953018701], [5.143935939660426, 52.2713437272542], [5.144354300300773, 52.27131446158734], [5.1439570796442515, 52.270535538545275], [5.140478545607841, 52.265093491152506], [5.137723418591429, 52.263063965726715], [5.137208567175144, 52.26147666428719], [5.137558689479509, 52.26090057266646], [5.137493617154936, 52.260520819671754], [5.137638548079957, 52.26049668083686], [5.13770042528085, 52.260486374875335], [5.137708619771014, 52.260425077742894], [5.137636092974846, 52.26042241105908], [5.137496746518687, 52.260417287406725], [5.137454890561564, 52.259886211697584], [5.1376090499760085, 52.259604312923244], [5.161808193815431, 52.259926858720405], [5.162128665375997, 52.255796253821295], [5.165946614696022, 52.25770651119469], [5.173884002081846, 52.261678232428984], [5.176938922044085, 52.26288688444362], [5.1831312389156, 52.264603587508326], [5.183139139165031, 52.26396963647701], [5.193512955445058, 52.26637168406523], [5.199784181577878, 52.26782615975394], [5.200936166626619, 52.26737179187584], [5.201580229594967, 52.267937449861535], [5.201103236684668, 52.26813713460013], [5.201116993840152, 52.268140382858405], [5.203821879220351, 52.26711553634687], [5.199590269792705, 52.261618984451026], [5.188852754251192, 52.24765109552419], [5.199398099081818, 52.24020449842873], [5.1998094689094545, 52.239617081117885], [5.215799238280063, 52.21667451330696], [5.218960254256824, 52.21212940747323], [5.216486490291716, 52.20636749730204], [5.217213995078297, 52.20623347701152], [5.2165292151547975, 52.205451425673736], [5.215500636424159, 52.204274114637954], [5.192585775882909, 52.177833516045936], [5.184185378280653, 52.177955227168624], [5.179431477251507, 52.17821394358648], [5.169704633177679, 52.17880324359691], [5.1667400268552734, 52.17897633362479], [5.143344161641383, 52.18029935016891], [5.143225057468152, 52.17999958949239], [5.1241104622297975, 52.1808278779782], [5.121938868626046, 52.18558078336273], [5.129204092603257, 52.18737761258502], [5.135891657415462, 52.19030692333805], [5.141078642371563, 52.19316278871548], [5.141546005210878, 52.19364536294529], [5.145119894683931, 52.196616212517036], [5.145702801057158, 52.19788604197431], [5.145611460158178, 52.20050503191128], [5.142441807809943, 52.20496814472566], [5.14058067410239, 52.20728790069603], [5.142511848321822, 52.20780420232037], [5.142435830033046, 52.20870755186513], [5.141788009879867, 52.208600230646425], [5.142015361833134, 52.20816692080596], [5.141440972677632, 52.208050052230554], [5.14110633484518, 52.20847770867729], [5.139982559593145, 52.208288709023144], [5.139954563692339, 52.20801861833148], [5.139828062710481, 52.20798090077077], [5.139739476601435, 52.20809765378475], [5.139510927919532, 52.20838117666951], [5.137575619683885, 52.21097615345794], [5.1339429181764675, 52.214295409205505], [5.1331486937762465, 52.21446144328036], [5.128403095638582, 52.21673414249613], [5.1284185844644306, 52.21683868724755], [5.126958407740675, 52.21741014354042], [5.122526482532039, 52.21882564955781], [5.1226551168367305, 52.21965083155649], [5.12252257998855, 52.21993295392762], [5.122336648405218, 52.22081511434505], [5.123309553408962, 52.221389399056626], [5.130008057187645, 52.22149158534575], [5.129954806385657, 52.22239295950495], [5.128062352051735, 52.22238395037167], [5.127944416295396, 52.22440437448472], [5.138519974969771, 52.22459080403701], [5.138515670497531, 52.22466975301006], [5.140232332141318, 52.224536525016454], [5.140254930761195, 52.224644067250544], [5.141791073481745, 52.225494038956036], [5.141361674023228, 52.23684785359489], [5.141326283162446, 52.238273701573966], [5.142019943579423, 52.23931309817481], [5.142276996421893, 52.24331733861537], [5.140047699858557, 52.24577471813478], [5.13960425441306, 52.25401523132786], [5.1369154679795646, 52.25395372722007], [5.136499245780454, 52.25958345871727], [5.132742965095118, 52.25973661018752], [5.127331091715078, 52.25957897461011], [5.125573707271493, 52.260218046366404], [5.120533794398765, 52.27136287020159], [5.119151097028057, 52.27353833959108], [5.1084438297634565, 52.275642777273], [5.102928228286869, 52.27764960664098], [5.10206527627174, 52.279891156988484], [5.1020871990467995, 52.28170403632275], [5.102815847930269, 52.28238386099991], [5.104297492723235, 52.28325552090366], [5.104645500272596, 52.28538496161624], [5.107354064789782, 52.28546191777756], [5.116026140524389, 52.282775595829925], [5.121799787598013, 52.28172210873046], [5.127191066815514, 52.27864804898389]]]]}, "properties": {"type": "boundary", "gemeente": "Hilversum"}}, {"type": "Feature", "geometry": {"type": "MultiPolygon", "coordinates": [[[[5.086729731571136, 52.68436548296817], [5.08938574217833, 52.68056280100737], [5.091751583475948, 52.67892371219091], [5.096104415937854, 52.67488897816517], [5.096483744564153, 52.67433035088685], [5.098817479277757, 52.67126182817865], [5.096668801193254, 52.67034598142237], [5.096933226682677, 52.67010761547963], [5.096206974466625, 52.66981363096835], [5.096265288818586, 52.66972283379702], [5.09874877032586, 52.667436338796584], [5.100887921228699, 52.6658199167448], [5.101418910051385, 52.66603184744831], [5.102782833475217, 52.664772569256165], [5.103098973966066, 52.664895942521326], [5.103410665132326, 52.664567507707474], [5.104051895723337, 52.663955444148655], [5.104861058023372, 52.664295780831544], [5.106270469176347, 52.66300445653888], [5.106553195554323, 52.66314982570838], [5.107633807011126, 52.662157412151124], [5.107232040704133, 52.66199564580924], [5.1083242532875826, 52.66079574281277], [5.108039096427158, 52.660692757698854], [5.108230631752444, 52.660401559283514], [5.10800305401042, 52.660269447112285], [5.108071480045578, 52.65994850088449], [5.107590284165925, 52.659719989023756], [5.11133872009401, 52.657221886732266], [5.110684451979002, 52.6567053886434], [5.114758037801182, 52.65378282944634], [5.116114709005568, 52.65431154901318], [5.119413074866193, 52.651163125796884], [5.116440206496279, 52.650622859622324], [5.117077395173039, 52.64998570853964], [5.105191188829135, 52.64779058790874], [5.101963081769099, 52.64702842302741], [5.103603991008606, 52.64173653699217], [5.106044080821954, 52.63558977591785], [5.100753228421921, 52.634737080125376], [5.093199387546828, 52.63989299753035], [5.092425100435679, 52.64078773704895], [5.089491860301948, 52.640166751603914], [5.088656211723707, 52.642510773629574], [5.083447191205644, 52.6415862362481], [5.084284964420187, 52.64086408418668], [5.088288747237962, 52.63975120710905], [5.088354350528308, 52.63942902177326], [5.0862771114617376, 52.640075741940585], [5.0859281593248316, 52.639813608530936], [5.088419492055619, 52.638344109815584], [5.0877547597562724, 52.63781577039953], [5.085694852055548, 52.63966083750424], [5.084514220756356, 52.64049228341629], [5.081665371882912, 52.641290377811345], [5.0814112726123914, 52.641544436234135], [5.0794754222132585, 52.640639526449604], [5.078503659405762, 52.64148287513082], [5.076886290100876, 52.641327922954915], [5.075238683191639, 52.64047457361921], [5.07538459287858, 52.63954128115114], [5.068073553031047, 52.6348380467365], [5.0644007902062285, 52.63698384150895], [5.067027038898473, 52.63728221323818], [5.066950665268956, 52.638402226845095], [5.065671978107055, 52.63835088114754], [5.063764210285412, 52.63739396496828], [5.063562567731994, 52.637639161507934], [5.065683027362203, 52.63904232327542], [5.068478247871304, 52.63925489863372], [5.068311899033787, 52.64020463549426], [5.0669855432013025, 52.640055018665436], [5.066463403824774, 52.64076882151684], [5.0662982070370655, 52.6407216958607], [5.0662166131260165, 52.640601796984335], [5.066421971376085, 52.64060937909981], [5.066545217302445, 52.6403793625727], [5.066235762677684, 52.640308214121184], [5.066138014452589, 52.63926523936754], [5.064678823128452, 52.63903558433591], [5.062978025171843, 52.637888243435434], [5.0629952730980925, 52.637220438394536], [5.063444859052316, 52.637506372071876], [5.063571123192034, 52.637310869835865], [5.063150996643117, 52.636962379565375], [5.062973241281601, 52.6334875180897], [5.06180451290521, 52.63358759895798], [5.061802299254342, 52.63648384631465], [5.058238461060185, 52.63684658800374], [5.057777185130882, 52.634593833415494], [5.0604645139102375, 52.63384032127927], [5.060436853517056, 52.63309960664539], [5.055543451232595, 52.633950826208874], [5.0555433586549245, 52.635834157037614], [5.057209144925791, 52.637505989077354], [5.056939454909133, 52.63800904862542], [5.052215414389304, 52.64142227138542], [5.045660853171848, 52.641637004154624], [5.039961546812324, 52.63803963964143], [5.038995386243342, 52.636614184980175], [5.034865865316731, 52.63645495894416], [5.029789789946966, 52.635537312815146], [5.027360924532406, 52.63403241849928], [5.023106716850754, 52.632788321943174], [5.0189022941117845, 52.62991912553811], [5.016860083133599, 52.63027829196085], [5.01649242289957, 52.63085459747175], [5.013535177285046, 52.630431640234335], [5.014873236985119, 52.63499593072171], [5.0182906820651585, 52.638263663858815], [5.026386450189817, 52.641741189059], [5.027031700778691, 52.64198919780459], [5.029920305051984, 52.64350929645463], [5.0340707806825975, 52.64574623396838], [5.037138147017874, 52.64765794417549], [5.038142251097062, 52.648961207588584], [5.037677223126367, 52.65022980888246], [5.038928412091417, 52.65614064709549], [5.036582839517475, 52.66206305996476], [5.034761683843001, 52.666556474959926], [5.035539054965234, 52.67045307611003], [5.038305575659654, 52.67080621328646], [5.0454584057779215, 52.67174278588531], [5.048881957374899, 52.67203030054469], [5.051538554955815, 52.672208063657166], [5.063454644855562, 52.67313344213588], [5.062493427822068, 52.674881581130414], [5.0623591521364775, 52.67507331500456], [5.062138633156564, 52.67525113245009], [5.063345520204087, 52.675797235457175], [5.0622910272690955, 52.676707686045916], [5.082605987788119, 52.684003214723774], [5.083001660422648, 52.68320084298181], [5.086729731571136, 52.68436548296817]]]]}, "properties": {"type": "boundary", "gemeente": "Hoorn"}}, {"type": "Feature", "geometry": {"type": "MultiPolygon", "coordinates": [[[[5.252721801965679, 52.310136885355924], [5.256357722659995, 52.306833348593656], [5.259880895828513, 52.30611400580144], [5.264273780797619, 52.30676609715653], [5.264733037588849, 52.30645396406795], [5.274064215124269, 52.30414531047599], [5.278001738775558, 52.30235964695746], [5.2788195180614474, 52.302387452634335], [5.28112641466706, 52.30059396684636], [5.287809744816973, 52.2976034856258], [5.280911629290961, 52.29378117505112], [5.277743209408604, 52.29607437649663], [5.274408009171561, 52.29340799638889], [5.27116111647342, 52.2909989079093], [5.270988896028805, 52.29092192465746], [5.268315859588787, 52.29009290675835], [5.257562859871552, 52.28674277458994], [5.250104722978672, 52.284419725421095], [5.249802773130438, 52.28432579135303], [5.246225647862581, 52.28319588826583], [5.246382592747775, 52.28233323086079], [5.241329596541167, 52.28132283343634], [5.24122990666592, 52.281314744527116], [5.236354992463528, 52.281189292963596], [5.232492148120614, 52.281270646006654], [5.227600451367023, 52.277129486730274], [5.210957272544517, 52.27735090172674], [5.210876388385318, 52.277339696533204], [5.207222259350776, 52.27434939256449], [5.207025226468303, 52.27341880174605], [5.206896934234509, 52.27209305396071], [5.203821879220351, 52.26711553634687], [5.201116993840152, 52.268140382858405], [5.1962227300337345, 52.27089335115971], [5.191179752900067, 52.27374282742447], [5.187598142419366, 52.27524475919365], [5.184702684705507, 52.27801004488222], [5.189987170760576, 52.27909900588466], [5.194473127173553, 52.280941028301314], [5.194347257999951, 52.28242882210675], [5.194662022153983, 52.28347890580729], [5.192137243185409, 52.284116039228756], [5.193802706098501, 52.28552822501061], [5.195683002471154, 52.28476571477455], [5.195763834300158, 52.286009472579984], [5.195305604610538, 52.288244517243385], [5.195383185964726, 52.2885810992258], [5.19323201037411, 52.288223293429475], [5.19237929284768, 52.29032960309735], [5.187075049358913, 52.292603194382885], [5.187690539402388, 52.29295358604997], [5.188223735575314, 52.2925509014162], [5.1903728492434125, 52.29323430939884], [5.190433702481329, 52.29346451876728], [5.1959169223103325, 52.295076967920245], [5.194991431761549, 52.29710765338212], [5.195805173684297, 52.29889926444025], [5.1977978330965495, 52.30033482117811], [5.202246053921669, 52.299718498669314], [5.203495791584396, 52.29965697240282], [5.208721459268471, 52.30025765907222], [5.209009758553047, 52.302020603130174], [5.210489177533446, 52.30186096430022], [5.211759286869555, 52.3000955650846], [5.214126331702785, 52.29849833334381], [5.21947999389507, 52.299157419294986], [5.22717339622209, 52.30116716400768], [5.229560454255987, 52.301724200446465], [5.229134146173876, 52.30280336371752], [5.230080253461916, 52.302924735829485], [5.229812078982991, 52.30448121202806], [5.230352148355077, 52.305447226182274], [5.228488119360772, 52.311254233957115], [5.230944168041543, 52.31183332831925], [5.24018338828751, 52.31171200115142], [5.242503373914667, 52.311284782761994], [5.243742606340356, 52.31210949400973], [5.244244212679105, 52.31186346808223], [5.242828720170571, 52.310600121970815], [5.2440230389059534, 52.31009041930144], [5.244957153993142, 52.31083988230909], [5.245190870107662, 52.31075301050104], [5.245365580655641, 52.31009506262523], [5.2452405861858775, 52.309721441150444], [5.244008061477509, 52.30897826513423], [5.24279351481463, 52.30835591624242], [5.241296674816918, 52.305796663731506], [5.242187800283125, 52.30573116257879], [5.243482077901816, 52.30810087614256], [5.244226608825033, 52.3086387715907], [5.245242782394153, 52.30829771157769], [5.245296317098658, 52.308404894157064], [5.245451171519086, 52.308514069452166], [5.245132698217606, 52.30862990909751], [5.24540301624151, 52.30890785734768], [5.244977738827593, 52.30916699500653], [5.2470088717269325, 52.3122697999126], [5.24741975233939, 52.31203479956149], [5.246310697332216, 52.31032394023452], [5.25162088060884, 52.30904144251419], [5.251307619904593, 52.3101019881552], [5.248459944085963, 52.3117336187203], [5.247870035759858, 52.31385338514374], [5.249118374939115, 52.31583410942405], [5.249956022901676, 52.31591381072203], [5.249607576222562, 52.31367926285031], [5.252121286935843, 52.312063971428664], [5.252721801965679, 52.310136885355924]]]]}, "properties": {"type": "boundary", "gemeente": "Huizen"}}, {"type": "Feature", "geometry": {"type": "MultiPolygon", "coordinates": [[[[4.93208563399886, 52.48754865635546], [4.941445782793035, 52.485407858658796], [4.94344718141228, 52.48769145960487], [4.9487520175695705, 52.48661770655758], [4.948315551215008, 52.484005142215544], [4.94716821206571, 52.47906349027184], [4.9468764532099865, 52.46888336543173], [4.950675423622806, 52.45822000838952], [4.948000793957014, 52.452388892553785], [4.948785305623324, 52.4479741807906], [4.950860428833624, 52.437140878012976], [4.950688743994707, 52.42359625635464], [4.947787666041435, 52.421562367297554], [4.944778962918195, 52.415018297579365], [4.942645885597222, 52.41386009840977], [4.935141414488584, 52.41203989526153], [4.930715012912648, 52.41160770950756], [4.922744899230158, 52.415529830194764], [4.920449496355784, 52.41660718416358], [4.9156618982438385, 52.41857074358206], [4.914299864734635, 52.41849709010708], [4.909659540672674, 52.42024943003035], [4.908676039618899, 52.42071521834541], [4.907961432117087, 52.42087385692234], [4.90807338951081, 52.421102271877295], [4.907452364431202, 52.4212568205898], [4.905690754341815, 52.422130063731395], [4.898740285909788, 52.42448995854894], [4.898880645995994, 52.42876481586113], [4.899280691155761, 52.43130421015854], [4.898094492663344, 52.434169130327234], [4.897004761975552, 52.43473789275382], [4.894455030601959, 52.437119897917036], [4.896544619110474, 52.43985377125958], [4.8964885433353995, 52.44618440884504], [4.895075712217051, 52.44980910701956], [4.893076767340605, 52.4541148888277], [4.893318308953775, 52.45727638013584], [4.9031003664151305, 52.47195423261195], [4.906468949908432, 52.47982686467047], [4.90822020109834, 52.48309727559581], [4.9161262385668305, 52.48654561180431], [4.9206501585400115, 52.490434890592674], [4.922394210303002, 52.49028040488186], [4.930280827837294, 52.488653738351424], [4.930015665415768, 52.48794238957122], [4.93208563399886, 52.48754865635546]]]]}, "properties": {"type": "boundary", "gemeente": "Landsmeer"}}, {"type": "Feature", "geometry": {"type": "MultiPolygon", "coordinates": [[[[5.22598056666506, 52.26819816487691], [5.229580745404503, 52.26546419885263], [5.2301348160498975, 52.26561884066089], [5.23059294381349, 52.26469545770915], [5.232048254472451, 52.264467687928864], [5.244064289425869, 52.25466472051203], [5.244081106572213, 52.2546633657674], [5.245093103404635, 52.25443165253918], [5.238407701579734, 52.24566093324632], [5.237368782698727, 52.244277176679354], [5.231879620836548, 52.23707830251431], [5.222901202129149, 52.22526162122151], [5.22473020042936, 52.22519776730178], [5.2205774393353135, 52.215972057998925], [5.218960254256933, 52.21212940747323], [5.215799238280171, 52.21667451330696], [5.199809468909564, 52.239617081117885], [5.199398099081928, 52.24020449842873], [5.188852754251192, 52.24765109552419], [5.1995902697928145, 52.261618984451026], [5.203821879220351, 52.26711553634687], [5.207692380278701, 52.26626867084597], [5.20924435343485, 52.26593497775226], [5.21164363129258, 52.26734414736822], [5.216867581545526, 52.268993957266844], [5.225507806916306, 52.27290932469972], [5.22598056666506, 52.26819816487691]]]]}, "properties": {"type": "boundary", "gemeente": "Laren (NH.)"}}, {"type": "Feature", "geometry": {"type": "MultiPolygon", "coordinates": [[[[5.146568063791841, 52.74559422074347], [5.148911420428944, 52.74364576242886], [5.14256265663521, 52.745852585924965], [5.14152714245601, 52.74765459970898], [5.146568063791841, 52.74559422074347]]], [[[5.1126496065481, 52.77389355077726], [5.108254956340223, 52.77095741197446], [5.1087726253874, 52.77065458258735], [5.111737845346117, 52.77233918597147], [5.112109282610305, 52.77158269383877], [5.108991693666678, 52.77006068041892], [5.109391050311382, 52.769479754522436], [5.112918654483784, 52.770924012962254], [5.112240228657814, 52.772670244477276], [5.112911099473682, 52.7735193144827], [5.113642857219725, 52.77410958345846], [5.116512974745612, 52.770749617992195], [5.1153983739144815, 52.77067372380462], [5.117704167061788, 52.769675182563425], [5.11813324124098, 52.76792308537967], [5.12040176071815, 52.76802141564895], [5.118454469573516, 52.7673022929102], [5.1196657692293, 52.76553607013504], [5.119573199164931, 52.76553075956828], [5.118513644273623, 52.76616066805876], [5.117908812302496, 52.765825678019425], [5.118462037636079, 52.764564062116555], [5.119720465613539, 52.764665228765814], [5.120188106922836, 52.76468866187343], [5.123496307242107, 52.765174586430405], [5.123867101310527, 52.76486798169101], [5.120485298492816, 52.76412555159485], [5.120405253876103, 52.760792260551725], [5.121137228716031, 52.76123288203033], [5.121646219352393, 52.76121244284376], [5.120111266631084, 52.76013403364915], [5.118850890125237, 52.76006669996422], [5.1189266670909825, 52.75993920129215], [5.119122650055849, 52.75993832130238], [5.119229603870807, 52.759786895093676], [5.12008716968103, 52.75977252030797], [5.121065971348224, 52.75862481848754], [5.1235041652885105, 52.75757647357363], [5.123177677456477, 52.75730360379116], [5.123541366011519, 52.75568716503991], [5.130001736986104, 52.75168907291965], [5.1323904564990865, 52.750864296979294], [5.145556556890827, 52.7418958180372], [5.148924584486965, 52.743107715532815], [5.147239292124771, 52.7396986265658], [5.147668158163432, 52.73926209939805], [5.149997348527214, 52.74049153287871], [5.152849829946109, 52.741019210527256], [5.151720565523163, 52.740044565792985], [5.154407123458786, 52.73850614641333], [5.1551204002741775, 52.73943666950162], [5.161763398404863, 52.7401593437601], [5.163065083335749, 52.73890718190381], [5.165284232281597, 52.73963496172192], [5.165130193262824, 52.74110304423235], [5.169915941605149, 52.740768012842764], [5.168486038846418, 52.7397103140188], [5.16988579164726, 52.73863771427574], [5.171404660920638, 52.73866353305362], [5.172901124383714, 52.73947053229786], [5.172726011908882, 52.74009295516156], [5.170742231479345, 52.7404580457758], [5.170873892841377, 52.74089649915849], [5.174787442018437, 52.739542101049594], [5.176036950349096, 52.739583127938964], [5.180282599763046, 52.74137855513453], [5.184630406724279, 52.746582524676725], [5.182684001197602, 52.74696065523313], [5.183629987948255, 52.74719986423342], [5.185752823694432, 52.746602725099095], [5.186507721795959, 52.74755200397786], [5.192860444996491, 52.7550303359288], [5.203798194812876, 52.75501048386956], [5.213791938441057, 52.75462107614851], [5.2228922762144085, 52.75365993247415], [5.225713962390789, 52.752457213083794], [5.229537378858995, 52.7525729903112], [5.258268528673274, 52.753463599549235], [5.261129386562937, 52.75263908898057], [5.269987735539763, 52.7475299120198], [5.259078056963482, 52.74648514593322], [5.25837194349853, 52.745679193033084], [5.266558426869571, 52.74541659726974], [5.271965993261154, 52.74632705793746], [5.269903773808317, 52.745171583054166], [5.259432399539227, 52.74486174923212], [5.254315774453238, 52.7469768067524], [5.2550666293682875, 52.74215940480995], [5.25734024772347, 52.71984899463924], [5.2575015871224995, 52.716180698842685], [5.230251086423543, 52.717369801143086], [5.220133451938352, 52.71769631700183], [5.210385501060325, 52.71677621385174], [5.1853730941733085, 52.71022801200603], [5.187022780455512, 52.70745171884752], [5.160121315821003, 52.70100758460188], [5.15317392124368, 52.69891462844811], [5.145794932619035, 52.69667670819367], [5.144497015818405, 52.6963247363736], [5.125179001159627, 52.69107574400128], [5.091751583475948, 52.67892371219091], [5.08938574217833, 52.68056280100737], [5.086729731570968, 52.68436548296832], [5.083001660422538, 52.68320084298181], [5.082605987788009, 52.68400321472378], [5.062291027268984, 52.67670768604602], [5.063345520203977, 52.67579723545718], [5.0621386331564535, 52.67525113245009], [5.0623591521363664, 52.67507331500467], [5.0624934278220675, 52.67488158113049], [5.063454644855454, 52.67313344213588], [5.051538554955815, 52.672208063657166], [5.048881957374899, 52.67203030054469], [5.0454584057779215, 52.67174278588531], [5.038305575659654, 52.67080621328646], [5.035539054965234, 52.67045307611003], [5.034761683843001, 52.666556474959926], [5.021313323105447, 52.664409351309345], [5.012652863044966, 52.668277370625574], [5.0061028843209785, 52.67026908315764], [5.00341333980164, 52.670489296962856], [5.003538073163052, 52.673356561717135], [5.0014915627096395, 52.67372081607437], [5.002351996741746, 52.674926955103466], [4.983008209395117, 52.67510017164714], [4.979203581693675, 52.67967934241497], [4.979320425613636, 52.682233270389865], [4.979595959592318, 52.68413355893935], [4.980374746754136, 52.6893937284842], [4.980454641878513, 52.69035030933756], [4.981513479659723, 52.690340926595965], [4.981586519782343, 52.69093705907544], [4.981581137034582, 52.69093694188106], [4.981573795473486, 52.69101771007497], [4.981156393663446, 52.69275987446371], [4.984332377192008, 52.69732636032193], [4.9844683387225475, 52.697523410670264], [4.983817883994535, 52.69764527449599], [4.986105908535409, 52.69892582130809], [4.985769627259812, 52.699780986482565], [4.9844485208069145, 52.700951556485066], [4.977809645649654, 52.70519171580208], [4.977650736913062, 52.706874371614575], [4.976587307267653, 52.70821414214492], [4.971887219142093, 52.71213832749063], [4.983804178408916, 52.71664434298032], [4.984522636303975, 52.71691822456781], [4.985564536920946, 52.71634981253229], [4.988270492244036, 52.713382417817826], [5.011162976639465, 52.72290748901391], [5.011047822621914, 52.72621706585114], [5.0110466873709205, 52.72624160103584], [5.0075793013785, 52.72485492248394], [5.007492970070574, 52.72558678859616], [5.004695969388143, 52.72810939790862], [5.002843798222555, 52.73154225116516], [5.001146320003828, 52.733535190137836], [4.999021776446614, 52.73485825035027], [4.998601873979514, 52.735504360817664], [4.9969428595341885, 52.73804145760392], [4.996385943325811, 52.73861976330083], [4.99742019351802, 52.73898568179137], [4.996557824130707, 52.739647860878286], [4.9983820325490536, 52.74028871431529], [4.995214802823989, 52.743695780849926], [4.998403395572569, 52.74464321558103], [4.998392565514735, 52.74506175297509], [4.996821135918156, 52.74645591730699], [4.996143364883858, 52.74715090587608], [4.996544994645385, 52.74742983643186], [4.996859927046799, 52.752065448540364], [5.0259259919528665, 52.751571181009595], [5.039926486879099, 52.75238987293251], [5.0449984953097, 52.753133099359395], [5.0569204059509545, 52.7574981280922], [5.061724582274632, 52.76066341897661], [5.064292512958948, 52.76258771484729], [5.0674607532405105, 52.76667092107411], [5.069722951960012, 52.76810323689837], [5.0762114376570135, 52.769245454896605], [5.083582447109657, 52.769614873862295], [5.092107850382404, 52.76928528255968], [5.09366589296677, 52.769691954139276], [5.098672976589619, 52.772354838313525], [5.09963178775428, 52.77330961514858], [5.104148309230881, 52.77445235841788], [5.112223902347383, 52.77464341980285], [5.1126496065481, 52.77389355077726]], [[5.103232335817341, 52.76998166754978], [5.108728081376523, 52.769644911163695], [5.107866913563426, 52.77039664528547], [5.1032045843994585, 52.770977414556135], [5.103232335817341, 52.76998166754978]]]]}, "properties": {"type": "boundary", "gemeente": "Medemblik"}}, {"type": "Feature", "geometry": {"type": "MultiPolygon", "coordinates": [[[[4.906468949908431, 52.479826864670564], [4.9031003664150195, 52.47195423261208], [4.893318308953664, 52.45727638013597], [4.893076767340605, 52.4541148888277], [4.895075712217051, 52.44980910701966], [4.896488543335289, 52.44618440884504], [4.896544619110474, 52.43985377125958], [4.894455030602013, 52.437119897917036], [4.897004761975552, 52.43473789275382], [4.898094492663344, 52.434169130327234], [4.89928069115587, 52.43130421015854], [4.898880645995994, 52.42876481586113], [4.898740285909788, 52.42448995854894], [4.8987389821629455, 52.42446153426875], [4.892682553386324, 52.425423882859995], [4.888141922279499, 52.42561827391548], [4.887683757832318, 52.425585702954294], [4.886861489824344, 52.42556256679817], [4.881647016946248, 52.425664351220824], [4.878992773038773, 52.42569654038457], [4.8765728678669085, 52.42622813886904], [4.8736208518646675, 52.42846501835943], [4.873205851384637, 52.4295494225781], [4.871460917134529, 52.430101510213056], [4.869543461537195, 52.429846682843696], [4.865969826729987, 52.43067889713158], [4.8652563813255805, 52.430543585115636], [4.865013098737932, 52.43054949690418], [4.86420579967113, 52.43037481254208], [4.864186488891844, 52.43026442194055], [4.862676803188223, 52.4299415469065], [4.862641663441166, 52.429837143652904], [4.862623528590102, 52.429790248674756], [4.86259014666465, 52.42978612885496], [4.862416133247542, 52.4298218009779], [4.862361070844758, 52.42984894252553], [4.862338884969648, 52.429899678419254], [4.8620552547927165, 52.42984768676081], [4.862022791520997, 52.42976941328434], [4.861762731437982, 52.42968401041637], [4.860004847963358, 52.43229284450481], [4.858121054765592, 52.4350568018201], [4.8575714948126025, 52.435864601013385], [4.857090130942044, 52.43646694320658], [4.855799148492931, 52.43824787811285], [4.853977346774508, 52.44157840468145], [4.85293263564894, 52.442957337433505], [4.842950356010052, 52.45226113127866], [4.844089952745256, 52.45276403691958], [4.8444263836821, 52.45292170864017], [4.844923836718164, 52.45648199797398], [4.848567845360425, 52.45956902923656], [4.852504338424097, 52.47036744314734], [4.862586084995103, 52.46849789474036], [4.867225705361279, 52.47057741908046], [4.882437217279823, 52.47480223082573], [4.890531788145857, 52.47895959195859], [4.895630293662028, 52.478227905107865], [4.906468949908431, 52.479826864670564]]]]}, "properties": {"type": "boundary", "gemeente": "Oostzaan"}}, {"type": "Feature", "geometry": {"type": "MultiPolygon", "coordinates": [[[[4.954972438461753, 52.75406642407434], [4.9558207507241505, 52.75327876941032], [4.9584332035574645, 52.75328962496679], [4.9874399924111845, 52.7524171729706], [4.996859927046797, 52.752065448540456], [4.996544994645385, 52.74742983643186], [4.996143364883748, 52.74715090587619], [4.996821135918044, 52.74645591730705], [4.998392565514624, 52.7450617529752], [4.998403395572458, 52.74464321558103], [4.995214802823878, 52.74369578085003], [4.9983820325490536, 52.74028871431538], [4.996557824130596, 52.73964786087828], [4.997420193517908, 52.73898568179144], [4.996385943325701, 52.73861976330083], [4.9969428595340775, 52.73804145760405], [4.998601873979514, 52.73550436081777], [4.9990217764465035, 52.73485825035027], [5.001146320003828, 52.733535190137836], [5.002843798222555, 52.73154225116516], [5.004695969388143, 52.72810939790862], [5.007492970070574, 52.72558678859616], [5.0075793013785, 52.72485492248394], [5.0110466873709205, 52.72624160103584], [5.011047822621914, 52.72621706585114], [5.011162976639465, 52.72290748901391], [4.988270492244036, 52.713382417817826], [4.985564536920946, 52.71634981253229], [4.984522636303975, 52.71691822456781], [4.983804178408916, 52.71664434298032], [4.971887219142093, 52.71213832749063], [4.976587307267653, 52.70821414214492], [4.977650736913062, 52.706874371614575], [4.977809645649654, 52.70519171580208], [4.9844485208069145, 52.700951556485066], [4.985769627259812, 52.699780986482565], [4.986105908535409, 52.69892582130809], [4.983817883994535, 52.69764527449599], [4.9844683387225475, 52.697523410670264], [4.984332377192008, 52.69732636032193], [4.981156393663446, 52.69275987446371], [4.981573795473486, 52.69101771007497], [4.981581137034582, 52.69093694188106], [4.981586519782343, 52.69093705907544], [4.981513479659723, 52.690340926595965], [4.980454641878513, 52.69035030933756], [4.980374746754136, 52.6893937284842], [4.979595959592318, 52.68413355893935], [4.979320425613636, 52.682233270389865], [4.979203581693675, 52.67967934241497], [4.976758280919677, 52.677420222372405], [4.971577798409062, 52.67915884339473], [4.970621350505341, 52.67963154329745], [4.969574104840978, 52.678916268087896], [4.966417563621201, 52.678550174558254], [4.9663192823591915, 52.67719551532658], [4.964736682540766, 52.67705048346247], [4.9647407810566415, 52.67628480144294], [4.96340959405911, 52.67559762824298], [4.962129534162799, 52.676027533497965], [4.961669360952838, 52.67461208980932], [4.961764608596153, 52.6737090973505], [4.960786611815503, 52.67352317806643], [4.960563333586006, 52.673739415220105], [4.952888201169509, 52.67213046957167], [4.952741371292886, 52.67176567892668], [4.950783084949762, 52.67286625904354], [4.949410698432257, 52.674483104824766], [4.933852326349201, 52.678650289512646], [4.928141887829643, 52.680265498669286], [4.92518053845694, 52.68119042781221], [4.923953425138556, 52.68158122427076], [4.922719108465376, 52.681837075103324], [4.9187665057913605, 52.68256907670469], [4.918099507323907, 52.68280368102553], [4.9056167940338335, 52.686419351670835], [4.904977961259349, 52.687268749001845], [4.914126907600565, 52.69149883571431], [4.917103558217614, 52.692869053370025], [4.917323376712304, 52.692957275166584], [4.917516782989074, 52.69396166676618], [4.9181112756447085, 52.69691888699616], [4.91586063510218, 52.69934137953959], [4.9108455228240855, 52.69990970549247], [4.899858755403234, 52.69758687029419], [4.899879617009246, 52.699485318245834], [4.899852556087028, 52.70014471969104], [4.899385143599616, 52.70327716978509], [4.899065343958277, 52.70665455116989], [4.89866810801561, 52.7068322225487], [4.903919113012365, 52.71163433721211], [4.905374060504687, 52.713085428274006], [4.9056371676101715, 52.7134990776868], [4.910939760716653, 52.718940337824925], [4.927362124023594, 52.737348673165165], [4.931423486274003, 52.74199939639594], [4.93279172133373, 52.74892774620894], [4.937814801276977, 52.749829451213074], [4.94032687154694, 52.75042154207354], [4.944612994888886, 52.752783651489494], [4.944385198970699, 52.75365918779152], [4.946418356444517, 52.753952488959435], [4.954341352479232, 52.75529650344149], [4.9547448618678525, 52.75508727100297], [4.954972438461753, 52.75406642407434]]]]}, "properties": {"type": "boundary", "gemeente": "Opmeer"}}, {"type": "Feature", "geometry": {"type": "MultiPolygon", "coordinates": [[[[4.9504475293845704, 52.33777278007989], [4.9480046843325365, 52.3350037500628], [4.946005158890728, 52.3337677191077], [4.948670118500038, 52.33171374683476], [4.948907357380328, 52.33152553800076], [4.9426927487553804, 52.329334392637726], [4.9447153803244115, 52.32712985173148], [4.9418741787272635, 52.32615302682456], [4.940495768209959, 52.3256775559954], [4.939151486227164, 52.32466629491079], [4.938528178845903, 52.324197379434096], [4.937960266131278, 52.324122494393286], [4.937618319681022, 52.32329952771109], [4.939926166118134, 52.321936154340186], [4.941042076575707, 52.319619950629885], [4.940221489918015, 52.319338539203244], [4.940205996064315, 52.31933322592166], [4.939584017757913, 52.31911993660962], [4.940330705385242, 52.318302466758375], [4.9398296038751175, 52.31711975394723], [4.938040835659306, 52.31650566442755], [4.938451195049658, 52.31565499906033], [4.938723139764863, 52.31509124511823], [4.937773455165095, 52.314764550069405], [4.935228323008244, 52.313888953666115], [4.936111569820739, 52.31258091255283], [4.934136944997807, 52.311903688721635], [4.930064487144147, 52.309340197491004], [4.930325526274467, 52.30918839433458], [4.929425024807701, 52.30862756014968], [4.929327547924277, 52.308532313443926], [4.929908070199646, 52.30810390189871], [4.9294149712173825, 52.30782911699581], [4.930255583140394, 52.30642998931887], [4.939242724385862, 52.29693984486412], [4.943197588331339, 52.29235727058782], [4.9538732263821235, 52.280030627341475], [4.955239692764815, 52.27830526050019], [4.953764099918934, 52.27803000998903], [4.946666748854739, 52.27899190336049], [4.942690806363494, 52.27818431433249], [4.933754448502924, 52.28089610652229], [4.928586623367972, 52.27961162458739], [4.926402129624212, 52.2797096063842], [4.925985157831822, 52.278078663590286], [4.927654389861834, 52.27380868889484], [4.926650899291494, 52.27244516834552], [4.928014116851764, 52.27174253632245], [4.929299434486483, 52.269958710596676], [4.929389968394175, 52.26835372680918], [4.924713146880983, 52.2669376606857], [4.923136254087175, 52.26302359376527], [4.918086487252786, 52.261665557412236], [4.918553182383959, 52.25858660448631], [4.917302931891956, 52.25681768228425], [4.910969991841748, 52.25268269199652], [4.908546827616023, 52.25268306775179], [4.902930578718375, 52.25318225711952], [4.898568444178014, 52.25093270012665], [4.891759447212619, 52.25326812095286], [4.887585690828076, 52.25098969128087], [4.882718901672252, 52.25371196874476], [4.877728991881888, 52.252816562846036], [4.873853104880391, 52.25074309890848], [4.872289847352723, 52.25118251176201], [4.870121456918477, 52.253282613317815], [4.870669960070169, 52.25485005688663], [4.873645710517663, 52.25805330425491], [4.873273633594877, 52.26060028405458], [4.879080387292573, 52.26171297521873], [4.882344846558208, 52.264039919714335], [4.87947017814749, 52.26707601341788], [4.881578205602575, 52.27208088763479], [4.881629586784983, 52.274463229879224], [4.878783422966639, 52.27890289364449], [4.884541939820144, 52.284179851180504], [4.885325877828947, 52.28649683343632], [4.888671341335854, 52.28689878441214], [4.889770643325275, 52.287918596626774], [4.887480834340121, 52.28896760623242], [4.887074355831735, 52.289738743983584], [4.890913048501974, 52.29149429956538], [4.891469053242024, 52.2944664294869], [4.891779274998017, 52.29470305523199], [4.8929713353832565, 52.29522420302243], [4.9010177173103555, 52.29607576588964], [4.901175254729259, 52.29698596926926], [4.898565800919053, 52.29934226944304], [4.899605476081921, 52.30098128966493], [4.904091271982233, 52.303713010100154], [4.907811432880775, 52.307003136881875], [4.905254713056197, 52.31068447464582], [4.9060661071404, 52.31391427912513], [4.905411554497494, 52.3160054592894], [4.909134722570892, 52.318253356737216], [4.912375025803687, 52.31824816978083], [4.91428089539193, 52.32040812790463], [4.910806478060496, 52.32188317198945], [4.91134276062266, 52.322884264610224], [4.910333574351323, 52.32356646110558], [4.911099576481033, 52.32409813343455], [4.913880686299106, 52.32455166882841], [4.91359187723982, 52.326333242358814], [4.9132649387223095, 52.328400957308006], [4.9132649199215335, 52.32840107619659], [4.912931075453648, 52.33051052934523], [4.917482582991996, 52.331536634663465], [4.922549756589113, 52.33308430222788], [4.923764560296163, 52.335442774007255], [4.9249453566170445, 52.33538289687106], [4.925361960556219, 52.33538148400147], [4.9257726242766395, 52.335372823960995], [4.926941286132301, 52.3357766913271], [4.926769212888678, 52.33596468328537], [4.928492567845575, 52.33655491379865], [4.934219876932896, 52.33549611368905], [4.935622926563853, 52.33551405935159], [4.9365108771327355, 52.33459209566652], [4.939673809735732, 52.33560764276446], [4.941704731922835, 52.335532979743874], [4.941720315822634, 52.336407094118805], [4.942596182259893, 52.336521217180035], [4.943004994475976, 52.33657448608489], [4.943797507366482, 52.336712480351686], [4.943747482854475, 52.336741008659786], [4.949859310548101, 52.33852835308903], [4.950326306581931, 52.33863752254225], [4.9506158405608325, 52.33793647171482], [4.9504475293845704, 52.33777278007989]]]]}, "properties": {"type": "boundary", "gemeente": "Ouder-Amstel"}}, {"type": "Feature", "geometry": {"type": "MultiPolygon", "coordinates": [[[[4.956632972609408, 52.61066886075334], [4.959314459700343, 52.60468088750922], [4.9586741272651995, 52.603263873523325], [4.956939461657988, 52.60222299358667], [4.9525215962125415, 52.60117143286761], [4.949256136550191, 52.59953326779324], [4.9498482946582705, 52.595285790571616], [4.949370332036584, 52.59478927631658], [4.949737155668654, 52.59256926913824], [4.9540247017104155, 52.58665901385645], [4.954483796638235, 52.58420494382287], [4.953920581759405, 52.58113441557562], [4.955208675449201, 52.57996407701727], [4.958571241113732, 52.58030702790748], [4.9627429979321835, 52.58147142299831], [4.964728081788989, 52.582785761235876], [4.968664366900564, 52.58447568107505], [4.9743479628894685, 52.58559336758887], [4.977470422725317, 52.58663267084603], [4.980095852196648, 52.5869622659982], [4.982222329414761, 52.58549831771706], [4.991892965706698, 52.582234802927765], [4.996508183765489, 52.57764405354762], [4.997166599669253, 52.57512193091534], [4.995869650578059, 52.573847095641256], [4.98608241421211, 52.56730482029943], [4.980423209033796, 52.564358547687114], [4.976503671305232, 52.5611528366205], [4.977636953695353, 52.55344706753384], [4.975346631674784, 52.5490751125203], [4.9765044444911934, 52.54685046347416], [4.975654490747439, 52.54539630872547], [4.973387849010432, 52.54336894351643], [4.968805317596269, 52.54083562049409], [4.961950949397859, 52.53634862121402], [4.959463697217735, 52.53331436868196], [4.956997768071869, 52.52911083187574], [4.967253296595118, 52.527367726719945], [4.973199284831458, 52.52541290281137], [4.98655720094825, 52.52185095114961], [4.991640251706621, 52.51998470110394], [4.992018073429679, 52.51983223657528], [4.997398287351933, 52.52271320269176], [5.001093871751317, 52.52691522456659], [5.008765523758316, 52.52768784795942], [5.0142584663560985, 52.52623900873344], [5.01970259755777, 52.52371469205433], [5.0246990320140865, 52.52240292159565], [5.009803757163184, 52.50681005641291], [4.997963564381385, 52.494732952119136], [4.995162996233865, 52.491872798671814], [4.976493383678135, 52.472741013699085], [4.97400927457039, 52.470404553934934], [4.958035328569989, 52.47122837159672], [4.953616558469325, 52.47569428883309], [4.953895232593466, 52.482958992139274], [4.948315551215008, 52.484005142215544], [4.9487520175695705, 52.48661770655758], [4.94344718141228, 52.48769145960487], [4.941445782793035, 52.485407858658796], [4.93208563399875, 52.48754865635546], [4.930015665415766, 52.487942389571366], [4.930280827837291, 52.488653738351545], [4.922394210302894, 52.49028040488186], [4.9206501585400115, 52.490434890592674], [4.923787501145854, 52.49316031041616], [4.923991549860175, 52.49688289344542], [4.926208691200212, 52.50017947135763], [4.926480376992472, 52.50428063439272], [4.925582426044324, 52.50540429898938], [4.925116812076904, 52.50553049298428], [4.929246059665201, 52.50740766702647], [4.934702911726053, 52.510353817395206], [4.934351228528572, 52.51164108379276], [4.928530264209912, 52.510807526135224], [4.9226001528493235, 52.51141269716331], [4.909523468948989, 52.51701000419473], [4.901947573398215, 52.51784261030515], [4.893500938489481, 52.517607919189814], [4.87469366470893, 52.52004398365606], [4.867719053471295, 52.52214537017941], [4.859380982460736, 52.525034692329214], [4.849796484366745, 52.525040114774086], [4.8432975667816365, 52.526790381873035], [4.837493934532166, 52.530623610197075], [4.835342624824104, 52.53735096165625], [4.83402322370311, 52.53887415957459], [4.833909493517901, 52.53896095760785], [4.835494950392861, 52.540666820155856], [4.842277084033938, 52.543494111333544], [4.844586543567501, 52.547309844538354], [4.848306040005155, 52.55007286893873], [4.851827222981562, 52.554832265545606], [4.853840900474875, 52.55676969388295], [4.858683437135027, 52.559456159605475], [4.861340337681173, 52.562277976718896], [4.862938478684552, 52.56504775532447], [4.863031546853147, 52.56872568720382], [4.864236568261949, 52.571621896919986], [4.865670666812609, 52.57375076608666], [4.868629678730595, 52.5759458873607], [4.876378184759394, 52.57783056675697], [4.884748372482474, 52.584236492703134], [4.8905184593759685, 52.594618304209774], [4.893493483411655, 52.59783769544999], [4.901166967935459, 52.602925381782285], [4.915374146552671, 52.60864248096688], [4.921438223652272, 52.6083135979964], [4.926923798100717, 52.60669738848961], [4.928945902407473, 52.60516584266197], [4.9376935648222124, 52.60737957421853], [4.948496135984046, 52.61355135913574], [4.9509315907861815, 52.614106697401745], [4.95333365821903, 52.613391601321574], [4.953854889778233, 52.613143031659014], [4.956632972609408, 52.61066886075334]]]]}, "properties": {"type": "boundary", "gemeente": "Purmerend"}}, {"type": "Feature", "geometry": {"type": "MultiPolygon", "coordinates": [[[[4.7596971838692985, 52.848402462125954], [4.7596973646325935, 52.848402400446595], [4.7825615673002835, 52.85143599893752], [4.794421945728217, 52.84737411385613], [4.799456450514675, 52.84377159982344], [4.809872267054316, 52.836261591412445], [4.810695297296162, 52.83518740395808], [4.812822083173824, 52.83263037120707], [4.812881323655704, 52.83232004136119], [4.8345725985286885, 52.80777876533137], [4.834305716965011, 52.80777964082016], [4.8322068685643025, 52.79939433925353], [4.831255403160667, 52.78382021705092], [4.827408335360398, 52.78356555342019], [4.82899584462012, 52.77532650370432], [4.828467648984097, 52.7753131008545], [4.827127980572603, 52.77503922502423], [4.819848510521106, 52.77412977321711], [4.820753059274346, 52.769607480381566], [4.815491842516966, 52.770241602996194], [4.813335560494732, 52.7713339699229], [4.806959754381223, 52.77021458785542], [4.808526831813457, 52.76674506940797], [4.812517923632605, 52.76276538053583], [4.8156301328715765, 52.76004573898588], [4.830378623150221, 52.747203059361134], [4.83528517992572, 52.74208088348825], [4.838694520487859, 52.73697235992306], [4.840064185591773, 52.73443414928027], [4.844188549225513, 52.73233440231466], [4.844875891294178, 52.73101871003888], [4.849724903316225, 52.725693601145515], [4.849421216886792, 52.724885083651024], [4.848389262092301, 52.72213743599574], [4.847965066110578, 52.72100788343266], [4.847684118315275, 52.72025974045236], [4.843745652842563, 52.71965490911824], [4.8411475786253995, 52.71930205107335], [4.828866148967805, 52.718096403727124], [4.826241085577289, 52.71743609730971], [4.824027319536075, 52.716532224369246], [4.816626149586022, 52.715282944539155], [4.813160444409531, 52.71494244534444], [4.809169721900676, 52.71512219116753], [4.805024682283504, 52.71420926793288], [4.803922830764885, 52.71478008134906], [4.805010099733203, 52.715070415418964], [4.804544554542146, 52.715675024584925], [4.80318265673802, 52.71541184700786], [4.801958758363049, 52.71599626297919], [4.799468981499572, 52.71829186322331], [4.797540751232686, 52.719636552821505], [4.797601328142567, 52.72084801627394], [4.7973954186247685, 52.72090052450349], [4.795903923215562, 52.720562819912274], [4.795546316667504, 52.72054775237529], [4.795442413023468, 52.720440826240946], [4.7940375443786944, 52.72071036044814], [4.793991569481948, 52.71998648795265], [4.792730267887944, 52.72049013543682], [4.790157140151236, 52.72059364152276], [4.788829487977072, 52.72084723750022], [4.786563958055463, 52.721034487919304], [4.785410850564627, 52.72245175453886], [4.786871852601299, 52.726372775978824], [4.786564896970999, 52.72794618454706], [4.781767778820251, 52.72986718306728], [4.779137072049879, 52.73127769667128], [4.778831029437735, 52.73141131122634], [4.7781426059711425, 52.73030161220888], [4.7782640874325315, 52.72963266515311], [4.777688733526271, 52.72856233516913], [4.7729857796193915, 52.72004400082069], [4.770458278385241, 52.708725211518185], [4.770761091480297, 52.70204377320519], [4.769645829587728, 52.698794114232115], [4.766871705073368, 52.69813423293193], [4.751539639016749, 52.696988916018796], [4.739574034787757, 52.69419018831314], [4.73203529626614, 52.692809837774284], [4.728852593218037, 52.691404552571484], [4.725221067744282, 52.693850367269434], [4.720597534554377, 52.69711746083733], [4.719208784151709, 52.69909669629013], [4.717861897483428, 52.70263872964435], [4.7162068678171165, 52.707707598096135], [4.715805871920837, 52.71004798495196], [4.714456193922377, 52.711278815632504], [4.710467244340131, 52.714530356687625], [4.70698399108156, 52.71870419799343], [4.704334110843994, 52.72042250845239], [4.702309984289827, 52.72167503577844], [4.699781532972955, 52.7244922709294], [4.690350679484969, 52.73262295161853], [4.689820971755199, 52.73299255325666], [4.686895780020963, 52.73264650996408], [4.683527199000265, 52.733537099225344], [4.681019777340166, 52.73767575928602], [4.679654393352943, 52.738110398873324], [4.678893456844528, 52.73916914899275], [4.671219031329302, 52.74058205860757], [4.6692543788436085, 52.741660615777434], [4.669012967604567, 52.74196503497239], [4.668395661425805, 52.74249089823373], [4.662433071335663, 52.746736295565256], [4.660461788109726, 52.746705217709945], [4.6591898662687115, 52.74730969525763], [4.658984506705332, 52.74960109081331], [4.651038478761202, 52.75584742143971], [4.645760598440588, 52.75663866463843], [4.654933728112735, 52.772014987050866], [4.660261437365474, 52.77818859815001], [4.667479745234955, 52.78671925015403], [4.675985787795425, 52.80104755462864], [4.680332198087406, 52.810246504690106], [4.686162210605099, 52.82852289640456], [4.691731557807626, 52.840832080134135], [4.702274727989655, 52.86473293429414], [4.7090411450799685, 52.883622472713284], [4.726788774985039, 52.88220846550385], [4.734172082974965, 52.88165905718508], [4.74253940003571, 52.88102022357986], [4.749806202942779, 52.88045583353607], [4.769366134256071, 52.87892330432489], [4.770937917318666, 52.87862685711202], [4.758854137863267, 52.84868977493068], [4.7596971838692985, 52.848402462125954]]]]}, "properties": {"type": "boundary", "gemeente": "Schagen"}}, {"type": "Feature", "geometry": {"type": "MultiPolygon", "coordinates": [[[[4.681696339235103, 52.960123972815374], [4.674544048853099, 52.95988772396907], [4.668369844040453, 52.96191864166522], [4.662809279574919, 52.96857599684233], [4.663241115206111, 52.97576883357143], [4.66693174012267, 52.98316678571425], [4.671300194247094, 52.986322080473265], [4.676854521784068, 52.987737835297175], [4.68506232854299, 52.98770189135863], [4.689828150329983, 52.98547095287922], [4.689482473723958, 52.98208783795706], [4.692837371971311, 52.97965391316694], [4.710782195598302, 52.97507331730498], [4.702428301603536, 52.97343726802549], [4.690053342103016, 52.96881426611355], [4.6851041124627475, 52.964574517816764], [4.681696339235103, 52.960123972815374]]], [[[4.878723592720451, 53.156968657657146], [4.881068010025609, 53.15508426839798], [4.886505885854516, 53.15605763879016], [4.893353193505636, 53.15162301166947], [4.907754632913823, 53.1353740689543], [4.908336449513143, 53.133028090240316], [4.905921310255861, 53.131264812469944], [4.90444008357707, 53.13216177475485], [4.9053616402061015, 53.13028783949619], [4.904655982231247, 53.12897065788384], [4.902139839756843, 53.127819031152434], [4.902963593103534, 53.12581130020569], [4.900243147788104, 53.125014740708224], [4.898334646981265, 53.10014818219835], [4.90039390794814, 53.087857009486], [4.899709945810591, 53.08340451575846], [4.897155716204619, 53.078566410428856], [4.887656322473723, 53.0725887429249], [4.880575371893455, 53.07088606731394], [4.878779506286061, 53.06690301900423], [4.8767473085030835, 53.06563776578057], [4.873195435699831, 53.064864892738406], [4.873144773557506, 53.05536276020283], [4.861597198570619, 53.048109752758336], [4.861799691109985, 53.047062008755034], [4.860013570928797, 53.04431230444749], [4.856282135747429, 53.04090568960163], [4.853156779204585, 53.04010313240143], [4.852623995289989, 53.04024488695035], [4.854039237114725, 53.04074380811829], [4.855055647657404, 53.04194196571028], [4.856577070315463, 53.04166637340102], [4.858512869478173, 53.04330698876587], [4.860462700255834, 53.04675428597966], [4.8598386139053495, 53.046895206209875], [4.856762209685114, 53.044767596512614], [4.857988620662772, 53.044090040617796], [4.856862689417316, 53.0436207476749], [4.856157469598757, 53.0426266076736], [4.855627053187377, 53.04277178731178], [4.855972872368824, 53.04331327230834], [4.853296847950345, 53.04335096962729], [4.851318967532454, 53.040062534675805], [4.850854601198655, 53.03985966112232], [4.850228705757459, 53.04034542021299], [4.849616095738382, 53.04006284405399], [4.850155163947737, 53.03952508239351], [4.84941091169936, 53.03912492384385], [4.850342507001118, 53.03882861968224], [4.8514162501467295, 53.039340344660474], [4.853082356134879, 53.038911119006926], [4.847166108633007, 53.034002062648845], [4.838523181853082, 53.03081348047534], [4.830596503880535, 53.029725236658145], [4.819487402402372, 53.0290167734106], [4.792668554105236, 53.00841000924491], [4.793827912944603, 53.00725117664962], [4.796943897873269, 53.00738614488745], [4.796806148837308, 53.006965852377064], [4.793576859443189, 53.00682256539267], [4.793022006496685, 53.006031251557054], [4.797393651024792, 53.00503318233602], [4.793099201146824, 53.002386601454205], [4.792227565708064, 53.002063247288575], [4.784987667228373, 53.00175439262307], [4.782424317878478, 53.00414666293084], [4.780603078112803, 53.003179617654325], [4.782250865880466, 53.00137158079454], [4.772817408542827, 53.00596014431304], [4.76937197729146, 53.00589561940134], [4.754978567881647, 53.01017349102203], [4.749451619747799, 53.01057369024773], [4.746511046640003, 53.01017266752795], [4.753800170283108, 53.00434839282395], [4.762412820864746, 53.001207551821686], [4.762839937569085, 53.00162955884334], [4.7638704496632815, 53.00154572365703], [4.763548965714158, 53.002274578177406], [4.768730063158352, 53.000062260539536], [4.770067002716993, 53.00011883544843], [4.772013888496167, 52.99851783652371], [4.772952894445872, 52.99853282098214], [4.773658941820192, 52.996328513776554], [4.759964027306193, 52.993498700023004], [4.752125215852337, 52.990774919505235], [4.73659887801332, 52.989021497386], [4.7304925317191735, 52.98374464589425], [4.720330573026904, 52.991267467412335], [4.713505010851659, 52.997339948770865], [4.709776457765337, 53.01311383513471], [4.70862696006578, 53.022384820981706], [4.710161769524592, 53.033286257307616], [4.716110723896816, 53.05159145748737], [4.723531287551475, 53.067629683504165], [4.735248950802339, 53.08232391938928], [4.747463235498707, 53.09498796290996], [4.758140481329593, 53.105891945767425], [4.761116420187673, 53.10837312239068], [4.775710764161404, 53.12200015277292], [4.797504107108711, 53.14090624537341], [4.810240636937852, 53.15501241890227], [4.820608033513474, 53.164298880387136], [4.831137837472398, 53.17181396936985], [4.837958117903341, 53.178818709374376], [4.840861413102786, 53.18331975981742], [4.8448874439000615, 53.1848263284421], [4.85442738033265, 53.18534057753501], [4.859698979606886, 53.18350011658384], [4.861122948808869, 53.18302143917308], [4.873093235159002, 53.17232591975515], [4.8747908977147105, 53.16684273815935], [4.879687231451722, 53.164010231785284], [4.876852695273286, 53.16159240166779], [4.877589522575541, 53.15782956723617], [4.878723592720451, 53.156968657657146]]]]}, "properties": {"type": "boundary", "gemeente": "Texel"}}, {"type": "Feature", "geometry": {"type": "MultiPolygon", "coordinates": [[[[4.718785169506069, 52.55162329038539], [4.719803549172305, 52.54385493266105], [4.723723297282846, 52.54666963009429], [4.735389268074156, 52.54382298355571], [4.7504356685889535, 52.53789596954338], [4.755274734516051, 52.535736000459835], [4.7594753494803435, 52.53737928578031], [4.762427103682277, 52.53751107265521], [4.768018186552628, 52.53463498851668], [4.774694996728645, 52.53454965978207], [4.7777326324436125, 52.533745370078236], [4.777844832888204, 52.531770827312776], [4.782475757600058, 52.519581421291555], [4.775277901226515, 52.51941603223797], [4.767202513645929, 52.51975234980519], [4.767026236550271, 52.5188668375738], [4.763618760370705, 52.51970759857296], [4.761226979383812, 52.5185542117435], [4.752427382000025, 52.521233093083985], [4.749728002291885, 52.520075040969445], [4.748275511598904, 52.51746912094193], [4.748141865419729, 52.517055359626895], [4.7482526575755974, 52.515316836092666], [4.748458205990801, 52.51498239246739], [4.752253128397075, 52.51107991073001], [4.75276719503139, 52.51059223792877], [4.750673469270807, 52.508291273103204], [4.748409830885376, 52.5076619520616], [4.746372378495835, 52.50609795988754], [4.739891998997038, 52.501708033823085], [4.731576679758567, 52.496331702216104], [4.720751195936456, 52.49505269081441], [4.720366589426076, 52.49495413793685], [4.711703352887209, 52.49681708300226], [4.70542322650102, 52.500107721430275], [4.703442168666994, 52.50310461633569], [4.70585761269819, 52.50625132345877], [4.707936984694089, 52.50614137990745], [4.709151135128402, 52.50985665073435], [4.706526129794071, 52.51039739832051], [4.703854363861091, 52.50832909982565], [4.7012351374688, 52.50886298076553], [4.697084699072198, 52.507548100404115], [4.69461119991275, 52.50762419616485], [4.6951141133599865, 52.5099986035171], [4.692599171052565, 52.51100268279782], [4.690673767584922, 52.515618572630615], [4.691394531352855, 52.51688759403769], [4.690585093318038, 52.51908273876113], [4.692829601988798, 52.522281950484434], [4.695735380159241, 52.526728321729664], [4.69746665920639, 52.52916432178215], [4.697603545666336, 52.52924135651798], [4.695595932106438, 52.53587397824234], [4.694533522839859, 52.544188625123354], [4.703691858599365, 52.545396754223376], [4.706430138747755, 52.54629529625873], [4.70589666757622, 52.54822376519215], [4.718785169506069, 52.55162329038539]]]]}, "properties": {"type": "boundary", "gemeente": "Uitgeest"}}, {"type": "Feature", "geometry": {"type": "MultiPolygon", "coordinates": [[[[4.807524666946411, 52.25757396545336], [4.824836081608983, 52.25274905402934], [4.834763905520684, 52.24982444966235], [4.8437725015815865, 52.24566592592454], [4.852053620239844, 52.242013981938335], [4.8512735094163135, 52.2418906909095], [4.852156914254322, 52.23964171352128], [4.850792497736591, 52.23860711720364], [4.847326121796065, 52.239781872974646], [4.845995528966369, 52.23765828719522], [4.842996312821668, 52.236790475077115], [4.842845661988414, 52.235347743152204], [4.839633048382517, 52.23539179806614], [4.828614025394957, 52.23059360275569], [4.822003057292842, 52.229194902462204], [4.817193199099835, 52.228325399918106], [4.81410042052513, 52.22716983786132], [4.8081986552368035, 52.227115689882375], [4.8052754400586, 52.227974670463254], [4.80194294016168, 52.226922705009386], [4.794576042676715, 52.22673116021579], [4.784017013767552, 52.22873748168167], [4.780985909367501, 52.22874171847963], [4.778853027821993, 52.22796119501283], [4.776400396936411, 52.22737314166607], [4.774650488549059, 52.22458322503511], [4.762074552908279, 52.218130735899926], [4.759847899917972, 52.2175869593709], [4.7532984930545785, 52.21746825639566], [4.750668789228401, 52.21572100222435], [4.747905430529611, 52.214851504199636], [4.743629769163273, 52.21479326767101], [4.734999274816274, 52.20676727676341], [4.732833388991006, 52.206972488861126], [4.7287657303666, 52.20981923461204], [4.729562272713719, 52.210271569321506], [4.724738666725608, 52.21258379815184], [4.724558501549651, 52.213223252283484], [4.72376412884023, 52.21657406938186], [4.7732717939929055, 52.2410344876146], [4.768065489301134, 52.245394767417956], [4.767888578411696, 52.24697793112044], [4.768994593238311, 52.24839857005125], [4.7708669546517495, 52.249909347651226], [4.7791975107294915, 52.25353623475859], [4.780888560774559, 52.25352021155385], [4.7829314185886345, 52.255148785541614], [4.794603561198478, 52.26005548893335], [4.7946976879318335, 52.260682214511036], [4.795319267589756, 52.26098446621536], [4.807524666946411, 52.25757396545336]]]]}, "properties": {"type": "boundary", "gemeente": "Uithoorn"}}, {"type": "Feature", "geometry": {"type": "MultiPolygon", "coordinates": [[[[4.577890177134166, 52.464210530297116], [4.57369702107875, 52.46397053788897], [4.573900988302456, 52.465506218474665], [4.5779622400497555, 52.46608691148691], [4.5787768626155305, 52.46444210715457], [4.577890177134166, 52.464210530297116]]], [[[4.602720209165774, 52.48335055987318], [4.604049064395365, 52.48146843160988], [4.6135528045585, 52.4838030536401], [4.618190661911015, 52.48328838640302], [4.620958207223953, 52.4823281064301], [4.637836860231315, 52.480133960902485], [4.640695790943961, 52.479390672425254], [4.647635236287855, 52.478424478278534], [4.646735753825232, 52.477081591504735], [4.649014287846482, 52.47660804889117], [4.649289498637684, 52.47653326154443], [4.653332740297625, 52.477154760982295], [4.654157676892332, 52.47666097784913], [4.664367615062851, 52.470570797504124], [4.667605448933692, 52.46842625637081], [4.66192429741147, 52.461756788815954], [4.6748475645373, 52.455520441419836], [4.690813242516501, 52.4468769785568], [4.710965173147764, 52.43619437037095], [4.721982530546034, 52.43333626450945], [4.710654404985767, 52.42769282492099], [4.700536651407679, 52.425512969629395], [4.691485391587479, 52.41881400579836], [4.682475589674614, 52.41384872512424], [4.681797836261268, 52.41778056395067], [4.6806475688232325, 52.418005943054794], [4.681226618872762, 52.4193314701188], [4.677495466689754, 52.41896211478809], [4.674371863912759, 52.418634237018495], [4.672124577399893, 52.422398494535926], [4.665624714024872, 52.425488699258175], [4.664847213028788, 52.425603565596674], [4.662832108412073, 52.42585454691318], [4.653146656273883, 52.42799952829059], [4.650768145555908, 52.42856963584995], [4.645718029065154, 52.421972234747535], [4.6450169557641585, 52.421025710274584], [4.6424888435325915, 52.417869946679744], [4.639375064295334, 52.41450786733896], [4.637285442510625, 52.412122926102306], [4.636124847918979, 52.41083116506787], [4.631647172370926, 52.41166550100263], [4.63161054963422, 52.41167114001869], [4.62999316310188, 52.411965383142196], [4.627617560572457, 52.412597550667826], [4.628841935661576, 52.414308274688345], [4.627841668230507, 52.414708061851314], [4.628735085982234, 52.41584436430133], [4.626398663990954, 52.41652878564635], [4.627053239694533, 52.41735959890882], [4.625432920041243, 52.420095506409645], [4.625913573932212, 52.4205568491572], [4.62448952764951, 52.421620207280434], [4.623575933059581, 52.422075007150255], [4.624991794842667, 52.42349216520917], [4.621468019403248, 52.424904182997494], [4.620842312429247, 52.42438442497059], [4.617247980457462, 52.42512512815923], [4.61504833890423, 52.42593521320548], [4.5878225539973805, 52.434436335073464], [4.584690079812835, 52.43484243295943], [4.563185042670996, 52.437647257855765], [4.560096482865301, 52.43803730058389], [4.56225813677159, 52.44645402537145], [4.56051473360375, 52.44672381336864], [4.553685883667933, 52.460772964728946], [4.540326041665, 52.458100513914964], [4.538002746003026, 52.45806403856957], [4.536469420144636, 52.458565545628325], [4.533566399789688, 52.46093263884557], [4.53207750088003, 52.46383645887695], [4.5325837618920675, 52.46378719049494], [4.53417335065211, 52.460712110885986], [4.536785083476585, 52.458706834603575], [4.540058252989257, 52.45831134879034], [4.554530672256666, 52.46160763717666], [4.554786765483479, 52.4619979511255], [4.554448081067646, 52.462408470593026], [4.555102200677848, 52.4625632634376], [4.555649242053788, 52.462488853666535], [4.556195797454391, 52.46225151571356], [4.555263358395906, 52.462342450022156], [4.555261296970711, 52.4620689621419], [4.558561797488143, 52.46102554451576], [4.559012764182436, 52.461476631022286], [4.559141279053623, 52.461450802984025], [4.55869816459503, 52.460991794035905], [4.558954391692425, 52.460893225320646], [4.558808018453208, 52.460787417247936], [4.558307714416805, 52.4610234195728], [4.557990337600673, 52.46058771762999], [4.559926852063349, 52.4569950636287], [4.564984825931509, 52.45785563352175], [4.564940353205481, 52.458966788021165], [4.56251309379385, 52.45974120465195], [4.564319891924849, 52.4623297103048], [4.563254508985602, 52.462391336794795], [4.563250305063624, 52.46261693318216], [4.56875026743037, 52.46262715888758], [4.5694538989786695, 52.462256589341216], [4.567629924404137, 52.459648163120605], [4.569246095912023, 52.45922323728145], [4.571359298834389, 52.46220068390458], [4.57254300490129, 52.462621935143325], [4.578614059557266, 52.46284184229183], [4.57879073899722, 52.46243399275539], [4.57704064231772, 52.46159728720012], [4.579340222820524, 52.4599077094797], [4.579556716908464, 52.459453560804796], [4.579297157970309, 52.45894028207812], [4.577844550227564, 52.45823306444404], [4.578109968664966, 52.4580341427467], [4.579546191392972, 52.458668733761684], [4.58021276550541, 52.45848934640379], [4.5805819928283285, 52.45874847020479], [4.586444659674374, 52.456542997799566], [4.587215620009175, 52.4572449007566], [4.581705044770741, 52.45935704925217], [4.58027154642487, 52.461186219668875], [4.581553619886285, 52.4624540332711], [4.594292998249363, 52.45766508993354], [4.595816296145858, 52.457978974467196], [4.596212763525864, 52.45836610115448], [4.58801952262754, 52.46124892883487], [4.5858136650361025, 52.46226084516712], [4.584481706601934, 52.462738962292164], [4.584357046618575, 52.46262678832841], [4.584247738959734, 52.46266201712476], [4.584118023730832, 52.462869504749605], [4.58358933208103, 52.46305927304522], [4.583105532823563, 52.46281452047426], [4.582400024300791, 52.463135562778106], [4.582739594524838, 52.46338105957942], [4.590360142673285, 52.463665054044], [4.590394723848986, 52.46460935969643], [4.586983561073106, 52.46445320788157], [4.586935674471721, 52.46477240761609], [4.5905470321841335, 52.46525627217329], [4.596572385131479, 52.465341040315266], [4.5967983129743955, 52.4654775387572], [4.596808867348563, 52.466171469783234], [4.596484317736377, 52.46632907307342], [4.591511543219322, 52.466406714556584], [4.591268993137588, 52.46689272184153], [4.59146097252842, 52.46729652190179], [4.594332032926118, 52.46718230050419], [4.594435180783419, 52.46726408968654], [4.59461685943754, 52.467251713135276], [4.5946581609965875, 52.467163514507476], [4.6001388967362455, 52.46679995885179], [4.605057784284051, 52.46710087891071], [4.604732274705365, 52.46724250087612], [4.604898355082957, 52.46822029895701], [4.605094874640951, 52.4683958575471], [4.601503534907723, 52.46891803547238], [4.59207449601229, 52.469762225980766], [4.593597589284271, 52.47014954086819], [4.601359774794607, 52.46979355934677], [4.601524057531692, 52.47072879205644], [4.600110387261411, 52.470924362781815], [4.600117022408833, 52.4709750879188], [4.601443461605174, 52.471025348300316], [4.601491336973492, 52.47148495986565], [4.6001032008675855, 52.47179080884974], [4.597812419115889, 52.47122121164143], [4.594827840569602, 52.471324538049934], [4.598387859722806, 52.47236183429389], [4.603788429888249, 52.47211546056192], [4.603845637061759, 52.47250513418541], [4.607814289959412, 52.4722609185652], [4.6088825614377935, 52.4721379933046], [4.609102032019731, 52.472950938730676], [4.602367199915005, 52.47380259082494], [4.602485781818291, 52.47392476627604], [4.599753249689236, 52.474270012038204], [4.598860207834894, 52.47401874678236], [4.598430053153315, 52.47407361518466], [4.5982639733718065, 52.47402839557849], [4.598271372576693, 52.47392860159911], [4.598127809980936, 52.473890454911086], [4.597864863034545, 52.47386215482184], [4.597980690237464, 52.473634754572096], [4.5976862172256645, 52.473553360251756], [4.597593510888241, 52.4736730070127], [4.596188345777672, 52.47328455510807], [4.595921079951576, 52.47336582760514], [4.595579878486253, 52.47379854948925], [4.5863864883120655, 52.471673092548], [4.585610949591145, 52.47222760567334], [4.583995515609658, 52.4718930310923], [4.582432367532125, 52.47058708552276], [4.579155517361072, 52.469657148937976], [4.567183960631169, 52.46768039437483], [4.55741325867169, 52.4677971130634], [4.548296502939898, 52.4692122237096], [4.54322830512819, 52.46813483929135], [4.542896771117305, 52.46747972274756], [4.5422495134284215, 52.46741170992714], [4.54297513345091, 52.46833069987441], [4.548023921408052, 52.46962321044964], [4.557851471586946, 52.46805811394383], [4.564441833199454, 52.46787536755989], [4.575179836330514, 52.47920154710936], [4.5813365601322635, 52.48932048382545], [4.590506208888701, 52.4872474383991], [4.596118246910658, 52.48597365080525], [4.602720209165774, 52.48335055987318]]]]}, "properties": {"type": "boundary", "gemeente": "Velsen"}}, {"type": "Feature", "geometry": {"type": "MultiPolygon", "coordinates": [[[[4.5650009758862575, 52.344339167319426], [4.547322159134312, 52.31399671927059], [4.543370743853896, 52.314988724567776], [4.49492664718044, 52.327948544748175], [4.493971247012579, 52.32819809812323], [4.526146873349586, 52.37734628000492], [4.541323030416283, 52.40139590879388], [4.5430431266472615, 52.40109359375221], [4.591658716166412, 52.39171563549191], [4.591458761179861, 52.39136259561093], [4.579718056682053, 52.370602372169465], [4.57957016505872, 52.370341799665226], [4.5766237008697495, 52.36517142746972], [4.574505029374262, 52.36145040807724], [4.570035380912215, 52.35336318592704], [4.5650009758862575, 52.344339167319426]]]]}, "properties": {"type": "boundary", "gemeente": "Zandvoort"}}, {"type": "Feature", "geometry": {"type": "MultiPolygon", "coordinates": [[[[4.752427382000025, 52.521233093083985], [4.761226979383755, 52.5185542117435], [4.763618760370705, 52.51970759857296], [4.767026236550271, 52.5188668375738], [4.7672025136458736, 52.51975234980519], [4.775277901226515, 52.51941603223797], [4.782475757599948, 52.519581421291555], [4.784710115598479, 52.51943695934823], [4.784970583233952, 52.519420115431416], [4.784970851706204, 52.5194201038781], [4.789860215640851, 52.51923636254784], [4.788755502145935, 52.5111061695889], [4.789750788300632, 52.50942662635772], [4.793344981502631, 52.50700468357182], [4.793997073934306, 52.50328786216531], [4.794623694775236, 52.50041403403812], [4.79507706014478, 52.496218691712244], [4.7933527507121445, 52.49395018501323], [4.7915884898576975, 52.49214495665632], [4.792358244274017, 52.49113201961673], [4.79364288108594, 52.49088240365613], [4.798842298563173, 52.49110565439374], [4.8115651135210316, 52.485747012333775], [4.812364248961419, 52.48396792269248], [4.813868027575074, 52.483466269056144], [4.814003926815453, 52.48352817649511], [4.814614369207953, 52.483217288512485], [4.815154123552888, 52.483037988682916], [4.816844912023966, 52.48256133116878], [4.827552961447639, 52.48089847616208], [4.8369241175687, 52.47987642627352], [4.837545939594473, 52.477094247624], [4.841535572927478, 52.47302237987172], [4.842129665698489, 52.47232621851239], [4.84237475285643, 52.47212707442165], [4.842681377926099, 52.47197123931093], [4.846479358728863, 52.47072476326293], [4.852504338424042, 52.47036744314734], [4.848567845360315, 52.45956902923656], [4.844923836718054, 52.45648199797398], [4.8444263836821, 52.45292170864017], [4.844089952745147, 52.45276403691958], [4.8429503560099425, 52.45226113127866], [4.85293263564894, 52.442957337433505], [4.853977346774508, 52.44157840468145], [4.855799148492931, 52.43824787811285], [4.857090130941933, 52.43646694320658], [4.8575714948126025, 52.435864601013385], [4.858121054765592, 52.4350568018201], [4.860004847963358, 52.43229284450481], [4.861762731437982, 52.42968401041637], [4.862022791520997, 52.42976941328434], [4.8620552547927165, 52.42984768676081], [4.862338884969648, 52.429899678419254], [4.862361070844758, 52.42984894252553], [4.862416133247542, 52.4298218009779], [4.86259014666465, 52.42978612885496], [4.862623528590102, 52.429790248674756], [4.862641663441057, 52.429837143652904], [4.862676803188223, 52.4299415469065], [4.862804365584228, 52.42962279819963], [4.862701438621672, 52.42959951412251], [4.862210540358229, 52.42856239478261], [4.857946923483817, 52.42471732257576], [4.857828691768459, 52.42398418320343], [4.859857047540718, 52.42047390168231], [4.856077341003425, 52.41666236341415], [4.842637291585633, 52.418798726645285], [4.8277230248447065, 52.42078428168968], [4.826606003019241, 52.4209211971867], [4.809938925135875, 52.42302437888316], [4.783479751810303, 52.42641354962287], [4.767537272166712, 52.42849826827938], [4.764755486855504, 52.42777776414449], [4.7532045616149805, 52.4292410523024], [4.750084795164525, 52.429636693682525], [4.739207509864548, 52.43106395400212], [4.721982530546034, 52.43333626450945], [4.710965173147764, 52.43619437037095], [4.690813242516501, 52.4468769785568], [4.6748475645373, 52.455520441419836], [4.682999246779998, 52.46113217495565], [4.684586951608679, 52.46222518500209], [4.685068901963158, 52.462556856206284], [4.684265851680862, 52.46352109654727], [4.685145815537914, 52.463661909739265], [4.69008054633588, 52.465624763790636], [4.694608933061706, 52.46808216257968], [4.6978181500565235, 52.47103392986661], [4.697279707057748, 52.47201000478256], [4.699278282668065, 52.47453280392169], [4.6987344454742415, 52.477137069420166], [4.700728504753727, 52.48023690354346], [4.705471563730986, 52.48185638400357], [4.7061581612914365, 52.482839616248185], [4.705905824186802, 52.48444327127326], [4.707968416577698, 52.48633260808345], [4.708444560427588, 52.48862585455192], [4.714644929958324, 52.49319524436127], [4.720366589425966, 52.49495413793685], [4.720751195936456, 52.49505269081441], [4.731576679758457, 52.496331702216104], [4.73989199899693, 52.501708033823085], [4.746372378495835, 52.50609795988754], [4.748409830885266, 52.5076619520616], [4.750673469270807, 52.508291273103204], [4.75276719503139, 52.51059223792877], [4.752253128397075, 52.51107991073001], [4.748458205990799, 52.514982392467495], [4.748252657575487, 52.515316836092666], [4.748141865419729, 52.517055359626895], [4.748275511598904, 52.51746912094193], [4.749728002291885, 52.520075040969445], [4.752427382000025, 52.521233093083985]]]]}, "properties": {"type": "boundary", "gemeente": "Zaanstad"}}, {"type": "Feature", "geometry": {"type": "MultiPolygon", "coordinates": [[[[5.195694510066433, 52.69221464737111], [5.204594768582409, 52.67761344972601], [5.204699698410573, 52.677940389480554], [5.206231240645116, 52.68259433131864], [5.208790128931569, 52.683809040455], [5.214435221543939, 52.68434619092658], [5.215235838779623, 52.68442191079543], [5.224861327094484, 52.68523648788432], [5.233168850254936, 52.68589901996741], [5.235432526192401, 52.68602905206001], [5.243421206028183, 52.68624347528784], [5.246017101006418, 52.6863931105075], [5.246055887796709, 52.68584370076229], [5.246480051971699, 52.68551182985405], [5.245709144843482, 52.68498750549718], [5.245273918940359, 52.68215640048066], [5.243830063677345, 52.6816579666552], [5.243232898115582, 52.67765161386386], [5.242664871850196, 52.67263119189816], [5.238180842349015, 52.66535075073384], [5.2357818772009, 52.657068792915794], [5.230643304808344, 52.652768513219996], [5.207080534681719, 52.644573813155574], [5.201355840056597, 52.6410447286336], [5.198524608796178, 52.63631232868769], [5.190104836757874, 52.63671218971398], [5.185432467381821, 52.63588007233091], [5.177729295936218, 52.6342025565683], [5.174560102508845, 52.633019506091834], [5.170872840508134, 52.630690115846384], [5.164202373516652, 52.62689371554265], [5.159312948800035, 52.62318182608884], [5.149655292486752, 52.62363959886286], [5.1470401511805095, 52.622670108775566], [5.145944009773688, 52.62312759703816], [5.14221855328945, 52.62238277260274], [5.127889052415715, 52.619879600421086], [5.125406739671342, 52.62190296158226], [5.126284521617546, 52.62338075496402], [5.128058709419381, 52.624310262481046], [5.128688887647556, 52.626093087925504], [5.127334028535117, 52.62682933419053], [5.12537560967336, 52.62960065391766], [5.121025938799942, 52.6326177748049], [5.1172183241021365, 52.63288907810571], [5.111608246751692, 52.63228132729209], [5.109007853437488, 52.63138418697148], [5.106546750046956, 52.6315741305003], [5.101263099488892, 52.63367667833574], [5.100753228422029, 52.634737080125376], [5.106044080822064, 52.63558977591786], [5.103603991008718, 52.64173653699217], [5.101963081769209, 52.64702842302741], [5.105191188829136, 52.64779058790863], [5.11707739517315, 52.649985708539646], [5.116440206496389, 52.65062285962233], [5.119413074866301, 52.651163125796884], [5.116114709005678, 52.65431154901307], [5.114758037801291, 52.653782829446335], [5.110684451979112, 52.6567053886434], [5.111338720094122, 52.65722188673216], [5.1075902841659255, 52.65971998902364], [5.108071480045578, 52.65994850088449], [5.10800305401053, 52.66026944711218], [5.108230631752552, 52.660401559283514], [5.1080390964271585, 52.660692757698754], [5.108324253287692, 52.66079574281277], [5.107232040704134, 52.66199564580914], [5.1076338070112355, 52.662157412151124], [5.106553195554434, 52.663149825708274], [5.106270469176512, 52.66300445653878], [5.104861058023484, 52.66429578083145], [5.1040518957234475, 52.66395544414866], [5.103410665132326, 52.66456750770737], [5.103098973966177, 52.664895942521326], [5.102782833475217, 52.664772569256165], [5.101418910051497, 52.66603184744822], [5.10088792122881, 52.6658199167447], [5.098748770325968, 52.66743633879658], [5.096265288818697, 52.66972283379691], [5.096206974466735, 52.66981363096835], [5.096933226682787, 52.67010761547954], [5.096668801193366, 52.67034598142224], [5.0988174792778675, 52.671261828178544], [5.096483744564264, 52.67433035088685], [5.096104415937854, 52.67488897816517], [5.091751583475948, 52.67892371219091], [5.125179001159627, 52.69107574400128], [5.144497015818405, 52.6963247363736], [5.145794932619035, 52.69667670819367], [5.15317392124368, 52.69891462844811], [5.160121315821003, 52.70100758460188], [5.187022780455512, 52.70745171884752], [5.190246904630443, 52.702056793577874], [5.190337263530997, 52.70190289034121], [5.192766143140535, 52.69784350123337], [5.193436287127421, 52.69659427381794], [5.195729940691308, 52.69274665211451], [5.195805348449345, 52.69260806566129], [5.195999267001416, 52.69227736347332], [5.195694510066433, 52.69221464737111]]]]}, "properties": {"type": "boundary", "gemeente": "Drechterland"}}, {"type": "Feature", "geometry": {"type": "MultiPolygon", "coordinates": [[[[5.256724411280615, 52.686712829897026], [5.256363866607386, 52.68601152680995], [5.254265300561263, 52.686656574614695], [5.246480051971699, 52.68551182985405], [5.246055887796709, 52.68584370076229], [5.246017101006418, 52.6863931105075], [5.243421206028183, 52.68624347528784], [5.235432526192401, 52.68602905206001], [5.233168850254936, 52.68589901996741], [5.224861327094484, 52.68523648788432], [5.215235838779623, 52.68442191079543], [5.214435221543939, 52.68434619092658], [5.208790128931569, 52.683809040455], [5.206231240645116, 52.68259433131864], [5.204699698410573, 52.677940389480554], [5.204594768582409, 52.67761344972601], [5.195694510066433, 52.69221464737111], [5.195999267001416, 52.69227736347332], [5.195805348449345, 52.69260806566129], [5.195729940691308, 52.69274665211451], [5.193436287127421, 52.69659427381794], [5.192766143140535, 52.69784350123337], [5.190337263530997, 52.70190289034121], [5.190246904630443, 52.702056793577874], [5.187022780455512, 52.70745171884752], [5.1853730941733085, 52.71022801200603], [5.210385501060325, 52.71677621385174], [5.220133451938352, 52.71769631700183], [5.230251086423543, 52.717369801143086], [5.2575015871224995, 52.716180698842685], [5.258158440555374, 52.709047852321774], [5.258459810462873, 52.70470089619539], [5.258743084381224, 52.70068806838178], [5.258956767374766, 52.69675557772669], [5.258959209113251, 52.696616078753735], [5.258979874171352, 52.695956735304016], [5.259248539016377, 52.68690538523433], [5.256724411280615, 52.686712829897026]]]]}, "properties": {"type": "boundary", "gemeente": "Stede Broec"}}, {"type": "Feature", "geometry": {"type": "MultiPolygon", "coordinates": [[[[4.997963564381385, 52.494732952119136], [5.024610244802065, 52.48492552745935], [5.025519511721229, 52.48513618587475], [5.030620763149126, 52.48706075914638], [5.031051704090913, 52.48847689200307], [5.03391252525448, 52.48857234282857], [5.034077774658109, 52.4883300685988], [5.038779142584621, 52.488343759715015], [5.059093879339465, 52.490955612343114], [5.058644555259116, 52.48552478207054], [5.059480368984342, 52.485614464916246], [5.059060894050516, 52.481796578253636], [5.060569977798994, 52.476706421027465], [5.067651077003061, 52.47230428588742], [5.069087786800793, 52.470711609680926], [5.068473841481244, 52.4687665529329], [5.061903718256481, 52.46770485609227], [5.057837729594812, 52.46792568776126], [5.051065740056706, 52.46933269409631], [5.048828516119101, 52.4684568733877], [5.041572078913985, 52.46589448338192], [5.041423076790542, 52.46549744777025], [5.039722886402588, 52.46557401578542], [5.039117035157494, 52.46497513407532], [5.0387610225751, 52.465034027273674], [5.038829885613831, 52.4657757137559], [5.038650046661411, 52.465787534745665], [5.038662978562444, 52.46613267182019], [5.038214969364971, 52.466201055499496], [5.038224948085329, 52.466280718313], [5.033604227963264, 52.46738980285903], [5.03341486373288, 52.465965708435654], [5.033307181972122, 52.46480695135406], [5.034097718865687, 52.46439795727709], [5.038515779144896, 52.46400102313135], [5.038749523742136, 52.46342448068407], [5.038364386303805, 52.46322505902323], [5.03770838797146, 52.463449234908424], [5.036448110567944, 52.46317094819827], [5.038798062887687, 52.4604632312361], [5.039870058159056, 52.46085253165333], [5.04043637899482, 52.46013556443832], [5.041670637587907, 52.46013777748474], [5.040652238055501, 52.459041824562696], [5.04088313971021, 52.458184574021615], [5.042291246032232, 52.45777622061567], [5.043459554037438, 52.457593973240954], [5.046072972749809, 52.46118125658001], [5.04925662304455, 52.46276523617817], [5.054034879284473, 52.46208350633466], [5.055247385756113, 52.46087631785166], [5.049800303147632, 52.45551393476219], [5.048463842870804, 52.45510022503188], [5.048177385794889, 52.453883470959944], [5.048164366488278, 52.450567612658865], [5.047725570459189, 52.44837982698072], [5.048222795989967, 52.44767434545522], [5.049124259913226, 52.44732617706477], [5.0503038060959105, 52.44500102857154], [5.047950705412466, 52.44225366274954], [5.049415046693437, 52.43935897968396], [5.057487822094193, 52.43912747874797], [5.0638318045595705, 52.43732510917416], [5.064841573355236, 52.437343109256034], [5.065661878004794, 52.438582965672346], [5.067195446311241, 52.43889549074624], [5.071704395377803, 52.43773280304837], [5.078059915091816, 52.43655786193552], [5.086926115386843, 52.437023828309115], [5.087186267130497, 52.43506133949679], [5.0888451347120816, 52.43484317356586], [5.093001239119583, 52.44011550567786], [5.094389796656546, 52.448543504524096], [5.092995729100392, 52.45036726695443], [5.092635270015941, 52.45166198136395], [5.094685412105347, 52.45414609725824], [5.098775313630491, 52.45726874117396], [5.09925183901944, 52.458235256648706], [5.099072850363062, 52.45841301613828], [5.099142494343886, 52.45855406321076], [5.099507727264163, 52.45828814179814], [5.09923240192745, 52.457611427574314], [5.099039221693918, 52.45739997865134], [5.100161419822425, 52.457063863252756], [5.100688261413927, 52.45791028827399], [5.100544231013753, 52.45794584513552], [5.100625516676325, 52.45808233596014], [5.10078096527129, 52.45804437097322], [5.100960700370375, 52.45831816566106], [5.1013193360890146, 52.45889939479798], [5.1007922090409465, 52.45899644139932], [5.100429491753228, 52.45841756089861], [5.09926832549701, 52.45866365572448], [5.0992782387914914, 52.45877608021065], [5.100005950336185, 52.45869531752074], [5.1015341822940155, 52.46205498648345], [5.100520608126571, 52.4641719203275], [5.102724099664909, 52.46671480032953], [5.1049259959909845, 52.46727600730767], [5.106343647485855, 52.46754542989831], [5.111761772680192, 52.463977542898704], [5.11364322129239, 52.46178873567118], [5.1200969605286915, 52.46179274121242], [5.132078969767208, 52.46309780414968], [5.134742761565212, 52.462880882149186], [5.136522529018627, 52.46240459040112], [5.137283914906655, 52.46183974239371], [5.137571709164738, 52.46125391382914], [5.137327176411336, 52.46065780459683], [5.137594800558062, 52.46038650625218], [5.138772745997041, 52.45991046529967], [5.139311628574967, 52.459909489329284], [5.139380184575403, 52.45968778549859], [5.138854729728087, 52.459624396869856], [5.138857573794054, 52.459547587384236], [5.13929155717426, 52.459500322233254], [5.139268537171604, 52.45943704312885], [5.13870569351529, 52.459486888078715], [5.138292423020524, 52.459983145645744], [5.137003948328552, 52.46034155680787], [5.133415377083717, 52.459818305904754], [5.124314006436088, 52.4570677637672], [5.121920865846234, 52.45564488441309], [5.111084398262826, 52.4540455010519], [5.106175499139448, 52.4501933487114], [5.099121552575667, 52.45026830094742], [5.094937637315184, 52.44845231153039], [5.093869906826684, 52.44101011114051], [5.091920106943424, 52.43736562716075], [5.086755069565269, 52.43209173314639], [5.0863461510490815, 52.432293817651825], [5.088211102799452, 52.434231636649784], [5.085921223643489, 52.4350462943879], [5.081697174585702, 52.431058210898634], [5.0808468530170385, 52.430695327440894], [5.079428074927561, 52.430741682385865], [5.079981340164746, 52.43029371455621], [5.079775063738552, 52.430026850522694], [5.078910500121701, 52.430160149032304], [5.076605052178416, 52.428927292646954], [5.0763189620614995, 52.42857448366445], [5.07621962254045, 52.428170187412135], [5.07703212038256, 52.4278265021647], [5.076969333633796, 52.42760437679569], [5.076831307076536, 52.42697433913319], [5.076677814620847, 52.426991633654815], [5.076666071331531, 52.42765042285693], [5.075442126022201, 52.42783625266917], [5.0756309574769265, 52.428581388762346], [5.074877889170189, 52.42872180552014], [5.074317176042316, 52.427858473746014], [5.074651645245352, 52.427757577887846], [5.074210294290887, 52.427122648795255], [5.076706459547764, 52.42668378603816], [5.076177162989956, 52.42643177023792], [5.075842444886693, 52.42634132141057], [5.075182167001814, 52.42625237688013], [5.074288142881797, 52.4249520081101], [5.074376073221155, 52.424509999464384], [5.075438190657522, 52.424299666618595], [5.07536499136327, 52.42417460633018], [5.074055034408711, 52.42441768456447], [5.0730480953085495, 52.42395379282246], [5.073262470692603, 52.42058214436527], [5.068262318364552, 52.416558083928976], [5.065411341923613, 52.41723943109708], [5.049175945359383, 52.41512927386078], [5.040107961522485, 52.41730725654916], [5.035236903598038, 52.41825099655727], [5.032933037651169, 52.416462859195256], [5.03004362659269, 52.4156435117638], [5.02972663274254, 52.41770683290626], [5.028356152358545, 52.419416436528216], [5.0211446144198, 52.421054837831335], [5.018203971107516, 52.41905957334087], [5.000291728624805, 52.425406778784726], [4.995577014088769, 52.42547128224325], [4.990487924166867, 52.4254299369757], [4.990404509735131, 52.424518363653604], [4.989099127371892, 52.423306571356406], [4.987100446223461, 52.42284176533172], [4.982635402065838, 52.426762370349756], [4.976237273782326, 52.42402608310725], [4.973318808274405, 52.42279742323814], [4.956004332208914, 52.421960453302425], [4.955776174100896, 52.42243204814069], [4.953558285529112, 52.422256751096086], [4.9523282595013125, 52.423523693997886], [4.951339302136739, 52.42322863946263], [4.951721085962525, 52.42250713913921], [4.951480444456458, 52.42192986605678], [4.949681927243278, 52.421983668359495], [4.948806252078974, 52.42146447048568], [4.947787666041545, 52.421562367297405], [4.950688743994817, 52.42359625635454], [4.950860428833736, 52.437140878012904], [4.948785305623435, 52.4479741807906], [4.948000793957014, 52.452388892553785], [4.950675423622806, 52.45822000838952], [4.9468764532099865, 52.46888336543173], [4.94716821206571, 52.47906349027184], [4.948315551215008, 52.484005142215544], [4.953895232593466, 52.482958992139274], [4.953616558469325, 52.47569428883309], [4.958035328569989, 52.47122837159672], [4.97400927457039, 52.470404553934934], [4.976493383678135, 52.472741013699085], [4.995162996233865, 52.491872798671814], [4.997963564381385, 52.494732952119136]]]]}, "properties": {"type": "boundary", "gemeente": "Waterland"}}, {"type": "Feature", "geometry": {"type": "MultiPolygon", "coordinates": [[[[4.83402322370311, 52.53887415957459], [4.835342624824104, 52.53735096165625], [4.837493934532166, 52.530623610197075], [4.8432975667816365, 52.526790381873035], [4.849796484366745, 52.525040114774086], [4.859380982460736, 52.525034692329214], [4.867719053471295, 52.52214537017941], [4.87469366470893, 52.52004398365606], [4.893500938489481, 52.517607919189814], [4.901947573398215, 52.51784261030515], [4.909523468948989, 52.51701000419473], [4.9226001528493235, 52.51141269716331], [4.928530264209912, 52.510807526135224], [4.934351228528572, 52.51164108379276], [4.934702911726053, 52.510353817395206], [4.929246059665201, 52.50740766702647], [4.925116812076904, 52.50553049298428], [4.925582426044324, 52.50540429898938], [4.926480376992472, 52.50428063439272], [4.926208691200212, 52.50017947135763], [4.923991549860175, 52.49688289344542], [4.923787501145854, 52.49316031041616], [4.9206501585400115, 52.490434890592674], [4.9161262385668305, 52.48654561180431], [4.908220201098339, 52.48309727559592], [4.906468949908322, 52.479826864670564], [4.895630293662028, 52.478227905107865], [4.890531788145857, 52.47895959195859], [4.882437217279714, 52.47480223082573], [4.86722570536117, 52.47057741908046], [4.862586084995103, 52.46849789474036], [4.852504338424042, 52.47036744314734], [4.846479358728863, 52.47072476326293], [4.842681377926099, 52.47197123931093], [4.84237475285643, 52.47212707442165], [4.842129665698489, 52.47232621851239], [4.841535572927478, 52.47302237987172], [4.837545939594473, 52.477094247624], [4.8369241175687, 52.47987642627352], [4.827552961447639, 52.48089847616208], [4.816844912023966, 52.48256133116878], [4.815154123552888, 52.483037988682916], [4.814614369207953, 52.483217288512485], [4.814003926815453, 52.48352817649511], [4.813868027575074, 52.483466269056144], [4.812364248961419, 52.48396792269248], [4.8115651135210316, 52.485747012333775], [4.798842298563173, 52.49110565439374], [4.79364288108594, 52.49088240365613], [4.792358244274017, 52.49113201961673], [4.7915884898576975, 52.49214495665632], [4.7933527507121445, 52.49395018501323], [4.79507706014478, 52.496218691712244], [4.794623694775236, 52.50041403403812], [4.793997073934306, 52.50328786216531], [4.793344981502631, 52.50700468357182], [4.789750788300632, 52.50942662635772], [4.788755502145935, 52.5111061695889], [4.789860215640851, 52.51923636254784], [4.79243894088631, 52.51972568548098], [4.798283529325976, 52.52436099028582], [4.80470518113013, 52.5253607052064], [4.811625769400036, 52.53019105328829], [4.820186102956946, 52.531232369087206], [4.824406345253373, 52.533805043657765], [4.8169921445173465, 52.535648784928625], [4.819026591105451, 52.538726554621825], [4.820985630376214, 52.53824694655243], [4.824384325551582, 52.54260054249783], [4.828030827175065, 52.54166916275293], [4.833909493517901, 52.53896095760785], [4.83402322370311, 52.53887415957459]]]]}, "properties": {"type": "boundary", "gemeente": "Wormerland"}}, {"type": "Feature", "geometry": {"type": "MultiPolygon", "coordinates": [[[[4.950783084949762, 52.67286625904354], [4.952741371292886, 52.67176567892668], [4.952888201169509, 52.67213046957167], [4.960563333586006, 52.673739415220105], [4.960786611815503, 52.67352317806643], [4.961764608596153, 52.6737090973505], [4.961669360952838, 52.67461208980932], [4.962129534162799, 52.676027533497965], [4.96340959405911, 52.67559762824298], [4.9647407810566415, 52.67628480144294], [4.964736682540766, 52.67705048346247], [4.9663192823591915, 52.67719551532658], [4.966417563621201, 52.678550174558254], [4.969574104840978, 52.678916268087896], [4.970621350505341, 52.67963154329745], [4.971577798409062, 52.67915884339473], [4.976758280919677, 52.677420222372405], [4.979203581693675, 52.67967934241497], [4.983008209395117, 52.67510017164714], [5.002351996741746, 52.674926955103466], [5.0014915627096395, 52.67372081607437], [5.003538073163052, 52.673356561717135], [5.00341333980164, 52.670489296962856], [5.0061028843209785, 52.67026908315764], [5.012652863044966, 52.668277370625574], [5.021313323105447, 52.664409351309345], [5.034761683843001, 52.666556474959926], [5.036582839517475, 52.66206305996476], [5.038928412091417, 52.65614064709549], [5.037677223126367, 52.65022980888246], [5.038142251097062, 52.648961207588584], [5.037138147017874, 52.64765794417549], [5.0340707806825975, 52.64574623396838], [5.029920305051984, 52.64350929645463], [5.027031700778691, 52.64198919780459], [5.026386450189817, 52.641741189059], [5.0182906820651585, 52.638263663858815], [5.014873236985119, 52.63499593072171], [5.013535177285046, 52.630431640234335], [5.01649242289957, 52.63085459747175], [5.016860083133599, 52.63027829196085], [5.0189022941117845, 52.62991912553811], [5.016924724894528, 52.62452959726956], [5.017192936723907, 52.61868765563322], [5.019657759691683, 52.612453891412876], [5.018851474062476, 52.612437824932], [5.018652143458759, 52.612063954897046], [5.0066885386256725, 52.61051949061572], [5.007947773118963, 52.60779942464497], [5.00487959675208, 52.59757343926972], [4.9498482946582705, 52.595285790571616], [4.949256136550191, 52.59953326779324], [4.9525215962125415, 52.60117143286761], [4.956939461657988, 52.60222299358667], [4.9586741272651995, 52.603263873523325], [4.959314459700343, 52.60468088750922], [4.956632972609408, 52.61066886075334], [4.953854889778233, 52.613143031659014], [4.95333365821903, 52.613391601321574], [4.9509315907861815, 52.614106697401745], [4.948496135984046, 52.61355135913574], [4.9376935648222124, 52.60737957421853], [4.928945902407473, 52.60516584266197], [4.926923798100717, 52.60669738848961], [4.925789002641805, 52.6094761992744], [4.922043081354847, 52.611484771597745], [4.896929284038659, 52.61335246619657], [4.883990572165206, 52.61313891739981], [4.887249508706378, 52.622594655057114], [4.889399569804802, 52.623921266306645], [4.888048391805827, 52.62737922534356], [4.885348986735075, 52.63013713662094], [4.881374848773152, 52.63343690083018], [4.875534901491181, 52.6341128866796], [4.873400112649763, 52.63444089553354], [4.873397683446675, 52.634446778830245], [4.873281071373532, 52.634729236274396], [4.8758264474398, 52.63521088955376], [4.8765280395080355, 52.6363056732269], [4.876718502635954, 52.640532423566974], [4.875234459782208, 52.64242538742977], [4.865073121693511, 52.649436674464745], [4.86269870697056, 52.65299876903823], [4.8631770526374, 52.65646896941038], [4.866199556962734, 52.659764701431264], [4.868203333642285, 52.664164059954174], [4.870779176380661, 52.667840544328556], [4.874089657604493, 52.67546387744659], [4.875708338842404, 52.67773176243568], [4.879394021321694, 52.68008077210589], [4.876291891600428, 52.686343057489196], [4.879381423372665, 52.68801670939876], [4.881984011729608, 52.68809597524913], [4.888702430127532, 52.69045581052271], [4.891418040033323, 52.69517605647507], [4.899858755403234, 52.69758687029419], [4.9108455228240855, 52.69990970549247], [4.91586063510218, 52.69934137953959], [4.9181112756447085, 52.69691888699616], [4.917516782989074, 52.69396166676618], [4.917323376712304, 52.692957275166584], [4.917103558217614, 52.692869053370025], [4.914126907600565, 52.69149883571431], [4.904977961259349, 52.687268749001845], [4.9056167940338335, 52.686419351670835], [4.918099507323907, 52.68280368102553], [4.9187665057913605, 52.68256907670469], [4.922719108465376, 52.681837075103324], [4.923953425138556, 52.68158122427076], [4.92518053845694, 52.68119042781221], [4.928141887829643, 52.680265498669286], [4.933852326349201, 52.678650289512646], [4.949410698432257, 52.674483104824766], [4.950783084949762, 52.67286625904354]]]]}, "properties": {"type": "boundary", "gemeente": "Koggenland"}}, {"type": "Feature", "geometry": {"type": "MultiPolygon", "coordinates": [[[[5.064875124082622, 52.27826569155866], [5.077081216417787, 52.27797695285005], [5.084614842933005, 52.27940783776072], [5.087703523569819, 52.28168524729918], [5.10206527627174, 52.279891156988484], [5.102928228286869, 52.27764960664098], [5.1084438297634565, 52.275642777273], [5.119151097028057, 52.27353833959108], [5.120533794398875, 52.27136287020159], [5.125573707271601, 52.2602180463663], [5.127331091715187, 52.25957897461011], [5.132742965095118, 52.25973661018739], [5.136499245780455, 52.259583458717174], [5.1369154679795646, 52.25395372722007], [5.13960425441317, 52.25401523132778], [5.140047699858557, 52.24577471813478], [5.142276996422002, 52.24331733861537], [5.142019943579534, 52.23931309817481], [5.141326283162446, 52.238273701573966], [5.141361674023337, 52.23684785359489], [5.141791073481855, 52.22549403895591], [5.140254930761304, 52.224644067250544], [5.140232332141427, 52.224536525016454], [5.13851567049764, 52.224669753010055], [5.13851997496988, 52.22459080403701], [5.127944416295506, 52.22440437448473], [5.128062352051735, 52.22238395037167], [5.129954806385764, 52.22239295950495], [5.130008057187754, 52.22149158534575], [5.123309553409071, 52.22138939905652], [5.122336648405329, 52.22081511434506], [5.12252257998855, 52.21993295392762], [5.1226551168367305, 52.21965083155649], [5.122526482532039, 52.21882564955781], [5.1269584077407835, 52.21741014354042], [5.128418584464541, 52.216838687247446], [5.128403095638691, 52.21673414249613], [5.1331486937762465, 52.21446144328036], [5.1339429181764675, 52.214295409205505], [5.137575619683994, 52.21097615345794], [5.13951092791964, 52.20838117666951], [5.139739476601542, 52.20809765378475], [5.139828062710481, 52.20798090077077], [5.139954563692339, 52.20801861833148], [5.139982559593145, 52.208288709023144], [5.14110633484518, 52.20847770867729], [5.141440972677632, 52.208050052230554], [5.142015361833134, 52.20816692080596], [5.141788009879867, 52.208600230646425], [5.142435830033046, 52.20870755186513], [5.142511848321822, 52.20780420232037], [5.14058067410239, 52.20728790069603], [5.142441807809943, 52.20496814472566], [5.145611460158178, 52.20050503191128], [5.145702801057158, 52.19788604197431], [5.145119894683931, 52.196616212517036], [5.141546005210878, 52.19364536294529], [5.141078642371563, 52.19316278871548], [5.135891657415462, 52.19030692333805], [5.129204092603257, 52.18737761258502], [5.121938868626046, 52.18558078336273], [5.1241104622297975, 52.1808278779782], [5.121412456675211, 52.180953236974325], [5.115311033018857, 52.179816756491114], [5.078655975311409, 52.172986102431004], [5.046463612234699, 52.165929502489774], [5.041591679000956, 52.18375197934887], [5.032503126412749, 52.184113870273386], [5.033764604863505, 52.18616418055391], [5.0349771078080146, 52.186803424210304], [5.03558428909836, 52.19097508545105], [5.036646077328633, 52.1937337901048], [5.038133832307281, 52.19516366050526], [5.037203941300889, 52.196848077466726], [5.037124420493233, 52.19805320393775], [5.030971810531406, 52.19876457411668], [5.027942007925354, 52.19995936366497], [5.0260609086600905, 52.20137446349912], [5.022768734503675, 52.20153469036774], [5.021292591905326, 52.201886246650695], [5.021383976394594, 52.202037113782424], [5.022935039425897, 52.20170998570103], [5.022451646553359, 52.202226006214204], [5.022031292236717, 52.20238371480593], [5.02158636528454, 52.202475732042124], [5.0216035169223785, 52.202542493662584], [5.022686057439891, 52.20223647374995], [5.023025565485268, 52.20203948162178], [5.023100704544963, 52.202754059811895], [5.022473118019397, 52.20267434660133], [5.022620636472165, 52.203941968679274], [5.023432460039035, 52.203828895895235], [5.0233146945347995, 52.203051345725264], [5.024995883224868, 52.20284439801164], [5.025034313900032, 52.203278116535365], [5.025454674069276, 52.20327980517698], [5.025599465927993, 52.20398232963562], [5.0366495479254185, 52.202138488064556], [5.03742062709294, 52.204965017639864], [5.035315836118375, 52.20523310089674], [5.036444276635737, 52.209564484203796], [5.036443231280023, 52.20956457727047], [5.033400110716968, 52.20983674372434], [5.034353301100507, 52.21311797464531], [5.033729154955083, 52.21312355065523], [5.033787420330159, 52.21371450938179], [5.036741536946621, 52.21366387341853], [5.037242395806421, 52.21418912866125], [5.035329017895807, 52.21446278003496], [5.035682871605488, 52.215125172784276], [5.036908762751615, 52.21515623633309], [5.037118329096716, 52.216596989686195], [5.035848408209673, 52.21752965135315], [5.036664910918734, 52.22436066769395], [5.0392111105531425, 52.223945031981934], [5.039362261976506, 52.22440760257886], [5.041906509404636, 52.2239935711706], [5.041921903135498, 52.22406273116692], [5.042631836501592, 52.223866063633345], [5.042794990052179, 52.22404002355636], [5.041983266029242, 52.22432716311166], [5.041928166584447, 52.22408919181202], [5.039872522349957, 52.224387837666676], [5.036964194170003, 52.2247894637695], [5.037101078707676, 52.22534216119448], [5.038729860271548, 52.22517992741271], [5.041685069304806, 52.22823502063903], [5.0424837259932564, 52.22878039068816], [5.0411438766603425, 52.22932395274456], [5.041255572432195, 52.22950660941812], [5.0406957657062375, 52.22956796404291], [5.040544736843287, 52.2298424690137], [5.041427955538854, 52.230078369271276], [5.0415848104220755, 52.23088872783847], [5.042312681448061, 52.23053218286083], [5.05622352357659, 52.23497916315548], [5.055788811415053, 52.2352140917337], [5.056760997107572, 52.23559333318704], [5.057407682093693, 52.23524802202965], [5.057712063936451, 52.23534308394924], [5.056901252950687, 52.236522838094295], [5.04599545377426, 52.24322103112278], [5.046442079176563, 52.24872555885703], [5.045257189787598, 52.2498689381014], [5.044190647461992, 52.2516047237165], [5.043426892019013, 52.25544898902102], [5.041877871640203, 52.25656041072107], [5.040252189444661, 52.256576826421615], [5.037195411506935, 52.253441648646785], [5.035254378484597, 52.25264532748193], [5.032121521384873, 52.254618948470466], [5.03070884463146, 52.25689071137468], [5.032504008185677, 52.258744233837035], [5.032571495358439, 52.25997535338476], [5.031452735540744, 52.26130613306954], [5.026549937338634, 52.264199038226764], [5.027853618347239, 52.26624684954127], [5.0276257698311415, 52.267778053590916], [5.026338138991258, 52.26866179346155], [5.02330902751964, 52.27147238995512], [5.022885801047295, 52.272483830059954], [5.023709178644624, 52.27320856004329], [5.028294332341046, 52.2720325277768], [5.029812672537582, 52.272043895570675], [5.030932048575497, 52.27250325944478], [5.033068941646429, 52.27529026224052], [5.042520975942387, 52.2779306638545], [5.048236580886787, 52.276960802509684], [5.049678856722621, 52.277989218676936], [5.049665173582081, 52.28020622624677], [5.050752521298508, 52.281818150732], [5.0603972042423315, 52.28514343580591], [5.062857987337048, 52.28477861926928], [5.062872143344722, 52.282199983426814], [5.06441158611449, 52.280737941773225], [5.063884742157925, 52.27997600419996], [5.065324656243694, 52.27965968869851], [5.063811689940925, 52.27857741776851], [5.064875124082622, 52.27826569155866]]]]}, "properties": {"type": "boundary", "gemeente": "Wijdemeren"}}, {"type": "Feature", "geometry": {"type": "MultiPolygon", "coordinates": [[[[5.054711796878977, 52.94034740840182], [5.053663122687081, 52.93685432859937], [5.050493597295773, 52.93796234295167], [5.049160326651999, 52.93778601683944], [5.048333209245812, 52.937379549966316], [5.048308054259918, 52.9370623535788], [5.047513111498996, 52.93674319372891], [5.047182048619646, 52.93681381764542], [5.046308048097479, 52.93642412830346], [5.046314981920759, 52.936199199896414], [5.045454777648298, 52.93579239622295], [5.045140503483578, 52.935873038526346], [5.044115344285897, 52.93530657457929], [5.04412878547156, 52.9344825671695], [5.049030419942981, 52.930234873050914], [5.0491693941284845, 52.92970574665377], [5.048193627539941, 52.930334763190885], [5.046643251791074, 52.929724690334766], [5.047360029874332, 52.92913279991122], [5.047120100531822, 52.92880587622011], [5.042057017445237, 52.93240227957346], [5.0388607778904975, 52.93126566641845], [5.038421917959683, 52.930189247343], [5.039598746239818, 52.92906637990759], [5.038327596301086, 52.92840803092561], [5.039117549810662, 52.92578847487189], [5.038003423401728, 52.92268071222967], [5.037440069160754, 52.92266036855403], [5.0378519197208576, 52.92152128573294], [5.03909646759832, 52.92148756508819], [5.046370618997638, 52.92359730772184], [5.045621703279469, 52.9242435913167], [5.041885548184741, 52.92309999046925], [5.041591514673841, 52.92343708544936], [5.047349263762683, 52.92517879328233], [5.048590079812289, 52.92406885863461], [5.073900139309258, 52.893819960222416], [5.076823058319295, 52.892911785368575], [5.079483119076943, 52.89003571739816], [5.079320843973285, 52.88736839033148], [5.102071719696017, 52.86017990931996], [5.104484178167002, 52.85986125024105], [5.104778858973591, 52.859608984659346], [5.103148401333973, 52.859082510833986], [5.105304472906102, 52.856908565361614], [5.106902607627248, 52.85727643861376], [5.109333037598294, 52.85669749234309], [5.110940403663049, 52.854898025122125], [5.111329547038115, 52.854287083446934], [5.107845050280041, 52.853264636745486], [5.113935899000205, 52.84582978171975], [5.104148309230881, 52.77445235841788], [5.09963178775428, 52.77330961514858], [5.098672976589619, 52.772354838313525], [5.09366589296677, 52.769691954139276], [5.092107850382404, 52.76928528255968], [5.083582447109657, 52.769614873862295], [5.0762114376570135, 52.769245454896605], [5.069722951960012, 52.76810323689837], [5.0674607532405105, 52.76667092107411], [5.064292512958948, 52.76258771484729], [5.061724582274632, 52.76066341897661], [5.0569204059509545, 52.7574981280922], [5.0449984953097, 52.753133099359395], [5.039926486878989, 52.75238987293251], [5.0259259919528665, 52.751571181009595], [4.996859927046797, 52.752065448540456], [4.9874399924111845, 52.7524171729706], [4.9584332035574645, 52.75328962496679], [4.9558207507241505, 52.75327876941032], [4.954972438461753, 52.75406642407434], [4.9547448618678525, 52.75508727100297], [4.954341352479232, 52.75529650344149], [4.946418356444517, 52.753952488959435], [4.944385198970699, 52.75365918779152], [4.944612994888886, 52.752783651489494], [4.94032687154694, 52.75042154207354], [4.937814801276977, 52.749829451213074], [4.93279172133373, 52.74892774620894], [4.931423486274003, 52.74199939639594], [4.927362124023594, 52.737348673165165], [4.910939760716653, 52.718940337824925], [4.9056371676101715, 52.7134990776868], [4.905374060504687, 52.713085428274006], [4.903919113012365, 52.71163433721211], [4.89866810801561, 52.7068322225487], [4.877702076868617, 52.71198855854304], [4.8720118043842, 52.71628991011195], [4.86120962261078, 52.720726731470194], [4.8580914591734325, 52.72334569152276], [4.855469831928116, 52.72307322556222], [4.852150854569391, 52.72244808328643], [4.847684118315275, 52.72025974045236], [4.847965066110578, 52.72100788343266], [4.848389262092301, 52.72213743599574], [4.849421216886792, 52.724885083651024], [4.849724903316225, 52.725693601145515], [4.844875891294178, 52.73101871003888], [4.844188549225513, 52.73233440231466], [4.840064185591773, 52.73443414928027], [4.838694520487859, 52.73697235992306], [4.83528517992572, 52.74208088348825], [4.830378623150221, 52.747203059361134], [4.8156301328715765, 52.76004573898588], [4.812517923632605, 52.76276538053583], [4.808526831813457, 52.76674506940797], [4.806959754381223, 52.77021458785542], [4.813335560494732, 52.7713339699229], [4.815491842516966, 52.770241602996194], [4.820753059274346, 52.769607480381566], [4.819848510521106, 52.77412977321711], [4.827127980572603, 52.77503922502423], [4.828467648984097, 52.7753131008545], [4.82899584462012, 52.77532650370432], [4.827408335360398, 52.78356555342019], [4.831255403160667, 52.78382021705092], [4.8322068685643025, 52.79939433925353], [4.834305716965011, 52.80777964082016], [4.8345725985286885, 52.80777876533137], [4.812881323655704, 52.83232004136119], [4.812822083173824, 52.83263037120707], [4.810695297296162, 52.83518740395808], [4.809872267054316, 52.836261591412445], [4.799456450514675, 52.84377159982344], [4.794421945728217, 52.84737411385613], [4.7825615673002835, 52.85143599893752], [4.7596973646325935, 52.848402400446595], [4.7596971838692985, 52.848402462125954], [4.758854137863267, 52.84868977493068], [4.770937917318666, 52.87862685711202], [4.772084941474067, 52.880249561297], [4.782295088222734, 52.89468649009272], [4.787654034001032, 52.902347152603205], [4.794908340941893, 52.91257904174664], [4.797299304962585, 52.912114798665506], [4.80453091658968, 52.91048780207606], [4.806724180504278, 52.91271511246642], [4.808699698243231, 52.91124744786464], [4.841997813445624, 52.899105453673904], [4.8462079286856445, 52.899537098980815], [4.84948218890571, 52.89914851908689], [4.850484675196074, 52.89836824381406], [4.851001969156728, 52.89675523933985], [4.86135704581902, 52.89241120737853], [4.873672681443731, 52.88850938567028], [4.874936290005173, 52.88829104528066], [4.882893796777474, 52.88891808414683], [4.908657989041866, 52.89424577139237], [4.910472280732235, 52.89551354705624], [4.9117991539255375, 52.8956916899882], [4.920870335071704, 52.899866264509946], [4.935126826746209, 52.9034832517731], [4.936728374921947, 52.9045843768427], [4.935793251915927, 52.90620959619394], [4.936885695175014, 52.90775281538904], [4.9382038686599685, 52.90761039338162], [4.942763969922666, 52.91040223271839], [4.945637006793658, 52.91006250537559], [4.954591565141423, 52.91669170347791], [4.9568664896034145, 52.92010054755634], [4.958413426729306, 52.92513928098618], [4.968487076650531, 52.93033541915375], [4.970208022064602, 52.930688247701916], [4.972341394955126, 52.9309817084309], [4.986769719317433, 52.931818893701255], [4.9907849265633395, 52.932938550022335], [4.996880850038103, 52.93473843854588], [5.002958915237111, 52.93566814785399], [5.00516816005079, 52.935714783252685], [5.012045739810791, 52.933961135125095], [5.0173207145586805, 52.934437022979616], [5.02100284948558, 52.93488973628808], [5.025655875067122, 52.93736674556741], [5.027224844398718, 52.94128677909525], [5.024216115311448, 52.94257468321784], [5.024554437546264, 52.94274606598726], [5.028827189672742, 52.9410144078769], [5.03063597950247, 52.94284935746048], [5.035048186433506, 52.9412006145348], [5.037248272214568, 52.93982216838716], [5.03698551615304, 52.93965761180015], [5.031793664485479, 52.94218669363494], [5.030089622046511, 52.941938092277084], [5.029140006577979, 52.94091910049411], [5.034025669800954, 52.938313590075474], [5.033618652945956, 52.93813063012287], [5.033000860509543, 52.93847579612087], [5.031383567351917, 52.93712587459854], [5.032655983889876, 52.93651015002636], [5.033232471014338, 52.936884288569956], [5.038041402392035, 52.93341796590625], [5.03947868177348, 52.934077613851876], [5.034948327821743, 52.93745520731749], [5.035360743740754, 52.9376042938706], [5.03930622686165, 52.93472705084899], [5.041133031823454, 52.93434200510169], [5.041994323537222, 52.934754936173974], [5.041966405237137, 52.93566393444563], [5.039509080246776, 52.937942423178086], [5.039775121660683, 52.93801133370023], [5.042899532281872, 52.935750305608124], [5.043871316617945, 52.935724047067644], [5.044788865493856, 52.936151256709614], [5.044850033067425, 52.936472820850426], [5.045234105745321, 52.936654411149874], [5.045940756331665, 52.9366898767989], [5.046829536474103, 52.93710133527105], [5.0469415635123385, 52.93742020285501], [5.047581819384095, 52.93765848391096], [5.048000159843523, 52.9376463098058], [5.0488984567074, 52.93806448778897], [5.049538732466131, 52.93889704729568], [5.04826794222714, 52.940262226547375], [5.049111352787899, 52.94078344438617], [5.054150937016578, 52.94114214390077], [5.165882601256959, 52.99986741589197], [5.166761974202197, 52.99925930274501], [5.054711796878977, 52.94034740840182]]]]}, "properties": {"type": "boundary", "gemeente": "Hollands Kroon"}}, {"type": "Feature", "geometry": {"type": "MultiPolygon", "coordinates": [[[[5.040004751662508, 52.3349778184453], [5.037666496528819, 52.334603819065144], [5.0372002805132015, 52.337428882759696], [5.0362783329422, 52.33779819678653], [5.03281977423043, 52.338096596100264], [5.032786059305299, 52.33827700372999], [5.034559640727897, 52.33830756065322], [5.0389444801629635, 52.33758241562182], [5.041974668205865, 52.33651643982469], [5.040004751662508, 52.3349778184453]]], [[[5.0935723160819295, 52.33876278799051], [5.107068831612682, 52.33147901227723], [5.10890309791239, 52.33202954014234], [5.110038445184163, 52.33111648577711], [5.110467214297552, 52.33014410824599], [5.123558719401778, 52.32940824118664], [5.129030818063592, 52.32518852769989], [5.133434699653404, 52.32764550433393], [5.1371844702591885, 52.32532271515181], [5.138323824729426, 52.32590190034014], [5.138440462492413, 52.325812185437435], [5.138822035289634, 52.325518710431545], [5.139211858672641, 52.32521888316157], [5.138097711955549, 52.324658774725265], [5.147908944062649, 52.314584486111166], [5.151385413087289, 52.31232707358754], [5.149435852589864, 52.31194388225739], [5.14676568703946, 52.312611807526636], [5.147762357658329, 52.31388232214058], [5.14714066610912, 52.313738578157356], [5.145352739031888, 52.312039568814896], [5.143629198208059, 52.310876019573804], [5.146294515203788, 52.30931398506387], [5.149993180687134, 52.3101279608554], [5.151243634492986, 52.308765949447896], [5.149948509661126, 52.3084147031117], [5.149538606637091, 52.30875199740417], [5.14884877172992, 52.30846112360477], [5.149037546411896, 52.308006043530646], [5.1500277665436744, 52.30803664834028], [5.150112450733783, 52.30823906043076], [5.151729416090344, 52.30822281407095], [5.151941525129081, 52.30770237431653], [5.15259602439101, 52.30776327833151], [5.15255769827844, 52.308002542693586], [5.154243327641276, 52.308645657077406], [5.1541408477855715, 52.30880575482801], [5.152194188249879, 52.30840143755838], [5.151275100163539, 52.309350636590565], [5.15309112665703, 52.30996894282463], [5.152602792115546, 52.310189901599976], [5.152081879307219, 52.31101155993866], [5.151313794935549, 52.310862317007775], [5.151970354041022, 52.310418746134005], [5.152194041599717, 52.310025049531895], [5.151909810494976, 52.30981383813848], [5.151052698415824, 52.309600756741425], [5.149961515796668, 52.31080161710422], [5.150099919050134, 52.31146757453434], [5.152408630336884, 52.31194709162961], [5.161504435791303, 52.30641817781636], [5.165580185928029, 52.30495798116409], [5.1735685311529425, 52.30402352350879], [5.181538865689606, 52.30521086322675], [5.1872052245933595, 52.3074288855274], [5.196994332974357, 52.30894471098688], [5.228488119360772, 52.311254233957115], [5.230352148355077, 52.305447226182274], [5.229812078982991, 52.30448121202806], [5.230080253461916, 52.302924735829485], [5.229134146173876, 52.30280336371752], [5.229560454255987, 52.301724200446465], [5.227173396221982, 52.30116716400768], [5.219479993894962, 52.299157419294986], [5.214126331702785, 52.29849833334381], [5.211759286869555, 52.3000955650846], [5.210489177533446, 52.30186096430022], [5.209009758553047, 52.302020603130174], [5.208721459268471, 52.30025765907222], [5.203495791584396, 52.29965697240282], [5.202246053921669, 52.299718498669314], [5.1977978330965495, 52.30033482117811], [5.195805173684297, 52.29889926444025], [5.194991431761549, 52.29710765338212], [5.1959169223103325, 52.295076967920245], [5.190433702481329, 52.29346451876728], [5.1903728492434125, 52.29323430939884], [5.188223735575314, 52.2925509014162], [5.187690539402388, 52.29295358604997], [5.187075049358913, 52.292603194382885], [5.19237929284768, 52.29032960309735], [5.19323201037411, 52.288223293429475], [5.195383185964726, 52.2885810992258], [5.195305604610538, 52.288244517243385], [5.195763834300158, 52.286009472579984], [5.195683002471154, 52.28476571477455], [5.193802706098501, 52.28552822501061], [5.192137243185409, 52.284116039228756], [5.194662022153983, 52.28347890580729], [5.194347257999951, 52.28242882210675], [5.194473127173553, 52.280941028301314], [5.189987170760576, 52.27909900588466], [5.184702684705507, 52.27801004488222], [5.187598142419366, 52.27524475919365], [5.191179752900067, 52.27374282742447], [5.1962227300337345, 52.27089335115971], [5.201116993840152, 52.268140382858405], [5.201103236684668, 52.26813713460013], [5.201580229594967, 52.267937449861535], [5.200936166626619, 52.26737179187584], [5.199784181577878, 52.26782615975394], [5.193512955445058, 52.26637168406523], [5.183139139165031, 52.26396963647701], [5.1831312389156, 52.264603587508326], [5.176938922044085, 52.26288688444362], [5.173884002081846, 52.261678232428984], [5.165946614696022, 52.25770651119469], [5.162128665375997, 52.255796253821295], [5.161808193815431, 52.259926858720405], [5.1376090499758975, 52.259604312923244], [5.137454890561455, 52.2598862116977], [5.137496746518578, 52.260417287406725], [5.137636092974737, 52.260422411059075], [5.137708619770905, 52.260425077742894], [5.137700425280849, 52.260486374875434], [5.137638548079848, 52.26049668083686], [5.137493617154936, 52.260520819671754], [5.137558689479509, 52.26090057266646], [5.1372085671751435, 52.26147666428729], [5.137723418591319, 52.263063965726815], [5.140478545607733, 52.265093491152506], [5.143957079644143, 52.270535538545275], [5.144354300300662, 52.27131446158734], [5.143935939660317, 52.27134372725431], [5.1438949803177305, 52.27290953018701], [5.143718869379284, 52.273826948404064], [5.143945426537356, 52.274301589348305], [5.1414404670607805, 52.275260828230614], [5.1362653946604455, 52.27714697260318], [5.135358251858452, 52.2780870211012], [5.134405050007556, 52.277816739704505], [5.134169478004215, 52.27804263678637], [5.133067861784466, 52.278667914680874], [5.13104801702683, 52.278363366981566], [5.127191066815514, 52.27864804898389], [5.121799787598013, 52.28172210873046], [5.116026140524389, 52.282775595829925], [5.107354064789782, 52.28546191777756], [5.104645500272596, 52.28538496161624], [5.098714428810168, 52.29057398562968], [5.098472969177301, 52.29163642908225], [5.099353413974365, 52.2928037790479], [5.102918135462506, 52.294467972602234], [5.1060645377228076, 52.29466875385429], [5.107673843912651, 52.29729186604528], [5.10626579785749, 52.29833630983713], [5.101971261429956, 52.29780445106107], [5.0989429494617395, 52.29869688117277], [5.0967930898040565, 52.30043691376161], [5.09577038188249, 52.30376199401755], [5.096482121312358, 52.307292832790374], [5.100566309792176, 52.31029662887611], [5.094617989955107, 52.312426581745015], [5.092106225141395, 52.313023563789656], [5.093075985925617, 52.31415051088472], [5.091652466395119, 52.31464417300197], [5.075392954892396, 52.31914542459573], [5.0693248382181855, 52.321676455396826], [5.064686044930164, 52.32200614641838], [5.065720025241897, 52.32048183268481], [5.065258603981736, 52.319181738818465], [5.063297310817385, 52.31821076568692], [5.062535309001338, 52.31764224536324], [5.0583391469192795, 52.31631751766534], [5.058033969309412, 52.31668348430673], [5.0590919812037916, 52.31705253710476], [5.056740895026392, 52.31959965221635], [5.060124985577163, 52.32107171315023], [5.061518241363983, 52.32180090816272], [5.061107820229515, 52.32210571900281], [5.061512685330141, 52.32367492604897], [5.058210149765637, 52.32481708706864], [5.049065461324657, 52.32699180203866], [5.045593839122009, 52.32676798630109], [5.044394067673541, 52.32714905507895], [5.044800400498147, 52.32747342908227], [5.043951325787601, 52.32796038501486], [5.0397937473406085, 52.329027107314666], [5.0289518378515705, 52.33076983776702], [5.021586338409055, 52.33086251188456], [5.017272262923184, 52.33018688927289], [5.018422986914719, 52.32433910209363], [5.017931828680518, 52.32319253674707], [5.016652236538253, 52.32298709457629], [5.0161326616465365, 52.32451231523296], [5.012792826488112, 52.33020759973382], [5.01444908778175, 52.33143149147709], [5.0149912848686125, 52.3317766325021], [5.018461516566779, 52.33407459653881], [5.025342543940225, 52.33704917534545], [5.0274854176158845, 52.33771924377973], [5.027922030537527, 52.33669505562335], [5.029970673165443, 52.33660696479635], [5.030093603608368, 52.33626615891717], [5.028772655543431, 52.33567457813741], [5.029597354854248, 52.33466532352539], [5.032148431852249, 52.33353646902312], [5.036614252268214, 52.33352247602839], [5.040818210499012, 52.334486374168854], [5.0429230650836105, 52.33604317939306], [5.044577628976185, 52.33527651324166], [5.056180706735918, 52.337732538750686], [5.061881523952181, 52.33756448230524], [5.067093587023203, 52.33668403468415], [5.068588978775496, 52.33718545256154], [5.068107557063612, 52.33643518455589], [5.0677381077842405, 52.33636652142643], [5.068551796770653, 52.33405236068572], [5.069318932686003, 52.334078650075725], [5.0698167831389975, 52.333354537651], [5.070040396865653, 52.332794754416405], [5.069228451086377, 52.330588322049294], [5.069653540315053, 52.330461387175134], [5.070593159832196, 52.331774810594496], [5.0712668889252885, 52.3336876707161], [5.071037520206151, 52.33374917829952], [5.070573022678839, 52.33363002887331], [5.0698540184783125, 52.3345987992292], [5.070191069641622, 52.335492577047184], [5.069796561277037, 52.33708728592623], [5.077350075955615, 52.33981213783043], [5.082602894661747, 52.3394700790795], [5.0935723160819295, 52.33876278799051]]], [[[5.106933219503322, 52.345592893179294], [5.109797764215602, 52.34368318294596], [5.109699900045451, 52.343632951639144], [5.109215963055378, 52.343983006195245], [5.108006387105333, 52.34336667643777], [5.103625632197406, 52.3459979394523], [5.102563308055977, 52.34627527442345], [5.102199335120654, 52.34686900388635], [5.1003695989771405, 52.34715892662793], [5.100336278688383, 52.34721500254133], [5.102715196141176, 52.34686907991664], [5.106933219503322, 52.345592893179294]]], [[[5.081051524368241, 52.34546274293177], [5.079635147664047, 52.34446475705343], [5.080818851975035, 52.345689375848245], [5.086750541990735, 52.346662153580894], [5.088319517297097, 52.3473865942706], [5.088376393719089, 52.34728947078555], [5.086947676458856, 52.346576120673184], [5.081051524368241, 52.34546274293177]]], [[[5.0700087137287575, 52.36423387862087], [5.069258684475655, 52.36407724344222], [5.068031300175441, 52.36426232993896], [5.067670021828515, 52.365249777817205], [5.068523169821569, 52.365531772359574], [5.069878530121621, 52.36538726145526], [5.0700087137287575, 52.36423387862087]]]]}, "properties": {"type": "boundary", "gemeente": "Gooise Meren"}}, {"type": "Feature", "geometry": {"type": "MultiPolygon", "coordinates": [[[[4.792730267887944, 52.72049013543682], [4.793991569481948, 52.71998648795265], [4.7940375443786944, 52.72071036044814], [4.795442413023468, 52.720440826240946], [4.795546316667504, 52.72054775237529], [4.795903923215562, 52.720562819912274], [4.7973954186247685, 52.72090052450349], [4.797601328142567, 52.72084801627394], [4.797540751232686, 52.719636552821505], [4.799468981499572, 52.71829186322331], [4.801958758363049, 52.71599626297919], [4.80318265673802, 52.71541184700786], [4.804544554542146, 52.715675024584925], [4.805010099733203, 52.715070415418964], [4.803922830764885, 52.71478008134906], [4.805024682283504, 52.71420926793288], [4.809169721900676, 52.71512219116753], [4.813160444409531, 52.71494244534444], [4.816626149586022, 52.715282944539155], [4.824027319536075, 52.716532224369246], [4.826241085577289, 52.71743609730971], [4.828866148967805, 52.718096403727124], [4.8411475786253995, 52.71930205107335], [4.843745652842563, 52.71965490911824], [4.847684118315275, 52.72025974045236], [4.852150854569391, 52.72244808328643], [4.855469831928116, 52.72307322556222], [4.8580914591734325, 52.72334569152276], [4.86120962261078, 52.720726731470194], [4.8720118043842, 52.71628991011195], [4.877702076868617, 52.71198855854304], [4.89866810801561, 52.7068322225487], [4.899065343958277, 52.70665455116989], [4.899385143599616, 52.70327716978509], [4.899852556087028, 52.70014471969104], [4.899879617009246, 52.699485318245834], [4.899858755403234, 52.69758687029419], [4.891418040033323, 52.69517605647507], [4.888702430127532, 52.69045581052271], [4.881984011729608, 52.68809597524913], [4.879381423372665, 52.68801670939876], [4.876291891600428, 52.686343057489196], [4.879394021321694, 52.68008077210589], [4.875708338842404, 52.67773176243568], [4.874089657604493, 52.67546387744659], [4.870779176380661, 52.667840544328556], [4.868203333642285, 52.664164059954174], [4.866199556962734, 52.659764701431264], [4.8631770526374, 52.65646896941038], [4.86269870697056, 52.65299876903823], [4.865073121693511, 52.649436674464745], [4.875234459782208, 52.64242538742977], [4.876718502635954, 52.640532423566974], [4.8765280395080355, 52.6363056732269], [4.8758264474398, 52.63521088955376], [4.873281071373532, 52.634729236274396], [4.873397683446675, 52.634446778830245], [4.873400112649763, 52.63444089553354], [4.863880296629379, 52.6353598221008], [4.8629706886306145, 52.63745139536759], [4.860553039650579, 52.63913581008642], [4.8516048287136915, 52.64056481950096], [4.8474198746159, 52.642059938287865], [4.84272775397145, 52.645937674688035], [4.838547707569769, 52.64613821515631], [4.8355294763777215, 52.64243919848497], [4.835184881961948, 52.64089711577987], [4.83450923162935, 52.63915429649071], [4.83453639684394, 52.637994799213374], [4.834410008878579, 52.63742909983737], [4.830223034072491, 52.632678294144675], [4.824208791775207, 52.633823361733924], [4.814475902147081, 52.633871782414595], [4.807814798004491, 52.63398425296481], [4.794704498659022, 52.63788330947498], [4.791641723245208, 52.63823415863195], [4.788401796110104, 52.63889010932845], [4.785277561027632, 52.63811528341355], [4.786685126354286, 52.64058766980219], [4.792981618313002, 52.64842164802951], [4.798642707406896, 52.65355746664269], [4.8004147081768345, 52.657244737458996], [4.8005645852102345, 52.657873379474516], [4.8005645884695465, 52.657873467565096], [4.800543427448549, 52.66003276209209], [4.800508069496329, 52.66024147001946], [4.793615404391986, 52.6571449063778], [4.792016865750298, 52.65644183223243], [4.7919411848823525, 52.65629085154486], [4.773668010041946, 52.64835510329213], [4.775606451044382, 52.65264660797846], [4.773003982947074, 52.653408786649145], [4.774031858023757, 52.65522219510764], [4.774032013514975, 52.655222490689475], [4.778040722748534, 52.66431841011437], [4.774488995778362, 52.66534347931908], [4.775968866330451, 52.66784949766543], [4.77857626553792, 52.672305231793246], [4.779011667329893, 52.67404530699852], [4.779024501895055, 52.67648459639537], [4.7725053734650205, 52.67770590515759], [4.749982673204959, 52.68237363352056], [4.746906587812946, 52.682302883982295], [4.744772996048225, 52.68167975931552], [4.743575193219532, 52.681309303617645], [4.741740376050725, 52.68080762689436], [4.738379070598109, 52.68436333664812], [4.728852593218037, 52.691404552571484], [4.73203529626614, 52.692809837774284], [4.739574034787757, 52.69419018831314], [4.751539639016749, 52.696988916018796], [4.766871705073368, 52.69813423293193], [4.769645829587728, 52.698794114232115], [4.770761091480297, 52.70204377320519], [4.770458278385241, 52.708725211518185], [4.7729857796193915, 52.72004400082069], [4.777688733526271, 52.72856233516913], [4.7782640874325315, 52.72963266515311], [4.7781426059711425, 52.73030161220888], [4.778831029437735, 52.73141131122634], [4.779137072049879, 52.73127769667128], [4.781767778820251, 52.72986718306728], [4.786564896970999, 52.72794618454706], [4.786871852601299, 52.726372775978824], [4.785410850564627, 52.72245175453886], [4.786563958055463, 52.721034487919304], [4.788829487977072, 52.72084723750022], [4.790157140151236, 52.72059364152276], [4.792730267887944, 52.72049013543682]]]]}, "properties": {"type": "boundary", "gemeente": "Dijk en Waard"}}]}