{"type": "FeatureCollection", "features": [{"type": "Feature", "geometry": {"type": "MultiPolygon", "coordinates": [[[[3.9281733332496875, 51.45055321814021], [3.9333208414864678, 51.448552105574876], [3.929756300202987, 51.44989473755149], [3.925607141873069, 51.451478347909074], [3.9281733332496875, 51.45055321814021]]], [[[3.7062998693605325, 51.47095721242884], [3.6983942745777223, 51.46969173353986], [3.6956798135266475, 51.47111504020457], [3.702631043885052, 51.47481225033845], [3.7055076337979314, 51.47179720121089], [3.7062998693605325, 51.47095721242884]]], [[[3.811299223130684, 51.483110903330854], [3.818703490799119, 51.48302125542276], [3.8232520995678643, 51.483502432249956], [3.832007638513213, 51.484935322797625], [3.8419402472456485, 51.48527073437719], [3.850967139043784, 51.48406054454646], [3.869657899369103, 51.48257036884129], [3.8711788886321417, 51.48092431412995], [3.8741180603083745, 51.48004007129945], [3.8803938946293037, 51.48100746542342], [3.897742017560356, 51.47988958310399], [3.9034900920904465, 51.47959490904907], [3.9128788381425053, 51.4791215108886], [3.912269289071444, 51.47823860969341], [3.9129158425962323, 51.4772293369503], [3.9124127780445352, 51.4764801417705], [3.9101275701009186, 51.473076538592885], [3.9080824102949414, 51.471831298470384], [3.90904644231419, 51.47146611808411], [3.907742532244068, 51.469523681959814], [3.9077331894058216, 51.469509763150555], [3.9091302600108118, 51.46780684173351], [3.9162374458092613, 51.46342472863466], [3.9285112050710285, 51.45879065416219], [3.925981314586194, 51.45458398364784], [3.9254340127850926, 51.451527563363804], [3.924009545116589, 51.4513340046063], [3.922645771686243, 51.45020853845978], [3.9242955950192697, 51.44881789700396], [3.9253587380708326, 51.44546644282125], [3.9212250352223936, 51.4445213709681], [3.9232555250769927, 51.43979819362114], [3.925398273715357, 51.43790377023069], [3.925782424628598, 51.434485825363936], [3.9189736554166594, 51.42682589317708], [3.9164732264647144, 51.41868905441597], [3.91567144766436, 51.418428399385995], [3.916414239365212, 51.420917196573086], [3.914727201998588, 51.42048222590193], [3.914132750412871, 51.41761001840664], [3.911310036860883, 51.415412467467334], [3.9117237974027215, 51.4140368261901], [3.90816609350439, 51.408664395034656], [3.9006239910063933, 51.39499975520922], [3.8933956109780805, 51.39374057091889], [3.884320410910068, 51.39546154017302], [3.8812920053948194, 51.396129365306884], [3.8759350606816776, 51.39733904292719], [3.871412446905439, 51.39737179579069], [3.866987666976229, 51.39638505473583], [3.8643728338501266, 51.395482202674664], [3.8616222989686944, 51.393708801567186], [3.860867108116378, 51.39223384916992], [3.858163407194814, 51.39122639040908], [3.8479302711433676, 51.39023102782065], [3.836726760057043, 51.38842950407885], [3.8222830419683587, 51.38696734150053], [3.818663235792991, 51.386180527157755], [3.81810166169571, 51.38517446255891], [3.8179319702442283, 51.38520608875122], [3.817491613985695, 51.38606886580657], [3.8170504809207624, 51.38596556014016], [3.817340853305619, 51.38503163960362], [3.8170762415675474, 51.385005457038886], [3.816704134531138, 51.385793282947375], [3.812972052692981, 51.38547624340717], [3.8123384494315435, 51.385575254643754], [3.798266628333349, 51.39472492606432], [3.7902266755286975, 51.39834274289657], [3.7895181782431573, 51.399815270593976], [3.7750283140258785, 51.405389251481175], [3.7775977782073697, 51.40901010320049], [3.777178435038652, 51.409810109184015], [3.7758761734750212, 51.41024849213681], [3.765170998149751, 51.410334708970026], [3.754957247981151, 51.414802150320675], [3.7502975572072725, 51.41393805654015], [3.744876046638538, 51.41224135780479], [3.7443131256426594, 51.41145089787909], [3.7348099915469293, 51.4111432418149], [3.727096528805565, 51.41398668363333], [3.725398407001012, 51.415037190016506], [3.720662981030302, 51.426091530711254], [3.7192145056165096, 51.42676212418401], [3.7177721646297863, 51.42712701823879], [3.716738776031924, 51.42597937668132], [3.7156661312070844, 51.42679461243974], [3.712878744435607, 51.4315964908005], [3.711052442035692, 51.43180562759215], [3.709542058976193, 51.43357264525227], [3.708545123935511, 51.434702010663], [3.7027445722668033, 51.441400923349065], [3.696393500195369, 51.445851447895016], [3.702976452617476, 51.450044568040106], [3.7046500715324613, 51.45030437183999], [3.7067216284980886, 51.447944979810444], [3.701653879609449, 51.44327131128514], [3.703552523372967, 51.44173717530005], [3.710284486045107, 51.446569376499966], [3.718135913343752, 51.44250166780933], [3.7192296261567153, 51.442646015975754], [3.722224144319831, 51.44492091602632], [3.712533974975161, 51.45086307218135], [3.7273474662039856, 51.456395707600514], [3.725546185682761, 51.458284894496565], [3.714397465023031, 51.45430819260141], [3.709906269228528, 51.453461964698484], [3.7099470277165354, 51.45359059694003], [3.7102806115641145, 51.454620029267936], [3.7112355512869892, 51.45773754030205], [3.714883276038122, 51.463636031460744], [3.7168550448605386, 51.46453572907596], [3.715605451501876, 51.46641224699888], [3.717425180910557, 51.46960799519538], [3.721336218183154, 51.47319473052125], [3.7198635323831515, 51.47493354095699], [3.718652702664911, 51.47502271580886], [3.7146602891819267, 51.47062133017721], [3.713700577956903, 51.47073732523318], [3.710527062429494, 51.47183559922915], [3.7056277111538267, 51.47694838074124], [3.7064508509285634, 51.478689892737485], [3.7036496153862672, 51.48227067365396], [3.703360648393126, 51.482422755220554], [3.700777708890453, 51.48313579935767], [3.699479310273999, 51.490619943777965], [3.699052127047086, 51.49234130016026], [3.699796733767238, 51.49394379873616], [3.7055379250331355, 51.50245623102077], [3.721883347284289, 51.50213190828338], [3.738840043810854, 51.49998866990038], [3.7674579602356038, 51.49835980660879], [3.7796115730042055, 51.495954273660544], [3.7910709983290527, 51.49040688709971], [3.7969270301945683, 51.48702800207769], [3.8036854492332295, 51.48447084009952], [3.811299223130684, 51.483110903330854]]]]}, "properties": {"type": "boundary", "gemeente": "Borsele"}}, {"type": "Feature", "geometry": {"type": "MultiPolygon", "coordinates": [[[[3.72089727602949, 51.52932738237543], [3.718445984874226, 51.52840410811965], [3.71768501423792, 51.528716990148], [3.7206239095264815, 51.530879327423044], [3.720309143416994, 51.53183719758298], [3.7205921325746685, 51.53185283017022], [3.7209702058045253, 51.53061509525295], [3.72089727602949, 51.52932738237543]]], [[[3.829629689211385, 51.54843582389747], [3.8357299321204317, 51.54739964233741], [3.8453675664630245, 51.543711136749025], [3.84595424608243, 51.5413051721871], [3.8492072393320926, 51.53959407740801], [3.860247408702596, 51.53851630431918], [3.865872268094223, 51.53953115826864], [3.8651170239185983, 51.54147706489546], [3.8662765241475125, 51.5416313517818], [3.866860709426252, 51.54170796242822], [3.8678120422456557, 51.54004371669362], [3.8701524847372135, 51.540471792917735], [3.869800976013021, 51.54145927185171], [3.8703293310313485, 51.541563164713864], [3.870700415311728, 51.540572003664046], [3.8824746672354293, 51.542724663295466], [3.8866551181153186, 51.542812030683116], [3.8913499016130633, 51.541318763103426], [3.898274737894033, 51.541126897649036], [3.9010651168304826, 51.543555205493526], [3.907018293021391, 51.54369036311545], [3.912489685092931, 51.545705094631735], [3.9183766260343624, 51.54400075257017], [3.9253467875393007, 51.54445471914131], [3.926928175559838, 51.54420010726158], [3.9310138773436454, 51.5383254744421], [3.9264113245848207, 51.53785594928033], [3.926433263335445, 51.53724586769586], [3.928199868904148, 51.537225607347075], [3.933472355306573, 51.53151434254667], [3.940457873526763, 51.5254815648841], [3.9437631965182547, 51.526231923585485], [3.949371694828128, 51.528842705077174], [3.9570507772015757, 51.53073639376718], [3.97146644442512, 51.52846626162628], [3.9698909667673967, 51.525578147936756], [3.9679380201779484, 51.525980730820336], [3.963506937249452, 51.52061294750194], [3.9636367242936954, 51.513932873864945], [3.965231408279353, 51.50646894064205], [3.961889672210146, 51.505208275193205], [3.9561993545958947, 51.503404200669145], [3.943652427801887, 51.49724483970202], [3.940185566013337, 51.493143017590846], [3.925822558822954, 51.49186836100437], [3.9256553577433, 51.49101529514703], [3.9258771669005723, 51.48910133603316], [3.9245856937328143, 51.48674073345544], [3.92474490028784, 51.485372241457355], [3.921833014792322, 51.48502453505496], [3.9209195712471927, 51.48611432496819], [3.915019723655313, 51.48479950526253], [3.9167655755106603, 51.48159651310875], [3.9128788381425053, 51.4791215108886], [3.9034900920904465, 51.47959490904907], [3.897742017560356, 51.47988958310399], [3.8803938946293037, 51.48100746542342], [3.8741180603083745, 51.48004007129945], [3.8711788886321417, 51.48092431412995], [3.869657899369103, 51.48257036884129], [3.850967139043784, 51.48406054454646], [3.8419402472456485, 51.48527073437719], [3.832007638513213, 51.484935322797625], [3.8232520995678643, 51.483502432249956], [3.818703490799119, 51.48302125542276], [3.811299223130684, 51.483110903330854], [3.8036854492332295, 51.48447084009952], [3.7969270301945683, 51.48702800207769], [3.7910709983290527, 51.49040688709971], [3.7796115730042055, 51.495954273660544], [3.7674579602356038, 51.49835980660879], [3.738840043810854, 51.49998866990038], [3.721883347284289, 51.50213190828338], [3.7055379250331355, 51.50245623102077], [3.7056101255721954, 51.50364190273198], [3.71085529540048, 51.50347055851732], [3.7111047339599805, 51.50672100358021], [3.745246516022579, 51.5124722426556], [3.7469449738005727, 51.51685276003236], [3.7281550394127487, 51.52446596177055], [3.72859566027037, 51.52539483969078], [3.727893538490211, 51.52550273902778], [3.727221178447948, 51.52425763997086], [3.7260139280600546, 51.52474358414213], [3.725063309606117, 51.525721172983914], [3.7265551746421663, 51.52996176889125], [3.7313446727528725, 51.53494223095285], [3.7323587180326356, 51.53842376027768], [3.734397974418413, 51.54017423989097], [3.7462721397516647, 51.544686704816094], [3.749630653947242, 51.544175014459505], [3.7504091421000654, 51.546074839091254], [3.75364728350286, 51.54755865982859], [3.7637379242183564, 51.54553186921215], [3.7675213748208463, 51.54600730239203], [3.77017448675555, 51.543855170346845], [3.770187888539756, 51.542608730925146], [3.7809508396632565, 51.54273848337043], [3.792468601616618, 51.54108603404865], [3.798556413630192, 51.54219461993879], [3.801179411988681, 51.542204245204104], [3.802799006125158, 51.54294585952709], [3.8037081448727363, 51.54402714283417], [3.80519966772585, 51.54518082907926], [3.8129498346515303, 51.54723316885022], [3.8143218298311257, 51.5469893913997], [3.8138290781782302, 51.54789216008776], [3.8141794444181802, 51.548070300496974], [3.814856018835382, 51.54743197576493], [3.815023373074139, 51.546802648705984], [3.8156121070602382, 51.54681984296811], [3.8151265664841616, 51.54787826798963], [3.815678171360975, 51.54794736904233], [3.8168582267686237, 51.546512769993996], [3.8172958072928087, 51.546686083187694], [3.816364483802104, 51.54812595957086], [3.816519735075958, 51.54886192465256], [3.8167825734564773, 51.5488205966186], [3.8169719993747337, 51.54813792795011], [3.8178196473407655, 51.54815312099312], [3.8179020236688097, 51.54771555147116], [3.8201614006140643, 51.547859678250965], [3.8203048026546065, 51.546252686778075], [3.820788343360541, 51.54620280839846], [3.820709357147896, 51.54730495917132], [3.8208844726794275, 51.54730731257654], [3.8208894782557556, 51.5468637712419], [3.8211461349957943, 51.546844112633586], [3.8212494809188393, 51.548225918068674], [3.820579402339136, 51.54821272490331], [3.820633159942118, 51.54927297044467], [3.8224705686098104, 51.54839463140214], [3.829629689211385, 51.54843582389747]]], [[[3.7783954132887727, 51.54863248139283], [3.7774966405029335, 51.54773396319693], [3.7707694408270416, 51.550272792729686], [3.771744206147902, 51.55135044243572], [3.7783954132887727, 51.54863248139283]]], [[[3.7718921812645356, 51.547929205048035], [3.77090717079745, 51.54680152494815], [3.7674384307941846, 51.547494161154255], [3.7608561725120286, 51.54760753060378], [3.7570116606921373, 51.548316324719835], [3.7563507022256033, 51.54943324521959], [3.75737441958994, 51.550182592281296], [3.7690465363778203, 51.552368520593696], [3.770107491321967, 51.54950887854985], [3.7718921812645356, 51.547929205048035]]]]}, "properties": {"type": "boundary", "gemeente": "Goes"}}, {"type": "Feature", "geometry": {"type": "MultiPolygon", "coordinates": [[[[3.9932603203426105, 51.404061326308685], [4.017869070634625, 51.401134936591866], [4.0190795083329816, 51.401408024987845], [4.019428487896964, 51.40118701203819], [4.0163679573538404, 51.39903054980368], [4.017452176223098, 51.3982466752098], [4.017204076508524, 51.397455717658936], [4.01839938425602, 51.39698638174662], [4.02180847043565, 51.39806880614196], [4.021737425546833, 51.40048042743222], [4.022187607918133, 51.40059858969209], [4.022266389113475, 51.39825921929911], [4.024916396663448, 51.39426655364941], [4.029111606807207, 51.39351234679764], [4.032368751619352, 51.38531324974357], [4.03274074773377, 51.38490299830463], [4.0332098520661015, 51.38507206668838], [4.033469402934415, 51.38483585525851], [4.032948592311406, 51.384673774445524], [4.034889165407648, 51.382533469034406], [4.0346969650863445, 51.38241215777638], [4.0333032665757225, 51.38374256130714], [4.032622140141475, 51.38336533590626], [4.034179164082541, 51.38202395178427], [4.033342489265944, 51.38102545939123], [4.034256807242722, 51.380642166563824], [4.035487238876443, 51.381944078241915], [4.036899866106307, 51.380258956546676], [4.0366554285317395, 51.379491980646506], [4.039407219723493, 51.377379260399124], [4.04407898201971, 51.37092089817231], [4.0494501369218305, 51.36696759726235], [4.05316108736035, 51.36579218698352], [4.085973065620993, 51.36417393105965], [4.092360785611183, 51.361451732497244], [4.094976641933643, 51.36174110819034], [4.096248347913721, 51.361390615985094], [4.098627444118798, 51.359071392564836], [4.110962957526691, 51.35437743225895], [4.110955358753104, 51.35428124263669], [4.110595186743229, 51.35394702094904], [4.110491584210835, 51.35203472334892], [4.11126603505902, 51.35198463276028], [4.111601085001448, 51.353483857783864], [4.111144308455015, 51.35387092405917], [4.111318764901321, 51.35402198297715], [4.111546835781098, 51.35407110088988], [4.115434423854262, 51.35242396446675], [4.119192007819055, 51.3491729603717], [4.127449772454642, 51.34370439544456], [4.13407100155582, 51.336580293874256], [4.135227139532804, 51.33837641430649], [4.134094535604249, 51.3437226985501], [4.128524509347039, 51.34877488940181], [4.112623788602489, 51.36062252601195], [4.114945230232592, 51.363032352723515], [4.1184249595579745, 51.36377792314261], [4.130925921977289, 51.364497199319615], [4.139251757265725, 51.36121797513002], [4.150323590649245, 51.34948021833322], [4.157989200675645, 51.34728522598254], [4.151599476483905, 51.366393968674366], [4.155608967058373, 51.36878800871674], [4.172840353894704, 51.37335457822172], [4.173210449524354, 51.360656780251055], [4.1768767976784975, 51.362391195581836], [4.177126305598335, 51.367320325362186], [4.18544516187831, 51.374861791494936], [4.191416119433718, 51.37641948057765], [4.206456368951192, 51.37447187618812], [4.212962212381079, 51.36839056873811], [4.212413216424251, 51.36606600177134], [4.215481347521944, 51.36408854474602], [4.215430741975163, 51.361692616446604], [4.216559624595353, 51.360285252344454], [4.220149734347405, 51.361669753200516], [4.223903596841459, 51.35815866777506], [4.223862041273304, 51.355181358980396], [4.234696197025502, 51.34806036975505], [4.168065705302935, 51.294451043148726], [4.1661321298820715, 51.29289292831881], [4.159775307912405, 51.29021663290783], [4.1424095506009255, 51.28237242908375], [4.094621168263304, 51.26076162118299], [4.092602678771754, 51.260179279632226], [4.092493998847692, 51.25971003067061], [4.09106216529956, 51.25989492144351], [4.091140028054879, 51.259158453116264], [4.090312277585117, 51.259215395243345], [4.0901170151807955, 51.25868399494686], [4.078927110360559, 51.2537386644863], [4.076164048325512, 51.25213871924727], [4.07063977413118, 51.250694716890855], [4.071420667646501, 51.25024112051078], [4.066235552739863, 51.24830339515569], [4.06410026258708, 51.24750199104995], [4.061848259770212, 51.244573131229636], [4.057910917124164, 51.24342139535772], [4.0422322766549605, 51.241504070937665], [4.03988044742893, 51.24144876674799], [4.036537327429173, 51.24567871638284], [4.032395470181544, 51.243304660822346], [4.0273420823839965, 51.24249707380074], [4.024490466097118, 51.24150020921268], [4.022142416482412, 51.24433397575715], [4.020934043957327, 51.24536592285383], [4.015481366463361, 51.24449825741463], [4.014866730773163, 51.24508766413071], [4.0056929167641275, 51.2418763391435], [4.003360470367273, 51.243312471996965], [3.997030354141265, 51.24119415524392], [3.994112823612909, 51.24282598545996], [3.9930675542187104, 51.244985288702175], [3.994598867158138, 51.246430919728695], [3.9931191600425815, 51.24800386499841], [3.9875902759706467, 51.24980993432797], [3.9822366529463062, 51.24911031592571], [3.9821361494850667, 51.26148293179787], [3.981937128297601, 51.26269163619604], [3.9788791704035305, 51.30081486236539], [3.9781675847745355, 51.301565871258816], [3.9758183570456254, 51.300688954443025], [3.972118899885227, 51.30031367481219], [3.958078642763155, 51.30455560826077], [3.953275567209971, 51.30829128319915], [3.9566466946176164, 51.32199694885591], [3.9617293475482858, 51.33289611758267], [3.959717466912376, 51.341897424789295], [3.959392195317008, 51.35132329873949], [3.9558082211299723, 51.3541042853657], [3.9546266951587965, 51.35677661417951], [3.9576387162672853, 51.36373651364317], [3.9570464770124754, 51.36481297023187], [3.941779805386448, 51.36540924529884], [3.9483615624116686, 51.36724478488632], [3.9547059213100386, 51.36749638278984], [3.9554098935207067, 51.36586465705245], [3.9580199083443324, 51.36521600012525], [3.9590665421784363, 51.36766910991832], [3.959614435858569, 51.36899816445206], [3.959155304343613, 51.37128744894174], [3.962696678706467, 51.37537339896189], [3.9632385259087206, 51.3814153201483], [3.9676041365065537, 51.38450456639899], [3.9681630246149866, 51.38562842227662], [3.9656865329122937, 51.38905605587062], [3.9652441928967246, 51.39692417517172], [3.963949898686253, 51.39863422415234], [3.9638903605275297, 51.399373958702995], [3.9693370950814804, 51.402777431700756], [3.970834172487583, 51.4057009131699], [3.9743083424282495, 51.40668901049935], [3.9917266993917195, 51.40574228310828], [3.9931966204453073, 51.405383781450574], [3.9932603203426105, 51.404061326308685]]]]}, "properties": {"type": "boundary", "gemeente": "Hulst"}}, {"type": "Feature", "geometry": {"type": "MultiPolygon", "coordinates": [[[[3.97146644442512, 51.52846626162628], [3.9897369443871127, 51.524185535500884], [3.9934963158279295, 51.52266235639429], [3.993763377621224, 51.522088056684986], [3.9956428712576364, 51.521787070256465], [3.997042337434912, 51.52211984264893], [3.9995555144237995, 51.52089351755289], [4.003136574497525, 51.52170643312525], [4.003342146905564, 51.51999187361858], [4.002576024084115, 51.519083840442114], [4.002565738840892, 51.5158360071165], [4.003596027888015, 51.51459398527985], [4.004422504935147, 51.51461171296985], [4.0043822556990465, 51.51635366780125], [4.002752491811529, 51.5164345264278], [4.002703631711433, 51.51828882769159], [4.004984135262555, 51.518494355940355], [4.005295059734454, 51.51592919079094], [4.005867990191554, 51.5155859740222], [4.005912379190458, 51.51404790247685], [4.005721666340987, 51.51404203971018], [4.005747868652523, 51.51366039045047], [4.006325753836421, 51.51366052653996], [4.0063488768755935, 51.51404888027654], [4.006138630427566, 51.51407199768722], [4.00611736522006, 51.51560106153736], [4.006694352414008, 51.5160335170277], [4.006587687515054, 51.519003417394394], [4.0044062367062265, 51.52149083355829], [4.005516567173533, 51.521486595390634], [4.006348322816999, 51.52031575137125], [4.0076323887695, 51.5202420496678], [4.01295081346125, 51.5182470085501], [4.013614362814832, 51.519730388861404], [4.013668578856339, 51.517450787290535], [4.01738887927928, 51.51245027233001], [4.015019328219933, 51.51065955493738], [4.013593556559354, 51.50758801380574], [4.0104842019094535, 51.5068959630325], [4.006377936764877, 51.50458095316667], [4.00473193688328, 51.50484312223341], [4.004898894138729, 51.49636986244141], [4.005797770080129, 51.47891714877517], [4.006091073008494, 51.473279728891114], [4.0073233612612915, 51.4586343332613], [4.005751534228691, 51.45872351781639], [4.003492982562761, 51.4570172917333], [4.0021917819579444, 51.45745511259133], [4.000972006538847, 51.45626593719398], [4.00006810514749, 51.45675097620113], [3.998866011336987, 51.45627325598371], [3.9944999705234956, 51.45302257647796], [3.993001468485517, 51.45134193419282], [3.9884388010626526, 51.45351700117234], [3.986893849780488, 51.4536191325793], [3.9814419357978794, 51.459646496053836], [3.9786410228266433, 51.46019359032891], [3.978052327648478, 51.46117579225154], [3.9754133025555944, 51.46236630641065], [3.961692978999738, 51.455978599296586], [3.9504071652750876, 51.45577146041121], [3.934220301913247, 51.448450661094434], [3.9333208414864678, 51.448552105574876], [3.9281733332496875, 51.45055321814021], [3.925607141873069, 51.451478347909074], [3.9254340127850926, 51.451527563363804], [3.925981314586194, 51.45458398364784], [3.9285112050710285, 51.45879065416219], [3.9162374458092613, 51.46342472863466], [3.9091302600108118, 51.46780684173351], [3.9077331894058216, 51.469509763150555], [3.907742532244068, 51.469523681959814], [3.90904644231419, 51.47146611808411], [3.9080824102949414, 51.471831298470384], [3.9101275701009186, 51.473076538592885], [3.9124127780445352, 51.4764801417705], [3.9129158425962323, 51.4772293369503], [3.912269289071444, 51.47823860969341], [3.9128788381425053, 51.4791215108886], [3.9167655755106603, 51.48159651310875], [3.915019723655313, 51.48479950526253], [3.9209195712471927, 51.48611432496819], [3.921833014792322, 51.48502453505496], [3.92474490028784, 51.485372241457355], [3.9245856937328143, 51.48674073345544], [3.9258771669005723, 51.48910133603316], [3.9256553577433, 51.49101529514703], [3.925822558822954, 51.49186836100437], [3.940185566013337, 51.493143017590846], [3.943652427801887, 51.49724483970202], [3.9561993545958947, 51.503404200669145], [3.961889672210146, 51.505208275193205], [3.965231408279353, 51.50646894064205], [3.9636367242936954, 51.513932873864945], [3.963506937249452, 51.52061294750194], [3.9679380201779484, 51.525980730820336], [3.9698909667673967, 51.525578147936756], [3.97146644442512, 51.52846626162628]]]]}, "properties": {"type": "boundary", "gemeente": "Kapelle"}}, {"type": "Feature", "geometry": {"type": "MultiPolygon", "coordinates": [[[[3.716891952576007, 51.52382739380458], [3.7152593404725205, 51.52376791272502], [3.7133778455616797, 51.52491600453073], [3.7176850142380284, 51.528716990148], [3.718445984874333, 51.52840410811968], [3.7157911926163067, 51.525131643286784], [3.7162567521856884, 51.52452042170667], [3.71763112651809, 51.5244020665169], [3.716891952576007, 51.52382739380458]]], [[[3.691834274583135, 51.52928094578278], [3.6909973741226736, 51.52725224137427], [3.6898589181056747, 51.52813384214139], [3.690201167446723, 51.529958357514616], [3.6910480823968155, 51.53057654028015], [3.691834274583135, 51.52928094578278]]], [[[3.613159888963453, 51.5351423155016], [3.6148599128761716, 51.53052055001695], [3.6172161929980073, 51.525265425008584], [3.6262551508074847, 51.52593556889945], [3.6337116283423034, 51.52600414185598], [3.634906329904966, 51.523126679415725], [3.634776016723897, 51.52052915264707], [3.6396424079941907, 51.52050342735424], [3.64159847883794, 51.51969354560771], [3.651472965416069, 51.52133610555761], [3.656507738310663, 51.5221732430474], [3.6588419925417894, 51.51926148083602], [3.68020387564638, 51.534496378261814], [3.682781062864438, 51.529613506767625], [3.6874005114175645, 51.52407275639728], [3.6977790558528207, 51.515637440890444], [3.7074627836686025, 51.516803180231626], [3.711989215219983, 51.51786586571033], [3.7150130905880903, 51.51952797407231], [3.7205877835344197, 51.522332527984446], [3.7233958874657964, 51.52317424639473], [3.726120053173948, 51.52375535697857], [3.7290316707441455, 51.52341001766777], [3.72813643978614, 51.524135509330385], [3.7281550394127487, 51.52446596177055], [3.7469449738006824, 51.51685276003236], [3.7452465160226867, 51.5124722426556], [3.7111047339600884, 51.50672100358021], [3.7108552954005867, 51.50347055851732], [3.705610125572303, 51.50364190273198], [3.7055379250331377, 51.50245623102072], [3.6997967337673483, 51.49394379873608], [3.699052127047195, 51.49234130016026], [3.6994793102741066, 51.490619943777965], [3.700777708890453, 51.48313579935767], [3.703360648393126, 51.482422755220554], [3.7036496153862672, 51.48227067365396], [3.69569935661172, 51.4810015570511], [3.685418792601197, 51.47699897405169], [3.6675030892748035, 51.46982284576456], [3.6618292629801243, 51.468383108045664], [3.661546958873464, 51.46834362957764], [3.655001057433953, 51.468331297729264], [3.6483515814091976, 51.469845461987674], [3.636627027847828, 51.476828810368275], [3.628980490189103, 51.480755495251934], [3.6216577937560004, 51.475484938406176], [3.6177307619378603, 51.47775541405815], [3.6087524654259253, 51.47563634713568], [3.604967299995524, 51.47825999552246], [3.601762519309519, 51.479326728235485], [3.5996607930844475, 51.475295046360216], [3.5984286952308673, 51.47554910677983], [3.598225471557582, 51.47572953323764], [3.597742231048126, 51.476300263410074], [3.5968687072255743, 51.476439942176754], [3.5970103552090937, 51.47709628382366], [3.592598456950319, 51.47758857959762], [3.59031043125233, 51.47865916576108], [3.5894233964434044, 51.47980404946649], [3.5869807958800637, 51.47925390007055], [3.5847641870176927, 51.48289206040927], [3.58331775051511, 51.48270411328962], [3.58123863869187, 51.48638517393479], [3.5796324633951464, 51.489216421969864], [3.5814393937548203, 51.489531810210465], [3.5815633458202987, 51.490320219758786], [3.585032256078544, 51.49090893158808], [3.5848922243384473, 51.49436857838437], [3.5820133893417165, 51.49982025624198], [3.5798639148889153, 51.500977470716144], [3.5781734552966302, 51.50236976794205], [3.5780657775263176, 51.504742461609126], [3.5763297055124457, 51.50527394655436], [3.575337592273857, 51.50658039969181], [3.5778820970573806, 51.50721817761788], [3.582602607791227, 51.50822579797643], [3.583314324329398, 51.50858740354812], [3.5834251324032627, 51.508661526413476], [3.5788396783824914, 51.51242560895842], [3.581105855016642, 51.51348718366531], [3.5828503263898193, 51.513474076126336], [3.5824342908583704, 51.51668807151664], [3.584174708802778, 51.5168655956851], [3.5836862152678823, 51.51962711698643], [3.5966366789865614, 51.52245204158788], [3.594757126470584, 51.526465940339605], [3.593472158549966, 51.5287815406651], [3.5906401699867017, 51.53002248116607], [3.58979889963066, 51.531813956564584], [3.592960044502536, 51.53216744848151], [3.6027147649254254, 51.534913654046704], [3.6035463068571008, 51.53395772290738], [3.610922205133847, 51.53488490311238], [3.61097686625122, 51.535301518643635], [3.613159888963453, 51.5351423155016]]]]}, "properties": {"type": "boundary", "gemeente": "Middelburg (Z.)"}}, {"type": "Feature", "geometry": {"type": "MultiPolygon", "coordinates": [[[[3.716147147130926, 51.35350191307333], [3.7225371618829146, 51.349618502810074], [3.7315265050553905, 51.34870902638957], [3.742186581116733, 51.348813302811145], [3.758133137848476, 51.3478692354585], [3.758583711882947, 51.34619685997482], [3.7558006560763015, 51.34392716804601], [3.7549825938637005, 51.34106437611929], [3.758633322517591, 51.33965354748862], [3.768171831552607, 51.336329809002784], [3.770967109576459, 51.33626422981607], [3.7696201416772888, 51.34857006013652], [3.7717570682577266, 51.35026613185559], [3.7889952512647804, 51.34955799872489], [3.7923250468601473, 51.346923322187344], [3.7982857131765653, 51.34523713473122], [3.800137623732017, 51.34432307553997], [3.809884497336335, 51.34350074342114], [3.807081526988597, 51.340611510605044], [3.8071527706018897, 51.33840083822615], [3.8147447829756502, 51.329962984224125], [3.8153708222158293, 51.33015375739754], [3.8157312050090564, 51.32965967047329], [3.816229310868078, 51.32981754129948], [3.8158554144458012, 51.33030142397666], [3.8164560499405114, 51.33048444754121], [3.8133616582421506, 51.33686913310195], [3.814507960685185, 51.33724190493872], [3.815234668420799, 51.33588367648762], [3.816280191170714, 51.33593175746379], [3.8157860611946672, 51.33700400296799], [3.8160185138245497, 51.33703568266813], [3.816785944422815, 51.33575056205279], [3.817025127646515, 51.335780755454465], [3.8167426228316237, 51.33713989362128], [3.8172540323099433, 51.33723222332862], [3.8166348897002402, 51.33936306483779], [3.813980802189466, 51.342821527979595], [3.81776576002523, 51.34287501698091], [3.8172228038435203, 51.34065682917375], [3.819161595782772, 51.33627285731781], [3.819948840052276, 51.336350362202715], [3.820652252043064, 51.33899185258055], [3.8217316991920014, 51.339767732476425], [3.8217408296031574, 51.34029420256043], [3.8202399348410734, 51.34109201256001], [3.8198422451893057, 51.34257065476766], [3.8202388604716586, 51.342698967645944], [3.8215289892384856, 51.34112224429984], [3.8238118662736365, 51.34099612300495], [3.827338844697788, 51.343220691203264], [3.8276182147413054, 51.34288368916612], [3.8248650747915005, 51.34104406070305], [3.829282004052022, 51.3396918138255], [3.8285636033716894, 51.342403850521436], [3.829152748265184, 51.34253703800725], [3.8301611178028554, 51.339422642352105], [3.8346585840557768, 51.33885618836878], [3.835705244497967, 51.33734276871963], [3.842046589777083, 51.335818992617156], [3.8482083558741875, 51.33562909310333], [3.8560561843531875, 51.33587617841975], [3.857273182184143, 51.335392903425934], [3.8585642580054835, 51.335993075494656], [3.866853394600059, 51.33636966979784], [3.8701840207734035, 51.34038263623937], [3.873910279357115, 51.341856718827074], [3.8748504241732364, 51.345695922952764], [3.875597114175817, 51.34630484764544], [3.8837013111653924, 51.34742948618075], [3.884843585414748, 51.34763291343999], [3.884845419953799, 51.349361263483075], [3.886158627032722, 51.34892589573187], [3.8855507895119485, 51.34775885334815], [3.8911872654400237, 51.34876242360733], [3.89711058394039, 51.35315896579676], [3.905045625647051, 51.35721916185772], [3.9174353586750827, 51.36125151691655], [3.9366378999035425, 51.36358406826277], [3.941779805386555, 51.36540924529887], [3.9570464770124754, 51.36481297023187], [3.957638716267288, 51.36373651364309], [3.954626695158903, 51.35677661417951], [3.9558082211300793, 51.3541042853657], [3.959392195317116, 51.35132329873941], [3.9597174669124824, 51.3418974247893], [3.9617293475484474, 51.33289611758267], [3.9566466946177243, 51.32199694885591], [3.9532755672101314, 51.30829128319915], [3.9580786427632635, 51.30455560826075], [3.9721188998853334, 51.30031367481219], [3.975818357045735, 51.300688954442954], [3.978167584774641, 51.301565871258816], [3.9788791704036384, 51.30081486236534], [3.9819371282977074, 51.26269163619604], [3.982136149485173, 51.26148293179787], [3.982236652946416, 51.249110315925655], [3.9875902759707538, 51.24980993432798], [3.9931191600426863, 51.24800386499841], [3.9945988671581385, 51.24643091972867], [3.993067554218816, 51.244985288702175], [3.994112823613017, 51.242825985459966], [3.9970303541413714, 51.24119415524388], [4.00336047036738, 51.24331247199689], [4.0056929167641275, 51.2418763391435], [4.000080392651838, 51.23912390344029], [3.9997183199945336, 51.237665642430315], [3.992488303709764, 51.23636273444183], [3.9881146748067384, 51.23321985683792], [3.986204923226521, 51.234160048053425], [3.98285284358566, 51.23006288905752], [3.978918667046589, 51.22536679425817], [3.9777880786556246, 51.225044476144426], [3.9765589636796856, 51.22538643638435], [3.9721441193592675, 51.2246926733414], [3.9642860050988777, 51.22395048528346], [3.95856242955347, 51.215807919692715], [3.953170544363702, 51.21647315248424], [3.9466395872694684, 51.21550862444634], [3.942618568708249, 51.21471086442994], [3.9431382740881014, 51.213616318140964], [3.9359802500358074, 51.21189344982396], [3.931435909387208, 51.21728928742716], [3.9294187292846403, 51.220261060278006], [3.9254500931043164, 51.217106993246276], [3.9219153968218166, 51.21705151822107], [3.9196325039180495, 51.217071471335515], [3.9186754923587883, 51.21497334624389], [3.9160050804211006, 51.21463464602416], [3.9186289597430903, 51.20776420419514], [3.9153378371873404, 51.20817055682041], [3.911547309851442, 51.205445363948904], [3.900553495174652, 51.20238532566066], [3.8969785072215224, 51.20264701036953], [3.894664787602092, 51.20349772277043], [3.8931365040220367, 51.2030811709632], [3.893233868393136, 51.20284814935424], [3.8883511574461536, 51.20104780312889], [3.887868252083073, 51.20111464492507], [3.88735926205934, 51.20092629934942], [3.8863502258988456, 51.20016287392171], [3.8849719466853054, 51.20194453104988], [3.8848505871998227, 51.20259725331016], [3.88451094143726, 51.203355042032605], [3.879465285062955, 51.20626388726767], [3.8776263176506784, 51.208013776754406], [3.883075900248454, 51.21027673437661], [3.890244561060873, 51.21399666102987], [3.8933470415031906, 51.21866320679185], [3.8904209859327152, 51.22136291498346], [3.8888773925239786, 51.222755663591414], [3.8886543658551034, 51.22295688730085], [3.888602726331653, 51.2229993740788], [3.8701714814359183, 51.216267122864224], [3.864713415913838, 51.21346331731559], [3.862124162658711, 51.2123992751572], [3.859574664659439, 51.21083145944126], [3.8561134364067633, 51.211062012796845], [3.852412311419233, 51.21321651049462], [3.8423516050499202, 51.212162487267356], [3.835667670988152, 51.21315876833551], [3.8342630357807423, 51.21203134722798], [3.8269270528718855, 51.209359862518895], [3.8211554915912553, 51.209206737247115], [3.810575113389594, 51.212768137715244], [3.8062849988386875, 51.21262420037311], [3.8060283465727096, 51.213380113282135], [3.804358920834872, 51.21323108332311], [3.8049909847419023, 51.21012143054319], [3.7992927543518875, 51.21086517316593], [3.7972337504231026, 51.21289865229076], [3.791146629512235, 51.21401318279982], [3.7895411260227676, 51.21608803254984], [3.788884846084454, 51.22375465961975], [3.788456607368889, 51.22637361407609], [3.789104055657929, 51.239499455549726], [3.78945279969198, 51.24578706427133], [3.795474532005122, 51.25605410222149], [3.7854349894333854, 51.2584680891816], [3.7781871991800764, 51.26239080397286], [3.773784830433819, 51.26397599325548], [3.7730735422443233, 51.26191005691043], [3.769264849632732, 51.25986266266817], [3.7625149630612147, 51.26178160594678], [3.7557155423258304, 51.26934491370562], [3.7524137276743774, 51.270267451577396], [3.7517269151896766, 51.26916125422039], [3.723130149704425, 51.27334353583434], [3.719243307330542, 51.27254411100315], [3.7189146626302994, 51.27153619324154], [3.714091641819211, 51.272177536581815], [3.712702251669226, 51.272103849759965], [3.7097262866667373, 51.2725879976744], [3.6939349012724465, 51.276039797536185], [3.698883791142669, 51.2844466909941], [3.701426158822537, 51.286749166739845], [3.703559973746232, 51.28698845341854], [3.7066117287803273, 51.28882674250666], [3.704030634269876, 51.30247982405393], [3.707144312935427, 51.3066370629813], [3.7035834359514332, 51.30994383531557], [3.712409678492713, 51.31579130389412], [3.7038464438587284, 51.31837126836825], [3.6894084664803284, 51.3203019340523], [3.686284741694698, 51.32159935763889], [3.6662053411210165, 51.3198122701806], [3.6638289111286286, 51.32523941072364], [3.6599924730674034, 51.324887389737974], [3.657973400762256, 51.333350970539264], [3.653311093966555, 51.33175053772153], [3.6442332710114616, 51.341741849521235], [3.649599375501599, 51.34273526692967], [3.6472435610512814, 51.35004910684855], [3.6495484078291502, 51.348997578724486], [3.6541978623236706, 51.34839060049086], [3.6590352755267426, 51.349943754231084], [3.659399500908757, 51.35113563143077], [3.682310262741405, 51.35343383623171], [3.682387506578324, 51.35527356939194], [3.687846246113629, 51.35557728857393], [3.6898157724464435, 51.353351108123704], [3.6938154515288475, 51.352474222896944], [3.6930517291615033, 51.36528798359772], [3.6936127295289385, 51.36398644054319], [3.6966876071601003, 51.362254119442], [3.705188455097662, 51.35880172440703], [3.7143056844073574, 51.35364756952561], [3.716147147130926, 51.35350191307333]]]]}, "properties": {"type": "boundary", "gemeente": "Terneuzen"}}, {"type": "Feature", "geometry": {"type": "MultiPolygon", "coordinates": [[[[4.168553172489527, 51.64364122929761], [4.192900783461017, 51.63468902655157], [4.193176161664855, 51.63876322886245], [4.1941369665617305, 51.63903049332584], [4.195605586372754, 51.63467298720526], [4.201223858071971, 51.63478065221585], [4.19576360905238, 51.637986304255044], [4.2005401831749785, 51.6392271396229], [4.211516899026908, 51.63854406696422], [4.2142333062242034, 51.6378882375458], [4.217519989266965, 51.635315369535114], [4.229559766600152, 51.63393137838255], [4.232689160422488, 51.63506241885166], [4.237323821986144, 51.63401462828544], [4.227822508299649, 51.631022799384446], [4.2144667740151, 51.62766423439621], [4.205021013069081, 51.623561627655484], [4.197659673645216, 51.618048160138144], [4.191685086769127, 51.609337158138544], [4.190573771974457, 51.606056014030166], [4.190162549587056, 51.60095405849403], [4.190817279572274, 51.59738468643664], [4.192231761761919, 51.59390171473688], [4.195718210448394, 51.58897529631072], [4.198891682775802, 51.58597545055218], [4.22812115727498, 51.56371629634473], [4.232443704040317, 51.55905482766137], [4.2355855862638405, 51.55272387566626], [4.236118791231364, 51.55036572959092], [4.2356569707720855, 51.54324143140559], [4.233043062554112, 51.53749192100483], [4.219930827692172, 51.51380281835233], [4.218799836815127, 51.50896128861424], [4.218927253830663, 51.50485835151749], [4.224906072081085, 51.49649286597717], [4.230327671715002, 51.48890414828741], [4.21761326982869, 51.48767613431873], [4.216476398218846, 51.49025463259853], [4.213754534952168, 51.49200601648472], [4.176687308675572, 51.5018757407173], [4.172816475189745, 51.50466429196988], [4.172221677119662, 51.50841585497212], [4.165740470461343, 51.51046345101992], [4.162485995379362, 51.51210824784193], [4.160614173678766, 51.514643295538676], [4.1610309572439945, 51.51486604173187], [4.162968681127217, 51.512360722410776], [4.1695163089466405, 51.510230780123564], [4.173048931739187, 51.51002258323343], [4.173456949453252, 51.51058431074639], [4.1707149830631245, 51.511460051391374], [4.170314550183813, 51.51215654317958], [4.165830724652258, 51.513059243159994], [4.168086072976057, 51.513692901115185], [4.174023544819644, 51.51206042262375], [4.176119060302766, 51.51510124246899], [4.16852135180979, 51.51906930343867], [4.163936379489605, 51.52282459646268], [4.152829579923401, 51.52315805836981], [4.150205169221788, 51.52406342925656], [4.146842601517599, 51.522021323311755], [4.143988905418029, 51.521384585022496], [4.1413282438996495, 51.521425370780875], [4.134746978215755, 51.526133039091384], [4.1261630800852975, 51.52394044734807], [4.117998280896999, 51.52376850320027], [4.108286201788343, 51.52463427276722], [4.10245545085609, 51.524433797448395], [4.100991605270772, 51.52564671067428], [4.098792098936548, 51.52508446493049], [4.093352856861712, 51.52490602207842], [4.09234343856648, 51.52507168779087], [4.0919321298615765, 51.52666388532728], [4.079702342838415, 51.52736741100771], [4.079506473781982, 51.52541333866336], [4.0769832532448405, 51.52505896685752], [4.071289940355363, 51.529647440283206], [4.0730694557202245, 51.53135695842331], [4.070096486342929, 51.53206588037687], [4.068019059037498, 51.53340198048072], [4.066003539273403, 51.53323952203587], [4.064356044835156, 51.534337312044116], [4.0597877602496055, 51.541056176384686], [4.061173346654908, 51.54321954206368], [4.060747512606605, 51.54404201958634], [4.056050952553878, 51.54650835816523], [4.052298096587609, 51.54723153437262], [4.049074029607097, 51.552589173487476], [4.033220372455062, 51.55430807694564], [4.031876857241679, 51.55540141589104], [4.027532448522059, 51.556423134082316], [4.030448850896496, 51.56129058955095], [4.030120870388142, 51.5628432860004], [4.026717005285648, 51.565226314125916], [4.02313950580336, 51.56737338377545], [4.013004350489321, 51.57037454200011], [4.005448744176389, 51.575692218605475], [3.989830651993468, 51.576368223629345], [3.9838731205254083, 51.58087677945285], [3.984730033601454, 51.587061262967445], [3.987831109446972, 51.59101856833269], [3.990008572612452, 51.592635223613534], [3.9947351720115787, 51.59411163692875], [3.9952882332962014, 51.593867063051846], [3.993899116280375, 51.593186166445186], [4.0045709512820675, 51.593684098131405], [4.004595843874843, 51.593861347305], [4.001910236497752, 51.5945903415716], [4.008701076823252, 51.5961434975358], [4.012008119433107, 51.59503447526141], [4.020757812761314, 51.597957518715866], [4.023783682039563, 51.596881774606004], [4.037488388149573, 51.602976697583955], [4.038686088170916, 51.60437372436233], [4.039657547352469, 51.603941095225096], [4.043212926410519, 51.60414325292499], [4.04397621683469, 51.60450930827377], [4.045826204188524, 51.60392563960372], [4.053592792953388, 51.60899137971679], [4.061977461230132, 51.609771961222144], [4.063745974822838, 51.61162294594271], [4.068904233891417, 51.61209622727035], [4.074557073315614, 51.61347014009532], [4.083463932127654, 51.611764416375046], [4.085095493186798, 51.612526109013956], [4.101489249337929, 51.61021027519101], [4.103834347871671, 51.609223260887575], [4.104370917358935, 51.6066271613858], [4.1054668241399614, 51.60660944197387], [4.109167357270619, 51.604513867064995], [4.10892542421033, 51.60434817274052], [4.104795859613663, 51.60628464473111], [4.10441412688947, 51.605965227965136], [4.107129806271296, 51.603189195989685], [4.108258470342605, 51.60258816918665], [4.109971545378118, 51.60424348167127], [4.111293266537949, 51.60336625194707], [4.116589892337391, 51.602211030996386], [4.127873269689216, 51.60190495789558], [4.140176054408224, 51.603147561505715], [4.1448894972058845, 51.603908204200074], [4.149352258898349, 51.603743171202986], [4.151188927244202, 51.60306313982742], [4.156189699600591, 51.60368257229801], [4.161711089564582, 51.60526284389448], [4.170996477550968, 51.60595205273189], [4.173483817283407, 51.60547050702647], [4.174496306328774, 51.60761740225831], [4.174067432090437, 51.60835947356319], [4.168786388272675, 51.60897214137424], [4.173729762049404, 51.61137140476117], [4.174807797814227, 51.61435139601027], [4.176331714291572, 51.61405933366217], [4.177481543085924, 51.61643912432191], [4.174223227961297, 51.617483750917685], [4.169519420788758, 51.616644851727386], [4.17081697318164, 51.61870165281198], [4.1685485449299895, 51.61527016892022], [4.164341637602409, 51.61359545930155], [4.1616431744476525, 51.61518994416808], [4.160464234623519, 51.614857610867894], [4.158259065483505, 51.612980069905674], [4.154071221329608, 51.61252273386418], [4.142195294817446, 51.613475040226895], [4.135876731473618, 51.61293778319752], [4.12626371081408, 51.613115225615864], [4.1176019911598205, 51.62463603144634], [4.1141128578821, 51.624305624086865], [4.1086733621887666, 51.62968188086317], [4.104692026272446, 51.630145580583104], [4.103700427932534, 51.62965576775365], [4.100481718601725, 51.63098210466415], [4.099398399568318, 51.632820090705565], [4.0985003185503155, 51.63880740457748], [4.100301826163338, 51.641148579547206], [4.097758107456454, 51.642538609367364], [4.099923381257898, 51.642141669871855], [4.100580464607276, 51.64282574027658], [4.098530286978588, 51.643376615896415], [4.099561555567196, 51.64338479964818], [4.105283341903716, 51.641371666100945], [4.103938341358455, 51.643629738339726], [4.107213004382539, 51.64633130499851], [4.116723944905451, 51.652258923014074], [4.1202554602402985, 51.65359577822658], [4.124168080317093, 51.65358075321668], [4.137163314397906, 51.65245814468743], [4.148728688316895, 51.65007909328824], [4.168553172489527, 51.64364122929761]]]]}, "properties": {"type": "boundary", "gemeente": "Tholen"}}, {"type": "Feature", "geometry": {"type": "MultiPolygon", "coordinates": [[[[3.6953288732032914, 51.542079909093204], [3.6898842469163715, 51.53693009000047], [3.687894042965479, 51.53711632756724], [3.6867350322484973, 51.542980440397066], [3.6825341338679047, 51.548328322037676], [3.6817417722500365, 51.55166694694712], [3.683686455505056, 51.55285415306645], [3.688536877464807, 51.55151137904976], [3.6943574199162366, 51.54683992632851], [3.6953288732032914, 51.542079909093204]]], [[[3.6754989333932633, 51.55606244130231], [3.675171541165198, 51.554229043050015], [3.673857409116865, 51.55495658091874], [3.6724986009699383, 51.55705682278456], [3.670284303113002, 51.558447921424765], [3.672613746491779, 51.55899558705166], [3.673911793176063, 51.55823316880611], [3.6754989333932633, 51.55606244130231]]], [[[3.672302025777342, 51.56136329513512], [3.6724000971543695, 51.56029127484097], [3.6694568582012317, 51.56070033106977], [3.6674849844922344, 51.56026550449207], [3.665811957407901, 51.56034510521781], [3.6670451758686387, 51.56160031558319], [3.6712929613887098, 51.561888751019254], [3.672302025777342, 51.56136329513512]]], [[[3.6295104231740787, 51.59021033392628], [3.629859934114929, 51.588041785373925], [3.6336251329706744, 51.589397419598605], [3.634915216808766, 51.58689246357304], [3.629881594428857, 51.58534198241125], [3.6278794213130543, 51.584060252202825], [3.628262917408084, 51.57982397340342], [3.628023302706668, 51.57755199514652], [3.628052671552249, 51.57458487296153], [3.6302865323343925, 51.571566611221954], [3.639509391030713, 51.5655948072006], [3.6389919574706684, 51.56448142856296], [3.6408718758607765, 51.56310483692014], [3.6436802169637903, 51.56145090198309], [3.650309802815712, 51.55897791264475], [3.653027442872764, 51.55870004119326], [3.653148133690364, 51.558444169008744], [3.650015775596662, 51.558853930555784], [3.646646194441071, 51.55959539122312], [3.6447663097224288, 51.560403548884445], [3.6439583282168284, 51.5597589577987], [3.6483899765295034, 51.55776441193501], [3.650289394590219, 51.557604732654085], [3.6505229497064433, 51.55806565256585], [3.653258643038525, 51.55769543241009], [3.653183025078613, 51.557320170853785], [3.653649028725408, 51.5573119073355], [3.653494506959784, 51.5576829096413], [3.6537036165467174, 51.55771413795508], [3.6538916864463467, 51.55739405973357], [3.6538604232318477, 51.55719501710083], [3.656638005156768, 51.55656660014101], [3.659626182665684, 51.55378629647297], [3.664073987821578, 51.551238701584374], [3.6654071856062, 51.55088629544492], [3.6687645141335747, 51.55038305719874], [3.663598813942448, 51.54854238807677], [3.6643070140793075, 51.548338855052656], [3.6697235790173672, 51.55029351852495], [3.6716125821773735, 51.54813570582897], [3.6678177540832375, 51.54501813375123], [3.666754522105401, 51.54247562833328], [3.668158195628441, 51.542234351913514], [3.668678075448837, 51.54405436615689], [3.6693528485512656, 51.54496109053765], [3.6724813367682696, 51.547252510136836], [3.6773311843022394, 51.54054170185881], [3.680203875646273, 51.534496378261814], [3.6588419925416837, 51.51926148083602], [3.656507738310663, 51.5221732430474], [3.651472965416069, 51.52133610555761], [3.64159847883794, 51.51969354560771], [3.6396424079941907, 51.52050342735424], [3.634776016723897, 51.52052915264707], [3.634906329904966, 51.523126679415725], [3.6337116283423034, 51.52600414185598], [3.6262551508074847, 51.52593556889945], [3.6172161929980073, 51.525265425008584], [3.6148599128761716, 51.53052055001695], [3.613159888963453, 51.5351423155016], [3.61097686625122, 51.535301518643635], [3.610922205133847, 51.53488490311238], [3.6035463068571008, 51.53395772290738], [3.6027147649254254, 51.534913654046704], [3.592960044502536, 51.53216744848151], [3.58979889963066, 51.531813956564584], [3.5906401699867017, 51.53002248116607], [3.593472158549966, 51.5287815406651], [3.594757126470584, 51.526465940339605], [3.5966366789865614, 51.52245204158788], [3.5836862152678823, 51.51962711698643], [3.584174708802778, 51.5168655956851], [3.5824342908583704, 51.51668807151664], [3.5828503263898193, 51.513474076126336], [3.581105855016642, 51.51348718366531], [3.5788396783824914, 51.51242560895842], [3.5834251324032627, 51.508661526413476], [3.583314324329398, 51.50858740354812], [3.582602607791227, 51.50822579797643], [3.5778820970573806, 51.50721817761788], [3.575337592273857, 51.50658039969181], [3.5763297055124457, 51.50527394655436], [3.5780657775263176, 51.504742461609126], [3.5781734552966302, 51.50236976794205], [3.5798639148889153, 51.500977470716144], [3.5820133893417165, 51.49982025624198], [3.5848922243384473, 51.49436857838437], [3.585032256078544, 51.49090893158808], [3.5815633458202987, 51.490320219758786], [3.5814393937548203, 51.489531810210465], [3.5796324633951464, 51.489216421969864], [3.58123863869187, 51.48638517393479], [3.58331775051511, 51.48270411328962], [3.5847641870176927, 51.48289206040927], [3.5869807958800637, 51.47925390007055], [3.5839251853468963, 51.47845817574316], [3.582344102480548, 51.47581259575733], [3.575704448716458, 51.474447827536665], [3.574301107840607, 51.47743466716566], [3.5705171523157695, 51.47689261296598], [3.566059758892047, 51.478249300164045], [3.566322799621987, 51.47296648702495], [3.564569247068564, 51.47043033712475], [3.5602275251655966, 51.47111466816533], [3.5569287001384633, 51.468050853151134], [3.555134806865911, 51.46790575895405], [3.552763319202624, 51.470956124590195], [3.5482796888807253, 51.469427046991555], [3.546596042254511, 51.46758047971468], [3.544348091914999, 51.466500054367316], [3.5398073703000072, 51.46549891285072], [3.5281414736548102, 51.463743553642544], [3.526629866091109, 51.46292403701948], [3.5162147876348757, 51.47264469863605], [3.510977929308656, 51.47923562167061], [3.5024744509312384, 51.488232583551444], [3.495847531059533, 51.493687564638755], [3.48522508787237, 51.4987406620576], [3.48064821855541, 51.50008721071351], [3.460236666282913, 51.509704199887175], [3.451049328469454, 51.514832147974964], [3.443781928559828, 51.52096358098861], [3.441861085755212, 51.521809961609954], [3.4397882380755793, 51.521989970700155], [3.4371566989187694, 51.5259789905539], [3.4361452425200105, 51.525493001523856], [3.4352341620437965, 51.525484913222485], [3.433784841548637, 51.52646915479923], [3.4332625707309243, 51.52841024450932], [3.434942893443331, 51.535951252839666], [3.4361990768160537, 51.540250008223175], [3.4383086155098925, 51.54244475352201], [3.452077837609871, 51.54810150090034], [3.4594421529397055, 51.550571394372525], [3.4884412012031616, 51.56352418778538], [3.494673642293993, 51.56626660508531], [3.502770653899289, 51.56907579013136], [3.514296225380225, 51.57323720526686], [3.5319343006929182, 51.57965315720225], [3.552379502812061, 51.58958800617025], [3.5751896922733613, 51.594096394837756], [3.5823998001482895, 51.594660932529614], [3.5985158786421256, 51.594288168885264], [3.607944712751486, 51.593037241222454], [3.616995272694239, 51.59049387868626], [3.6295104231740787, 51.59021033392628]]], [[[3.7198546045167955, 51.649134658626735], [3.7143573159290106, 51.64223843942209], [3.716755679533277, 51.64081604389022], [3.716701194228671, 51.64070825615775], [3.7149552523040135, 51.64123714243673], [3.7133169530160934, 51.63900982022876], [3.7146534756823595, 51.638325347422786], [3.7146896994077805, 51.63849308672182], [3.7150718005482744, 51.638547246761775], [3.7155127533159606, 51.63814834709335], [3.717432116513735, 51.638863070834866], [3.717963038746605, 51.640069806548766], [3.717347694407693, 51.64046778216007], [3.718296719772139, 51.64065371056894], [3.7183553292216733, 51.640602953983475], [3.718363742084223, 51.6397259503477], [3.7191209948199284, 51.63927588825774], [3.7162975580740443, 51.63669182379631], [3.7144725039873894, 51.63688515005104], [3.7137088304231356, 51.63632577341002], [3.7147609882274963, 51.635715362372665], [3.713912458734666, 51.634829833824824], [3.718461926986952, 51.63279200110911], [3.720431766418008, 51.634522857311765], [3.7209512796343764, 51.6342410165448], [3.7187201811133903, 51.632114231541486], [3.712841658619214, 51.63460939068229], [3.7112117597747387, 51.634114320781556], [3.709556108833836, 51.632407297174645], [3.714817532039064, 51.62994588151025], [3.716951496583412, 51.63138896817795], [3.7176606338305604, 51.63106369478528], [3.717073742853803, 51.63047291671034], [3.724268816117377, 51.62741477210179], [3.7270279964972373, 51.629757646446734], [3.7228892861341047, 51.63180146693071], [3.723521061195191, 51.632211578276355], [3.7277226108122967, 51.6303474087953], [3.7307436587858303, 51.63291220373371], [3.7222302226931125, 51.63685014837375], [3.7230373406937103, 51.63745328529905], [3.7312557625343383, 51.63362040305915], [3.731667256119551, 51.632261898461856], [3.722251910990073, 51.624900568301136], [3.7085505011832307, 51.631176579708416], [3.704186040266358, 51.62873450719455], [3.7070574820142053, 51.624451567576244], [3.7036929254858535, 51.62188639808348], [3.7029649177826376, 51.62242002220494], [3.705261026601242, 51.62390000001151], [3.704567222110517, 51.625340320645805], [3.697515751238359, 51.62883148343281], [3.6945768575737943, 51.62563824444196], [3.6901054688968875, 51.623034251668244], [3.696452555975166, 51.61936915664659], [3.698947436929715, 51.619632852798], [3.7001716191495597, 51.62040159107676], [3.7009621437051976, 51.61993886166834], [3.699028707616719, 51.61880456253647], [3.69673122682223, 51.61860270209681], [3.690341180854359, 51.62129616407942], [3.6873356706171756, 51.62172574032915], [3.6862603029980816, 51.619753386376615], [3.6861522912312283, 51.61666506113015], [3.6940163649735944, 51.61651218526504], [3.69159096246594, 51.61602254550854], [3.686630560154671, 51.61614716968088], [3.6842799117381526, 51.61484930024499], [3.682369468962558, 51.600971733755834], [3.683128480663276, 51.60076306944706], [3.6807554613553055, 51.60009793697137], [3.6808959827360446, 51.60068906609741], [3.6818682923138755, 51.60100206881824], [3.6822679188294227, 51.60221186566028], [3.683806647511372, 51.614864948082], [3.6824473944732556, 51.616296013921804], [3.6765412629570053, 51.618286846544], [3.674149783209504, 51.62020244838208], [3.6750331648788674, 51.620523514157604], [3.6770968480329893, 51.618958038549124], [3.681762452040773, 51.6172804264978], [3.68281709825396, 51.620720212512026], [3.6803593256994267, 51.62096167286445], [3.679528893828463, 51.61989698168035], [3.678844063807829, 51.62000159147017], [3.6786474102693125, 51.621721177725654], [3.6769095974373416, 51.622492120268205], [3.6726294187624906, 51.6224102379493], [3.6682725739615143, 51.621369224880524], [3.667640041263642, 51.62186920025437], [3.673291462037686, 51.6232397360225], [3.6825260649802862, 51.62340830270123], [3.6869766831002546, 51.62901139950023], [3.698051258773253, 51.638875442429125], [3.697290049309573, 51.639660908415145], [3.697191432308574, 51.64098449881886], [3.6984550156723697, 51.64261620786585], [3.701558958734667, 51.64390682707274], [3.7038801968133357, 51.64410022304535], [3.7034672768844348, 51.642784359078185], [3.7016677004221648, 51.64308962254661], [3.698396977422778, 51.640471482200915], [3.7015779289776027, 51.63772483651644], [3.7031889442358996, 51.6376395279739], [3.7072857478102117, 51.640433745358955], [3.705273728746553, 51.64190057546439], [3.7054708722662184, 51.64256539393231], [3.7082625823879924, 51.64346245791562], [3.713734805127168, 51.64240122538009], [3.719249412417446, 51.64875702762055], [3.7189573404593674, 51.65033115909224], [3.722226020176426, 51.65033758701783], [3.7222350390039516, 51.65033760477302], [3.7211285409976287, 51.64922856546483], [3.7198546045167955, 51.649134658626735]]]]}, "properties": {"type": "boundary", "gemeente": "Veere"}}, {"type": "Feature", "geometry": {"type": "MultiPolygon", "coordinates": [[[[3.7029764526175857, 51.450044568040035], [3.6963935001954766, 51.445851447895016], [3.7027445722669103, 51.441400923349065], [3.708545123935511, 51.434702010663], [3.6919777225705595, 51.444065082088926], [3.6852326644043076, 51.44700894336339], [3.679697038601164, 51.448890113300614], [3.6783396979826875, 51.4486300701914], [3.675662336323303, 51.44675533326374], [3.674925344477933, 51.4468430584445], [3.677837110831609, 51.449257621772404], [3.679039501408643, 51.45125169752163], [3.686448229313642, 51.45728248783908], [3.6907077293036115, 51.45671312945216], [3.704650071532568, 51.450304371839984], [3.7029764526175857, 51.450044568040035]]], [[[3.711109741882164, 51.46546524936022], [3.713248042540544, 51.463402093788034], [3.7148832760382287, 51.463636031460744], [3.711235551287095, 51.45773754030205], [3.710280611564221, 51.45462002926796], [3.709646840819909, 51.4548003196592], [3.705264906675085, 51.45319405930996], [3.6927092274870286, 51.458755902188464], [3.693296809969865, 51.45969703384473], [3.709006339712334, 51.46560619460218], [3.711109741882164, 51.46546524936022]]], [[[3.7064508509286718, 51.47868989273749], [3.705627711153934, 51.47694838074126], [3.7044122580806067, 51.478238892397115], [3.700666709571316, 51.47686807140451], [3.7026310438851597, 51.47481225033845], [3.695679813526754, 51.471115040204594], [3.698394274577829, 51.46969173353986], [3.7062998693605325, 51.47095721242884], [3.706769018848871, 51.47045189067294], [3.7033692390171056, 51.46739932090055], [3.6861462438094597, 51.46092873052675], [3.6854332493883986, 51.461299506555875], [3.6840472045771833, 51.4625649390596], [3.681556327796696, 51.46254143293628], [3.6786391166434496, 51.46075734640544], [3.678952060649954, 51.460273332587526], [3.678138905692946, 51.4600257409508], [3.676406369390586, 51.462141936200496], [3.6728817957624402, 51.460980362944646], [3.6756143917776902, 51.457579247258714], [3.6731153965534897, 51.45714001827917], [3.6713155867260414, 51.45916028036825], [3.670039402210455, 51.45891069170508], [3.669565609094295, 51.45944850232667], [3.664488792754425, 51.45782494273656], [3.6626877544842054, 51.45889835854063], [3.6621534235605577, 51.45854775902956], [3.6584778430790115, 51.45688728274244], [3.6561586072921575, 51.45314415263297], [3.656608331928276, 51.45269831564276], [3.6596915404485877, 51.45259183058107], [3.6672352556784293, 51.45008310804093], [3.6667564539130604, 51.44951738050112], [3.6603992507372034, 51.451800280375046], [3.656306989670889, 51.45206171561666], [3.651387626767899, 51.44950701750332], [3.649733146286427, 51.45028190585121], [3.6468552169880453, 51.44972251592392], [3.64163052082861, 51.44756009417916], [3.641391649722417, 51.445065262262446], [3.6400296006956863, 51.44352290293752], [3.632281284751479, 51.441549778622274], [3.6293210525583532, 51.44145671659685], [3.6261911861295673, 51.44225605671106], [3.6232678329710675, 51.44109846457633], [3.623089093869861, 51.44145462113266], [3.6226245066488736, 51.44143365382445], [3.6225919591117623, 51.44104854688631], [3.618590371482282, 51.441614723408584], [3.614055930649117, 51.44095579581671], [3.6091050060079684, 51.44022687744825], [3.6019218240128663, 51.443144531108125], [3.6005235605014825, 51.451856560597356], [3.596861871080079, 51.45166691912248], [3.597384153665582, 51.44601424875381], [3.5971470378692874, 51.444593579979845], [3.5972432755023456, 51.44381143144866], [3.598737148313568, 51.44327384939042], [3.5986918974790303, 51.4432187729559], [3.597125796692277, 51.443719326542826], [3.5970327237031428, 51.44361990816299], [3.5976274733279165, 51.44337117773521], [3.598040603397282, 51.44315809789368], [3.598020905125158, 51.44312399837827], [3.597514894958975, 51.44321296571943], [3.597213767035203, 51.442621871658226], [3.5969879296692002, 51.44248130518751], [3.596358226226549, 51.44246885148115], [3.5970242481929597, 51.44205299875991], [3.5964342888418575, 51.44156885337993], [3.600467660397477, 51.440237235231635], [3.6009262126420962, 51.43972332998336], [3.598848884993839, 51.44005766712249], [3.5975388867779747, 51.440754546994505], [3.594958615312021, 51.44013449174808], [3.592715229067139, 51.44112638250214], [3.5899173138011937, 51.441470476894146], [3.5829557297542176, 51.44043221555086], [3.5822268459693523, 51.43965881311206], [3.581719472396387, 51.43958500432857], [3.5799501954902153, 51.440650366121254], [3.576288737886776, 51.439850486323046], [3.5758391792746886, 51.440342758154785], [3.5751889791884874, 51.43993433393489], [3.575863957516609, 51.43958403812106], [3.5760600655485777, 51.4382298519776], [3.5757601505889074, 51.43818906694829], [3.5750118375860405, 51.43904952373685], [3.5691178637287186, 51.440524786876516], [3.5678996808072965, 51.443226510791064], [3.5593361227981197, 51.44843339381936], [3.5558860989958334, 51.44964247032244], [3.5549217991784237, 51.44985417619153], [3.551739773687376, 51.448898250890025], [3.5512803491262748, 51.44936783421413], [3.5517896428358524, 51.44947950381031], [3.550484759447473, 51.450761333550496], [3.548111046243335, 51.45192290957609], [3.5476932895443136, 51.451599993174106], [3.542224724905291, 51.45437349913988], [3.533823847367654, 51.458308684947234], [3.526629866091109, 51.46292403701948], [3.5281414736548102, 51.463743553642544], [3.5398073703000072, 51.46549891285072], [3.544348091914999, 51.466500054367316], [3.546596042254511, 51.46758047971468], [3.5482796888807253, 51.469427046991555], [3.552763319202624, 51.470956124590195], [3.555134806865911, 51.46790575895405], [3.5569287001384633, 51.468050853151134], [3.5602275251655966, 51.47111466816533], [3.564569247068564, 51.47043033712475], [3.566322799621987, 51.47296648702495], [3.566059758892047, 51.478249300164045], [3.5705171523157695, 51.47689261296598], [3.574301107840607, 51.47743466716566], [3.575704448716458, 51.474447827536665], [3.582344102480548, 51.47581259575733], [3.5839251853468963, 51.47845817574316], [3.5869807958800637, 51.47925390007055], [3.5894233964434044, 51.47980404946649], [3.59031043125233, 51.47865916576108], [3.592598456950319, 51.47758857959762], [3.5970103552090937, 51.47709628382366], [3.5968687072255743, 51.476439942176754], [3.597742231048126, 51.476300263410074], [3.598225471557582, 51.47572953323764], [3.5984286952308673, 51.47554910677983], [3.5996607930844475, 51.475295046360216], [3.601762519309519, 51.479326728235485], [3.604967299995524, 51.47825999552246], [3.6087524654259253, 51.47563634713568], [3.6177307619378603, 51.47775541405815], [3.6216577937560004, 51.475484938406176], [3.628980490189103, 51.480755495251934], [3.636627027847828, 51.476828810368275], [3.6483515814091976, 51.469845461987674], [3.655001057433953, 51.468331297729264], [3.6615469588735707, 51.46834362957764], [3.661829262980236, 51.46838310804562], [3.6675030892748057, 51.46982284576452], [3.6854187926013044, 51.47699897405169], [3.6956993566118266, 51.4810015570511], [3.7036496153863774, 51.482270673653915], [3.7064508509286718, 51.47868989273749]]]]}, "properties": {"type": "boundary", "gemeente": "Vlissingen"}}, {"type": "Feature", "geometry": {"type": "MultiPolygon", "coordinates": [[[[3.934033128662482, 51.73574887477147], [3.931194819539132, 51.73486791126315], [3.914060106379783, 51.73468147559422], [3.912695222837178, 51.73404712195972], [3.9112565492431983, 51.73529774053721], [3.9111897104186095, 51.73712706092944], [3.9144886990318644, 51.73934255007716], [3.9190650519467, 51.73941688490154], [3.92641854200152, 51.73839443841901], [3.933735547265109, 51.736285253705205], [3.934033128662482, 51.73574887477147]]], [[[3.9525518246351883, 51.74674981786605], [3.9551515657876735, 51.74598937539446], [3.95985097309457, 51.74658897024223], [3.962218785218735, 51.74605602379577], [3.9598772131882027, 51.74427834959603], [3.9505469949773255, 51.74129347946674], [3.950217469372771, 51.740617211251745], [3.9491662995340064, 51.74132928997564], [3.9492499456312964, 51.740236054578375], [3.9486011105404484, 51.74004891234472], [3.9478820700126978, 51.74052423767637], [3.941898244343426, 51.73968126049581], [3.9382086313865385, 51.739960636180065], [3.936903403494709, 51.74335819024841], [3.9370297000356334, 51.7458041456788], [3.94272123682737, 51.74689847171113], [3.9525518246351883, 51.74674981786605]]], [[[4.01573040474371, 51.72627858191976], [4.013034373565795, 51.725231962303205], [4.006476411130483, 51.72532869343187], [4.003017336940381, 51.7265670234523], [3.9975783968451335, 51.732167623847374], [3.9947848720378594, 51.73901778912944], [3.9907918617538325, 51.7449076754305], [3.9819102861393723, 51.75151306612545], [3.978004112804154, 51.75258107114638], [3.9798715326049208, 51.75472827490577], [3.9823889865982696, 51.7563535484622], [3.992222413245585, 51.758312000389], [3.995430873770269, 51.75839925892512], [3.997339372923208, 51.75785985221285], [3.995982420859939, 51.75494146254841], [3.996155067717467, 51.750772005099556], [4.0028010296700955, 51.7394198118829], [4.008057705289427, 51.73382843660734], [4.0163927180816374, 51.72912041176393], [4.01573040474371, 51.72627858191976]]], [[[3.842478597968935, 51.75630472608543], [3.8399764058034274, 51.75514599849096], [3.84198458343955, 51.75335558172943], [3.8415762427405684, 51.75225293052587], [3.8376658363943683, 51.750135389757524], [3.837305258567853, 51.74933172269913], [3.8353967178855624, 51.74987609052659], [3.8403954049385174, 51.752501433557896], [3.8405591697439143, 51.75333106927188], [3.837459112277548, 51.75527931988518], [3.83107588525714, 51.752418209354616], [3.82991870940946, 51.751298202497395], [3.831922978307007, 51.75042001409006], [3.830791521191135, 51.7492808639409], [3.8274862733849386, 51.748943681029225], [3.827095435482404, 51.74767179671379], [3.8277273573018635, 51.74737087112844], [3.8260214410388214, 51.74038102197127], [3.8267395094141086, 51.73957503219453], [3.8258898584278604, 51.73948761470185], [3.8257955847927057, 51.73884750852792], [3.830109209618947, 51.73946795132167], [3.830783343828219, 51.74005344132378], [3.835933414050023, 51.738847091686544], [3.8388147584965906, 51.73925707176189], [3.8420712869859504, 51.738760091799776], [3.8462902678062774, 51.740470567550354], [3.847052992877687, 51.740142346167936], [3.844850060585005, 51.73965759541391], [3.8447693885098793, 51.73916010485425], [3.846324512121638, 51.73882962074166], [3.8472386710945887, 51.73915913681221], [3.8469215152075833, 51.738642517203466], [3.8499967327956295, 51.737507717810175], [3.8514373521393153, 51.73860404975083], [3.8472068425100807, 51.73974244090577], [3.8477045947877677, 51.74013203635514], [3.8547151959446517, 51.738480242250716], [3.873272021875033, 51.741525957153755], [3.8875249820895794, 51.744231380447694], [3.8897339347998257, 51.743499734380315], [3.891552809429915, 51.74381406445122], [3.88947031388281, 51.742955032305495], [3.8910972830875776, 51.7401212482579], [3.8938779637898486, 51.74035997595422], [3.8945325201595233, 51.74106387027241], [3.898826492358378, 51.74003883795761], [3.903702664945262, 51.73767265835122], [3.9033661673183295, 51.73689778003193], [3.906840408543888, 51.73312924886753], [3.9088884419574494, 51.732884074679355], [3.911136627288598, 51.73188292217193], [3.9129675806281417, 51.72971505555617], [3.9128256601200277, 51.72925496463912], [3.912251851880153, 51.72962954428118], [3.9117538402937546, 51.729357291696594], [3.9137403848970846, 51.727511114197256], [3.915337813639391, 51.728339381517856], [3.914945228403432, 51.728593870161085], [3.9134021371125756, 51.72974417595437], [3.9138855208380945, 51.73134643062323], [3.918906565616076, 51.731999302659794], [3.9206962415650715, 51.73145864714769], [3.9217881051156365, 51.73182253454024], [3.926864521309969, 51.731620347240536], [3.9432335582677895, 51.734309332015634], [3.9441928665813006, 51.73335334291074], [3.960914567834017, 51.73344046721495], [3.9646812037755135, 51.73407464211521], [3.971299256994555, 51.73361806805013], [3.973331916310902, 51.73287172719241], [3.9702047641300307, 51.726702052678775], [3.9717982196722468, 51.726506240988364], [3.9747131802873, 51.7318416036044], [3.9787440902765803, 51.730289438854086], [3.979171587449871, 51.72954366811389], [3.9772379277508993, 51.72935939475333], [3.9795030674964402, 51.727240632645334], [3.9827346704618884, 51.725665065638374], [3.98296211532613, 51.7231699370192], [3.9847666544336375, 51.71996675258989], [3.982456089049193, 51.717740666088595], [3.9914779087094043, 51.713907543322165], [4.007069473445619, 51.703116550145744], [4.011281827092827, 51.69753469383121], [4.014882829015207, 51.68668927821025], [4.020940538481792, 51.684737886675734], [4.022284725631612, 51.68504170534618], [4.027067125430815, 51.68439422815172], [4.028125199006937, 51.68288351948872], [4.029934027280892, 51.68254569232508], [4.04043702541153, 51.68462082797203], [4.04424444434325, 51.68463834094862], [4.053337855688387, 51.68112816855981], [4.055477127726972, 51.679309917543584], [4.0644403661732005, 51.67757891807644], [4.06856179491572, 51.67520008879992], [4.071330974616439, 51.6749716002085], [4.076239046545014, 51.67592135853197], [4.0779461070348635, 51.67517612778206], [4.074358087543513, 51.67413131561543], [4.074331546426995, 51.67360008141532], [4.080776734636607, 51.67094561828222], [4.083051855562893, 51.671874491126296], [4.084023625699793, 51.67157139926838], [4.083169180212643, 51.670506361904216], [4.086625748177365, 51.669166321722855], [4.08830655539556, 51.670790367431046], [4.088799831409719, 51.67066003194841], [4.0873705778296, 51.668877543492094], [4.091705240226857, 51.667083976911634], [4.109083983849186, 51.67762126322926], [4.114175221987195, 51.679289902649444], [4.114824029437135, 51.678734872186354], [4.120566694396612, 51.6796067141857], [4.121774647872445, 51.679363734784104], [4.121187043071867, 51.6781216425517], [4.1225530046262815, 51.6774998225041], [4.124945155074504, 51.67768143411834], [4.125625117849532, 51.6786631499842], [4.128996057645701, 51.679606598867444], [4.128258381656865, 51.67854294007109], [4.130296218346849, 51.67796520933195], [4.131617352505502, 51.67886876271184], [4.136467556476873, 51.678605651598374], [4.137049229511964, 51.679574132566685], [4.144503487094137, 51.67916441151168], [4.148734062199157, 51.67973612388056], [4.155480090396233, 51.68341893721881], [4.157346806597937, 51.68249222771483], [4.156314807756293, 51.68116750789845], [4.155858004378163, 51.675557182797796], [4.163279339329207, 51.66770968227142], [4.17162513827981, 51.668264879751845], [4.1737649951139195, 51.66720250813037], [4.166233760814229, 51.66724956305352], [4.165853901520642, 51.66574843232691], [4.161812127592406, 51.6653015176888], [4.161912592441418, 51.6646592106205], [4.174813334189714, 51.665473028377114], [4.1801459001395544, 51.664266572880955], [4.18306995934742, 51.662980637206324], [4.177357281013486, 51.66456376145106], [4.164210691218336, 51.664228595639536], [4.163661201280445, 51.66292249095799], [4.1620190554120615, 51.66274023873356], [4.162201871790227, 51.660366643292676], [4.180393097741762, 51.66049774028632], [4.182739787409363, 51.66090067819655], [4.183451081101519, 51.659530936560806], [4.1827516422154165, 51.65940518863206], [4.181120362364233, 51.65997669758192], [4.178071241511322, 51.6593036296313], [4.17456140882829, 51.659315695577], [4.170688064667236, 51.660028687801265], [4.166889620146548, 51.659217691771026], [4.166066980491693, 51.65842597683471], [4.166466875530566, 51.656450714708996], [4.169213810108652, 51.65441893546039], [4.175313835659634, 51.65366394321737], [4.180427008911317, 51.65414335809719], [4.182424372481695, 51.65358325399597], [4.181012119160981, 51.64935717083446], [4.18728426034021, 51.64704832888604], [4.191397885325909, 51.64450254317662], [4.193453627132628, 51.642164956373364], [4.1941369665617305, 51.63903049332584], [4.193176161664855, 51.63876322886245], [4.190611042834385, 51.64352127146968], [4.184858734949896, 51.647174647533916], [4.177212384148225, 51.64962885119894], [4.174838787834438, 51.647380821316645], [4.172647471349243, 51.64714576029047], [4.156478349635719, 51.65381753085009], [4.155928935619756, 51.65442946656264], [4.159422173999048, 51.65790334712489], [4.157722969186264, 51.659103034747794], [4.156772522063385, 51.65905853234628], [4.152126090336977, 51.655191532389], [4.13779345220361, 51.65740136983761], [4.138593859407882, 51.65916797646163], [4.1466944005925575, 51.659428223725094], [4.157258122860163, 51.66056312798246], [4.157110473033718, 51.66225690432839], [4.155960878848071, 51.662295400141126], [4.155015999234754, 51.66372535158005], [4.152366326900972, 51.66393913404951], [4.143045169750615, 51.6636455056991], [4.137728020057193, 51.66178662321002], [4.137574975324376, 51.66198481791624], [4.143064673174388, 51.66386721561164], [4.160061720214375, 51.66462654759123], [4.1600238363807325, 51.66516106937379], [4.159266483330235, 51.66516601231217], [4.1591756725415285, 51.665553132518525], [4.155729661548058, 51.665541050678826], [4.1602624095299925, 51.66724549919822], [4.15958296773418, 51.669514042042614], [4.156019038062187, 51.6737389429961], [4.1537962243720195, 51.6757504486316], [4.151948140470096, 51.67619005799275], [4.149935503278036, 51.678374859914136], [4.1430168470379565, 51.675253716450975], [4.13886437251767, 51.6767561643251], [4.108878790238381, 51.67376705796601], [4.105057196557578, 51.672837451123755], [4.10469642565419, 51.67200397169955], [4.102231818839087, 51.670973071995896], [4.100634249524257, 51.671163055888414], [4.095336720508238, 51.66746905335318], [4.096672511234442, 51.666585802688545], [4.095486553944234, 51.665806902703316], [4.0946954446473205, 51.6661964378662], [4.094177501936745, 51.665823803526976], [4.098254499184717, 51.66415416806261], [4.100414729764705, 51.663140151463246], [4.100234637358232, 51.66297351958147], [4.098506881777413, 51.663705050928655], [4.098158452957623, 51.663382452370286], [4.10020875987882, 51.662514194313864], [4.101724123474388, 51.6607813332588], [4.105296458958349, 51.6581112818136], [4.101892310663631, 51.65398439543059], [4.102625327997202, 51.655554069412396], [4.10054076668529, 51.65614679867661], [4.097639849405129, 51.65285909667133], [4.09698307723343, 51.65191561948296], [4.098901873686616, 51.65099379498267], [4.101086259748287, 51.65308006993881], [4.096566742910061, 51.647543462002005], [4.090556570597447, 51.64396902344349], [4.083859926044775, 51.64255335794565], [4.071030830034228, 51.63248990004551], [4.062819774238862, 51.62922589620765], [4.057172424423669, 51.62805405874534], [4.049834847863648, 51.631232443159405], [4.038789864212011, 51.62733096454015], [4.034668388774445, 51.62495420290745], [4.029244645385897, 51.624603478191105], [4.016093244867912, 51.62060950042831], [4.010286216507525, 51.6179297040922], [4.006900102577338, 51.61749740568786], [3.9917235215556306, 51.61816957832176], [3.9859187374553215, 51.61486047255065], [3.9680608317093986, 51.61434993520713], [3.962152490263926, 51.616508326657986], [3.961671698938712, 51.61745690691632], [3.948577431085411, 51.6252744413182], [3.9466305126261028, 51.624944393276074], [3.9400558148420277, 51.63438505338376], [3.937416414046393, 51.634653035613375], [3.9381777678770584, 51.63582815464642], [3.935434883876291, 51.63603719722883], [3.929869068634513, 51.62963824806872], [3.9282800704142615, 51.62871615758126], [3.9255269422411745, 51.62828113349539], [3.926366247252137, 51.63055623424121], [3.9193608133197193, 51.63068519270006], [3.917837381732005, 51.62861852550802], [3.9143785149324404, 51.629211403710656], [3.8707310557771955, 51.597037737407916], [3.8705491418542337, 51.59708084524914], [3.914195133398579, 51.62924345035433], [3.896985388754253, 51.63224940681404], [3.8954779034666207, 51.63331756074468], [3.9074645153420184, 51.640004277280816], [3.9194790402138264, 51.64651521715804], [3.9248210307476734, 51.6466515950685], [3.926393865852011, 51.64722618716716], [3.928866514276948, 51.64760595956958], [3.9305796961481994, 51.647625158695774], [3.9335859766835077, 51.64840050068024], [3.933288275707277, 51.64853706185993], [3.9328141043360367, 51.648753204252536], [3.932147278322961, 51.64834907185047], [3.927279144206506, 51.64756163646516], [3.9263188276091623, 51.647706510862285], [3.926109862781423, 51.64749121475481], [3.924948808582422, 51.6471176705595], [3.918814085690394, 51.646942426861976], [3.917071234533217, 51.64610073966925], [3.9111080109067955, 51.642857266273154], [3.91114078249955, 51.64234910532456], [3.910858766574123, 51.64219498001735], [3.91009013169142, 51.64230355245918], [3.907014798797135, 51.64063047384221], [3.8989436347357587, 51.63635998466336], [3.897941979612884, 51.6367211002045], [3.8935859898490666, 51.63352448145525], [3.890362197442478, 51.6328022636304], [3.8901237916530294, 51.6314441213154], [3.8896524581578755, 51.631600477809386], [3.8906866895489274, 51.64319912980697], [3.8855852165167204, 51.648562352714386], [3.887245575666319, 51.64987694251399], [3.884953252363265, 51.65640069335951], [3.880833685595677, 51.657436980357176], [3.8756747215214693, 51.66316494356382], [3.876838107238567, 51.66706786769551], [3.867584471823962, 51.6732781572246], [3.857437415716776, 51.678236396270144], [3.8489290664206948, 51.67621708088985], [3.8466793033414426, 51.6766538352244], [3.842542388860653, 51.67852649446143], [3.82450963913937, 51.68352359357984], [3.8203968279197684, 51.68444017471369], [3.8180152372240883, 51.684330900552304], [3.811840652366375, 51.687168508473945], [3.8121204702976947, 51.687362159976104], [3.8181489910448976, 51.68469916921121], [3.820562926603987, 51.68476142914308], [3.823465707913223, 51.68420318544157], [3.8255634844646313, 51.68764746004855], [3.824635506907275, 51.69092698847259], [3.8175505867095776, 51.695964972456125], [3.813213189278352, 51.697261736853], [3.8074363047665436, 51.69729963779217], [3.8002026634734203, 51.696292357814876], [3.7983877506622683, 51.696787068141326], [3.7933474123517987, 51.69566449416507], [3.7895136386313277, 51.6934328841508], [3.786292967493504, 51.68895301519484], [3.787644850993019, 51.68801130264861], [3.7930443557902978, 51.68969126649981], [3.8042211187530284, 51.69105838438878], [3.8060122972581056, 51.690184654859046], [3.805689453787316, 51.68993897975625], [3.8039459625110257, 51.69069762239137], [3.7930901672542787, 51.68932722274671], [3.7819590746341185, 51.685934334457706], [3.7703700075817688, 51.68075029297049], [3.754308961693961, 51.675372218972356], [3.755143636476531, 51.67423317814219], [3.758363133106268, 51.67529730655523], [3.7572457019170975, 51.67368983108715], [3.74968821217552, 51.67240642787692], [3.7460903631767604, 51.6734867214632], [3.7355864647111523, 51.67154365955815], [3.724598357122458, 51.668532147747754], [3.7251439572767997, 51.66615044805184], [3.723583185207494, 51.66582996204912], [3.723596917308797, 51.663503574457785], [3.722718590899566, 51.663326793575386], [3.7231689806978543, 51.65597245711477], [3.7244394266572822, 51.65541514236056], [3.7294051325038637, 51.655117729950796], [3.7292135621362084, 51.654518623494674], [3.7283017852160083, 51.654410599305244], [3.727436481834125, 51.650328323757776], [3.7222350390039516, 51.65033760477302], [3.722226020176426, 51.65033758701783], [3.7189573404593674, 51.65033115909224], [3.719108119710807, 51.650944544980156], [3.7161391922525895, 51.652543403010114], [3.7150574989498026, 51.65383255141771], [3.716840447252194, 51.655195080075195], [3.72111521551464, 51.65533336993772], [3.7225833402658037, 51.65597570266887], [3.7223927522138873, 51.66321808483764], [3.7194845310147566, 51.664974893096705], [3.713789877190284, 51.66595114242533], [3.7102101441134714, 51.66648354937451], [3.6993337563275692, 51.67153540061063], [3.689490772990796, 51.67810632175593], [3.6819226939324654, 51.68771174929514], [3.678964490516066, 51.69842544984357], [3.679267609836861, 51.707122792003354], [3.6816737961482615, 51.71227543814079], [3.68876494331058, 51.7198613998628], [3.7162864592349347, 51.73604924050582], [3.724302001225321, 51.73935061981769], [3.7258092686570112, 51.73795433899352], [3.7100447147893276, 51.73060814000843], [3.7202811690806974, 51.73224598291092], [3.7370110046140086, 51.73607801506035], [3.728952739829568, 51.736024606821815], [3.7268899012766243, 51.73732266947386], [3.7421745770179644, 51.73726013688008], [3.7602161552865567, 51.7415046380485], [3.763746052661602, 51.74255908322442], [3.7712629986037833, 51.74337730289293], [3.789417220162946, 51.744108506349114], [3.798719690154223, 51.74375443566897], [3.8133668707747526, 51.74053774991502], [3.819840184824966, 51.74132499495599], [3.8233668329911255, 51.744273564453145], [3.8238367895680248, 51.746535298993585], [3.822129735229624, 51.74751562398662], [3.8228777445899045, 51.7500802885261], [3.825411847985023, 51.75105671765234], [3.827106459622358, 51.75293615404297], [3.8312449750717135, 51.75561651448081], [3.8391951314618415, 51.758230310320315], [3.842478597968935, 51.75630472608543]]]]}, "properties": {"type": "boundary", "gemeente": "Schouwen-Duiveland"}}, {"type": "Feature", "geometry": {"type": "MultiPolygon", "coordinates": [[[[3.779523447902929, 51.549671789354406], [3.7783954132887727, 51.54863248139283], [3.771744206147902, 51.55135044243572], [3.7726460891112925, 51.551998972284174], [3.779523447902929, 51.549671789354406]]], [[[3.8077936421963083, 51.60552195032199], [3.8097721767935693, 51.60501829147099], [3.8126633322098855, 51.60547274416544], [3.8201957798442043, 51.60248477231722], [3.8348339167718315, 51.60570885476429], [3.835146761311054, 51.6050747867041], [3.8389263511893765, 51.60505543617933], [3.8389324645171707, 51.60585822783314], [3.8401144375393375, 51.60442267478956], [3.841141293080442, 51.60359438019503], [3.846710203751716, 51.6035512153186], [3.8488300146518237, 51.60429917950797], [3.8502977429193805, 51.60409266212015], [3.850300431302779, 51.60377542911392], [3.8488286815761152, 51.60388860589927], [3.846907837687406, 51.60314972844089], [3.8427972712732337, 51.60316348405884], [3.841543146107873, 51.60275138024628], [3.8422566563237264, 51.60196722153457], [3.842966884484841, 51.60216805895978], [3.8453545048865574, 51.60215197675592], [3.846342772303616, 51.602548526866954], [3.8505511609309093, 51.60242990398368], [3.8509851071038375, 51.60372934076838], [3.8515132936169243, 51.60350938270175], [3.8514284151730025, 51.60211009731036], [3.8559102826570473, 51.601016011437565], [3.8619391837427144, 51.60018515729688], [3.868721174475293, 51.59572676053217], [3.8705491418542337, 51.59708084524914], [3.8707310557771955, 51.597037737407916], [3.868897248098879, 51.595598815364156], [3.8732513336113397, 51.59233276810752], [3.875879717920879, 51.589239249241466], [3.881044476736134, 51.58095171620054], [3.8881527315671023, 51.57502635647046], [3.888995075113149, 51.57440791968726], [3.8904641255154284, 51.57466576799633], [3.8913495265040936, 51.57627174854728], [3.891679795243855, 51.576274562373236], [3.892514426592431, 51.574585024097104], [3.89429414165106, 51.57457667045202], [3.894201969271487, 51.57433798938942], [3.8921369524116236, 51.574257384125595], [3.8887678618218, 51.573589566353675], [3.889326797216837, 51.57221217082081], [3.8928396825390985, 51.57266433002788], [3.8937018774537493, 51.573215739754474], [3.8939795049962553, 51.571730165998254], [3.8935345945047315, 51.57162911554665], [3.8930795611775224, 51.57241754880423], [3.892388291126387, 51.57221336239625], [3.893304366398879, 51.56835925056453], [3.8965901552457827, 51.5642726914643], [3.8976461611380655, 51.56356605950981], [3.8988442574665347, 51.56426074362695], [3.8996252821153905, 51.56323350163314], [3.8969367927811085, 51.56264881289401], [3.8968984711818733, 51.559974509054214], [3.891988048985997, 51.55798712718594], [3.872662692326191, 51.55524567789584], [3.871515734170527, 51.55348108770371], [3.871447994598623, 51.552067227775005], [3.8646435561110373, 51.54680433982489], [3.86549638707784, 51.544844154795264], [3.86800164612306, 51.544936108608994], [3.8710255585300564, 51.5446474764864], [3.8710166877360384, 51.54444422925918], [3.8679895035325615, 51.5447184902679], [3.8660548993939394, 51.544536859044726], [3.865213465197289, 51.54415028883319], [3.8659272107307867, 51.54385386214461], [3.868491077754049, 51.54386540902297], [3.8684768303776034, 51.54374819768187], [3.866228507260917, 51.54334707840923], [3.866860709426252, 51.54170796242822], [3.8662765241475125, 51.5416313517818], [3.8651170239185983, 51.54147706489546], [3.864573669016731, 51.54300183152482], [3.8616763204916413, 51.54304763206737], [3.861613649931057, 51.54332401186506], [3.8622011169153683, 51.543447253089276], [3.86204023614011, 51.54412059463046], [3.85909372322198, 51.543849454251365], [3.8588637880754204, 51.544387848828165], [3.8537400840228573, 51.5444174862707], [3.846792020997795, 51.549182072148135], [3.8445660111776006, 51.54974154610838], [3.8445244145905733, 51.551511043146114], [3.8368029970161546, 51.55591956113028], [3.832882251673409, 51.55630418114147], [3.82557382349329, 51.555540203214676], [3.8253113040425855, 51.55570722332461], [3.825183484824502, 51.555707673708184], [3.8247969872547016, 51.5550827800107], [3.8175829328365114, 51.55393250423438], [3.8171349928922185, 51.554075057377226], [3.8157958156779745, 51.55370437792645], [3.815201746053744, 51.55359695201121], [3.8149904950575544, 51.55350587267596], [3.815105300380971, 51.553355723093745], [3.8143272799758057, 51.55314460686822], [3.813366929908937, 51.55260576557121], [3.8135436638182854, 51.55186016218826], [3.813093592492926, 51.551449377437564], [3.810769263325916, 51.554450089401534], [3.809176396046552, 51.554053859725435], [3.81152573041259, 51.550770251266435], [3.810152282757549, 51.5506119532165], [3.807528703080944, 51.552910581343404], [3.8074465102400694, 51.553336873290675], [3.8072047986415365, 51.5534464042629], [3.8070304857620183, 51.5541768562023], [3.8073337634943876, 51.55442883101574], [3.807243752299701, 51.554572488466206], [3.8056980500328774, 51.55459307628698], [3.8055253575661463, 51.55466559876191], [3.8053557982491055, 51.55495132821271], [3.805110006580276, 51.55495326389644], [3.8050786496933204, 51.5548170989934], [3.804977523399088, 51.55481572274493], [3.804978044368307, 51.55465632208413], [3.8051617741193624, 51.554635339853185], [3.805220382116811, 51.55450163253627], [3.8050882627509623, 51.554435178339034], [3.810116157161777, 51.54980563158824], [3.808868489683833, 51.54985445985004], [3.8078285328578714, 51.5492747974491], [3.805926952410886, 51.548026679487194], [3.8035479862247117, 51.54777428362155], [3.7966831214421664, 51.549281564480474], [3.787398661245561, 51.550536110471015], [3.787042607804979, 51.55003376835241], [3.7750940057290774, 51.55440875559901], [3.7618597572048063, 51.55501611828538], [3.7618732714966274, 51.55447849179744], [3.760365646039986, 51.55508459217352], [3.736427710358282, 51.54680899972325], [3.729976000955364, 51.54214752940317], [3.7147785657221606, 51.5354941552377], [3.711912825775394, 51.533428981108756], [3.7058596123828984, 51.52668041895104], [3.7044998497395736, 51.526025248008814], [3.702976532245365, 51.526133304906736], [3.7004064943355672, 51.52773619795234], [3.6983754773971516, 51.53450006704703], [3.701699763023127, 51.54178495954531], [3.698917370367777, 51.547308608753006], [3.6884609423325063, 51.55609115139452], [3.6918048550328684, 51.55773025362098], [3.695998435285092, 51.56210024914547], [3.7006606557783934, 51.566360376598595], [3.700201691425535, 51.56659161846276], [3.697917821423525, 51.565195056645145], [3.6953344758987665, 51.56213583743995], [3.6920017070788975, 51.55860973967531], [3.6912445567817733, 51.558883892874384], [3.6888281929872457, 51.557821654068306], [3.6894201124473534, 51.55709627351419], [3.6863570902590155, 51.556910419070526], [3.677837130508246, 51.56059928290623], [3.671880323061331, 51.56465928824277], [3.6637676170534754, 51.567198760312216], [3.6550370993122523, 51.569309760128945], [3.6532877539027515, 51.570024119269085], [3.651307636664984, 51.57192809296602], [3.6499824820822764, 51.57476212455536], [3.6500740261133218, 51.576370894449724], [3.6457586604282106, 51.581441033996605], [3.6439573753481334, 51.58497168364597], [3.6443356630383463, 51.58658489411137], [3.6464716873016654, 51.58727875463747], [3.6457357796559067, 51.589008440834526], [3.6408779425279567, 51.588435917052664], [3.634915216808766, 51.58689246357304], [3.6336251329706744, 51.589397419598605], [3.666782944727278, 51.59522945311725], [3.6807554613553055, 51.60009793697137], [3.683128480663276, 51.60076306944706], [3.684641140086713, 51.59777707596104], [3.6880265176953926, 51.598500897336464], [3.688365109621738, 51.60016590845323], [3.6898232664858543, 51.60001558200255], [3.6896006566585124, 51.59796953693731], [3.6929256438974405, 51.597758174422296], [3.6992859370598477, 51.59942161393883], [3.7002427188784295, 51.59815283232809], [3.7084434007403084, 51.59493388228032], [3.7107199563714266, 51.594761292446655], [3.7193097700347058, 51.59565654833029], [3.719647384581276, 51.59536901301489], [3.713280257534618, 51.59433590961616], [3.714745989608598, 51.591898033075665], [3.7167528571881934, 51.59140553805493], [3.7205699931122016, 51.59177114076967], [3.7204536273076116, 51.59298478403646], [3.7263458534902476, 51.592324104195775], [3.7300546687311398, 51.592679017920574], [3.7368254346405614, 51.594994813789064], [3.7417236115934154, 51.59440718372152], [3.7448606473123496, 51.59693444076206], [3.7485905640206667, 51.59743492120893], [3.7592711043793186, 51.5970898196725], [3.761540792281843, 51.59898221441408], [3.7612030651474604, 51.59961325257696], [3.7744611546965583, 51.59718945953331], [3.776453327514208, 51.59814316808572], [3.7788912481181467, 51.60119157904344], [3.7805689948771084, 51.60193617879911], [3.788002728350978, 51.60194921244038], [3.79479447376913, 51.60273569312511], [3.796548262405687, 51.604239375246905], [3.798055886574353, 51.604272543855025], [3.7994439698093743, 51.60492224505109], [3.7992584477292635, 51.60535543163576], [3.8004905335326127, 51.605412071043624], [3.8077936421963083, 51.60552195032199]]]]}, "properties": {"type": "boundary", "gemeente": "Noord-Beveland"}}, {"type": "Feature", "geometry": {"type": "MultiPolygon", "coordinates": [[[[3.5194371775501385, 51.40749206943468], [3.545672279404293, 51.405307201341024], [3.547678642836433, 51.40516833700209], [3.5498448792542336, 51.40615377878799], [3.5510000210206734, 51.40595201867723], [3.548271593107402, 51.40344773278479], [3.5465243280605416, 51.40352273259059], [3.5473682588955024, 51.40186513281464], [3.5471250583040095, 51.40163991781387], [3.547764294963344, 51.40131603605776], [3.548093984660196, 51.40151974196077], [3.5509133105064734, 51.40073716470207], [3.553630304904901, 51.40367661942851], [3.553062596298475, 51.40458142501311], [3.553286573170408, 51.404696327185654], [3.554021777027114, 51.40377570191262], [3.5526078096316187, 51.40138611390349], [3.558579773093907, 51.40019279487433], [3.5678617357596942, 51.40061643735721], [3.562687388935199, 51.39668725250964], [3.562766642016746, 51.39606251937167], [3.566298885496651, 51.39846449274475], [3.5670071869353004, 51.39776319588123], [3.5645008475187816, 51.39571647017192], [3.564677843357081, 51.39531897898801], [3.566231862868151, 51.39532721213498], [3.5676984980896025, 51.39648109729818], [3.568438698705972, 51.39654211144625], [3.568592857019348, 51.39519023535733], [3.5700893283336756, 51.39511258202048], [3.570340776307375, 51.395754265504216], [3.5707280913384043, 51.39574603041299], [3.572082072788688, 51.39490543927843], [3.5734896582976674, 51.394907548928], [3.5743858392151573, 51.395662708824574], [3.5683094645764144, 51.39864016716512], [3.568245581965636, 51.39924902142434], [3.578324211985839, 51.39386440909667], [3.578147482339345, 51.39259236797131], [3.5848188228145497, 51.38789867065287], [3.5891707634861336, 51.386722972141705], [3.6069424468452014, 51.385182849661774], [3.6077542876025617, 51.38375587580052], [3.614182760710084, 51.382484282236625], [3.615770630686618, 51.38052886448297], [3.6233756867727274, 51.37902312960579], [3.640755213177143, 51.3759041101483], [3.6521862438435746, 51.374706602992596], [3.6624343882877413, 51.37370796278399], [3.6658732811330714, 51.37465359497592], [3.668488161728319, 51.37426040703877], [3.672169033323653, 51.37275873591445], [3.6873980613738535, 51.37125900818893], [3.690981580962714, 51.36757221973357], [3.6909666820515805, 51.365894778699264], [3.6930517291613967, 51.36528798359772], [3.693815451528739, 51.352474222896944], [3.689815772446336, 51.353351108123704], [3.6878462461135197, 51.35557728857401], [3.6823875065782152, 51.355273569392025], [3.6823102627412982, 51.35343383623171], [3.659399500908756, 51.35113563143079], [3.659035275526633, 51.34994375423117], [3.654197862323565, 51.34839060049086], [3.649548407829041, 51.3489975787245], [3.6472435610511744, 51.35004910684855], [3.6495993755014924, 51.34273526692967], [3.644233271011354, 51.341741849521235], [3.653311093966446, 51.33175053772158], [3.6579734007621467, 51.333350970539314], [3.6599924730672937, 51.324887389738024], [3.663828911128522, 51.32523941072363], [3.666205341120905, 51.319812270180705], [3.6862847416945916, 51.32159935763887], [3.689408466480222, 51.3203019340523], [3.7038464438586196, 51.31837126836833], [3.7124096784926066, 51.31579130389412], [3.7035834359514332, 51.30994383531557], [3.707144312935424, 51.30663706298141], [3.7040306342697655, 51.30247982405398], [3.7066117287802185, 51.288826742506714], [3.703559973746232, 51.28698845341854], [3.7014261588224273, 51.286749166739924], [3.6988837911425603, 51.28444669099415], [3.6939349012723377, 51.27603979753628], [3.68993355746415, 51.280609701602394], [3.682572971692464, 51.281091699148604], [3.677909828118094, 51.28053239084163], [3.6767578908066603, 51.28306535375029], [3.658101493116851, 51.29018922002261], [3.6444074034765928, 51.29011153480079], [3.643259207230098, 51.28869307900773], [3.640821657252561, 51.28808807494232], [3.6257115073564057, 51.293338953064996], [3.6212293691217976, 51.29276575934131], [3.6192113605466547, 51.29424786443029], [3.618569377950007, 51.29590953746873], [3.614718132549047, 51.29771948498414], [3.6126932285769335, 51.29794085882542], [3.5908337009866163, 51.304417142553625], [3.591782807636051, 51.30534055243088], [3.5898935364944013, 51.30582491711394], [3.5858313097591017, 51.30167556538523], [3.581114686546977, 51.298321896010485], [3.5879297031047206, 51.29296108881454], [3.5833868961373367, 51.292254860687606], [3.5826008638254123, 51.290759766169984], [3.583881339545433, 51.288885207998966], [3.5818138916302824, 51.2869131607964], [3.5798332012469225, 51.28876747333007], [3.5777706841950465, 51.288821731181585], [3.5761613390312914, 51.28800777042738], [3.5715326917283226, 51.29102805483209], [3.571943210957701, 51.29196408873511], [3.566484859174124, 51.29379229391971], [3.566197538307128, 51.294626983540496], [3.5627094996726387, 51.2958568450016], [3.559761260149753, 51.295455278261834], [3.5580798027163882, 51.29122115152404], [3.5562533675791514, 51.29036238728208], [3.555693931505868, 51.28979978490655], [3.5535889956052644, 51.289579361095356], [3.549815927656303, 51.29110229392209], [3.5434288313427023, 51.291198347310676], [3.542311753199377, 51.28800684327468], [3.5380055172239895, 51.28365676237878], [3.5336677450909963, 51.28348938327274], [3.5291320684353886, 51.28874430656618], [3.5154172210473456, 51.28715116150935], [3.517621597568125, 51.2805840887464], [3.5280141800375584, 51.24644107312844], [3.527596486262996, 51.2460408737021], [3.4846711056775828, 51.24326995439072], [3.4503881079847543, 51.24161500290469], [3.446958486042371, 51.24161036460845], [3.4444156012746636, 51.242099984755626], [3.444498879536966, 51.24269324895191], [3.4405359805511777, 51.243465916081064], [3.4323168280145917, 51.24560982577459], [3.4274818871408455, 51.24465739312595], [3.4253729244974145, 51.25087427051824], [3.424408383362514, 51.25447700267048], [3.4212261240255954, 51.25661758418199], [3.4183388677901876, 51.257485369659754], [3.417141779579913, 51.25977838684849], [3.415987655196351, 51.259948575340914], [3.4115672979137983, 51.25692817786719], [3.407406050175724, 51.25696242843819], [3.403165427014001, 51.26246350965394], [3.3968093744144214, 51.26410342533739], [3.394536778634962, 51.26541878866907], [3.388923288620487, 51.271251245409886], [3.3878681913582507, 51.27325030259015], [3.386471114097306, 51.273885327324024], [3.3823347408906703, 51.274077732882965], [3.3783973549139157, 51.27502625145738], [3.3758031947331286, 51.27707868851068], [3.3753400537441602, 51.27850628617536], [3.3759326871227455, 51.279484871678385], [3.3797016117039167, 51.280311506899466], [3.381683276678047, 51.28162376279972], [3.380419914639258, 51.28431467324358], [3.380799339266046, 51.28696171254498], [3.3789351657565696, 51.28851773588769], [3.3702901040820685, 51.291940643071975], [3.3668062680736766, 51.2956441526032], [3.3660771003248295, 51.29827118813898], [3.367393948732357, 51.29962257415179], [3.3717606340464683, 51.300090376487205], [3.378082441959935, 51.30265055632584], [3.3768420366325422, 51.30244841712547], [3.362909887342173, 51.31190047137344], [3.3583810779587298, 51.31498160075185], [3.362851520973242, 51.31814321191507], [3.385308314427738, 51.334258780744264], [3.3835156123164825, 51.341205158053285], [3.3740732569872947, 51.348507967408935], [3.373708407175277, 51.35423329304762], [3.374992521883931, 51.35888732392901], [3.3723455866041507, 51.361993253458515], [3.3730739878555176, 51.364689190277154], [3.3696966668432524, 51.366910082358785], [3.3704876129686783, 51.37101192756742], [3.370100541330711, 51.372461706104325], [3.3718463305628656, 51.37359695995914], [3.378520674112845, 51.37741558406442], [3.38043351418949, 51.37829481563306], [3.3802328527139043, 51.37993612404305], [3.3806573602516337, 51.380095010404496], [3.3808730250460775, 51.3780834836934], [3.3826351570541644, 51.37782360220694], [3.3826649956165946, 51.380049074785056], [3.381919630153448, 51.38028313547243], [3.3819289047803487, 51.38048770334324], [3.3831986156476623, 51.38014081775626], [3.383235292234266, 51.379296247268925], [3.385238582558105, 51.37937129179931], [3.402279304071786, 51.38332350992153], [3.4118228060339266, 51.38646588188596], [3.421290220582131, 51.38964283961424], [3.4307375223235512, 51.391520940626634], [3.4328293555039124, 51.39048315689636], [3.436623071841895, 51.38845812691147], [3.440062734944946, 51.38849353000454], [3.4483468911388293, 51.39119066569492], [3.4557528583356603, 51.39362914408755], [3.4577410537106155, 51.39398862247684], [3.4729853717802093, 51.39632542714444], [3.4878205338322954, 51.399510054904106], [3.4945064235264782, 51.40196895660803], [3.500202857445738, 51.404183177860745], [3.5014567880767125, 51.405626804421175], [3.504119227574079, 51.40664174196032], [3.5053485834209694, 51.406620953954686], [3.5194371775501385, 51.40749206943468]]]]}, "properties": {"type": "boundary", "gemeente": "Sluis"}}]}