{"type": "FeatureCollection", "features": [{"type": "Feature", "geometry": {"type": "MultiPolygon", "coordinates": [[[[6.218947416957866, 53.25987288975829], [6.2202716538249, 53.25945511679102], [6.223971405108649, 53.25724043698789], [6.232173163393074, 53.25674773573493], [6.23174919843565, 53.25594695192141], [6.232625382205603, 53.254564244455835], [6.235100802714495, 53.253355177885226], [6.233665303614185, 53.25039933505744], [6.2303185890068296, 53.25042674896965], [6.229601675898551, 53.248913528298196], [6.2320753709029315, 53.247125002920136], [6.231094977252162, 53.245105702860926], [6.229707319540059, 53.24475223774491], [6.2277434328296195, 53.24524000585683], [6.225111620082002, 53.24459074868339], [6.2194535579919155, 53.24286706822048], [6.217978299460303, 53.24193244531361], [6.218449578162818, 53.241691619657665], [6.222823521444483, 53.2394980026594], [6.224616004037431, 53.23970127512574], [6.224972142185958, 53.23859317544189], [6.220239119114434, 53.23734808684147], [6.215542568186907, 53.23698546814028], [6.2148059911323505, 53.235648840748055], [6.21458397148066, 53.233711011718796], [6.221680555854131, 53.23166803449842], [6.224632172423617, 53.23007414241646], [6.225339531693525, 53.22545573759382], [6.230173416688726, 53.22244080556965], [6.229988509245366, 53.21781882924346], [6.2289341845396935, 53.21680585562952], [6.224750193741138, 53.214578941823156], [6.224839674048598, 53.212004196022264], [6.2192423696599635, 53.206130173765416], [6.209578115566502, 53.19996131916275], [6.204114469203974, 53.19975880131827], [6.199621297442401, 53.1983556357061], [6.199830472196366, 53.19532302036438], [6.197036997619681, 53.19201619018962], [6.1952766354945465, 53.19149882013517], [6.1930972491316485, 53.189278050007815], [6.188033987814283, 53.182487039793315], [6.1857908621850735, 53.17883269059078], [6.18301654270965, 53.1739846997485], [6.181223604437241, 53.170348612848706], [6.177336706119726, 53.16698312031729], [6.176750056567748, 53.159504895709716], [6.166762898414687, 53.15599606961884], [6.151986050209477, 53.15083319315556], [6.148582830186454, 53.156993372799], [6.148117833112276, 53.15782781518963], [6.143062965375927, 53.15535242458468], [6.121632408302784, 53.144993857935475], [6.119338035332604, 53.149420395469285], [6.109341068000938, 53.15162780364065], [6.105012538980465, 53.151799831435746], [6.11341665631527, 53.17295127714553], [6.114592948463987, 53.175977940885026], [6.109353791398072, 53.17705750916984], [6.108946279415641, 53.176332031083085], [6.102319972546539, 53.1822225035565], [6.098851848142101, 53.18645559657196], [6.088802317457789, 53.1927318038908], [6.085303833648254, 53.1942233383358], [6.082253200624338, 53.198429226090376], [6.0814020793379955, 53.20242457598029], [6.081288960453602, 53.20266572084073], [6.079210574683134, 53.20683561446491], [6.084015363287297, 53.20851147684505], [6.082922443620527, 53.209978226334464], [6.079263755715069, 53.209647287528675], [6.079269913006466, 53.21076863765446], [6.0817742283917555, 53.211431779547226], [6.080302164987597, 53.21327605724504], [6.081699327390034, 53.21408594542643], [6.086288632257152, 53.215026147513846], [6.044503103612004, 53.225862476307675], [6.027395151035033, 53.23016470228586], [6.019790665049127, 53.24091440795682], [6.020719476854354, 53.24131330470748], [6.021359638446836, 53.2425327952423], [6.023094146330679, 53.24279181627159], [6.027705493685438, 53.241393244391205], [6.028694296645905, 53.24272063260731], [6.031769478637496, 53.242238371330444], [6.038848804453493, 53.24261694019614], [6.043965552733166, 53.24350278115563], [6.050105219409987, 53.24445958800447], [6.053917009691591, 53.245216454525064], [6.0747743471879, 53.24858299024162], [6.096548289203254, 53.25460222035469], [6.105962532351458, 53.25761004397894], [6.113211532644585, 53.25977961387162], [6.127331298763155, 53.26168983396656], [6.141058299473996, 53.264383108154995], [6.144978023965882, 53.26016497465247], [6.1483587140299125, 53.26000092768118], [6.154852632211288, 53.26177391347004], [6.158659636679518, 53.26363612716347], [6.160523174516836, 53.26198486758903], [6.164134051061916, 53.2639559153625], [6.167380177211997, 53.26365158727636], [6.1778642003028015, 53.26007488989942], [6.181090212966081, 53.25979363183696], [6.182412182524345, 53.26100068413334], [6.190384432524112, 53.26337791183351], [6.18566962238321, 53.26727324994046], [6.185599906870416, 53.267815745317606], [6.189219986480432, 53.269890484270235], [6.195151971503731, 53.26960855423614], [6.1987716080169495, 53.26884323716642], [6.217094307437629, 53.26526749811825], [6.218947416957866, 53.25987288975829]]]]}, "properties": {"type": "boundary", "gemeente": "Achtkarspelen"}}, {"type": "Feature", "geometry": {"type": "MultiPolygon", "coordinates": [[[[5.731098169227544, 53.461634610059264], [5.750286300556502, 53.46045835879889], [5.771456390241314, 53.460495670518945], [5.784582377125855, 53.461195480641194], [5.883610789075839, 53.46679083522098], [5.930624107246695, 53.46828254751278], [5.958457475232921, 53.46498443195391], [5.959530304828637, 53.462804127068395], [5.944518352888115, 53.45832070402954], [5.936561782533889, 53.457297866411565], [5.930863995808935, 53.457751562828506], [5.910218482786949, 53.4577030836354], [5.901860326561746, 53.45575605766357], [5.894799621375152, 53.4533133240546], [5.8909228867434225, 53.451198763515734], [5.865129895342918, 53.44808765101186], [5.865396179817452, 53.447472136592864], [5.864058126622029, 53.447097533396686], [5.83367235827965, 53.442842027834224], [5.804973960264541, 53.43754437470112], [5.788423111019908, 53.43816544123031], [5.780017665216737, 53.43767651514935], [5.776907960618784, 53.43829524592981], [5.776290920646046, 53.437960179100045], [5.7762547086093745, 53.43652824769931], [5.775917064631968, 53.43653665145998], [5.775973533900429, 53.437890657570115], [5.775025965769521, 53.437940032834476], [5.775066454925907, 53.43627158785664], [5.775862039357752, 53.435811648419175], [5.775287766504034, 53.43351581968787], [5.774628570131529, 53.433568156931734], [5.774264814711734, 53.43275292823616], [5.77319090608869, 53.43267711827487], [5.772987533576062, 53.433058205410774], [5.773988720051359, 53.433415359448034], [5.774433779601419, 53.43483675051224], [5.774488532971026, 53.43810889259185], [5.772486499200737, 53.439548212732895], [5.752220003289115, 53.440354169575905], [5.7410691953057, 53.442411564890186], [5.730008529238863, 53.44302557353813], [5.721955774794325, 53.44171556702612], [5.715671097105694, 53.435707568059726], [5.703656658743336, 53.43043956635688], [5.703282894673646, 53.42978070180649], [5.689312483692454, 53.42751852189173], [5.680364572496611, 53.4246554366024], [5.671769683828321, 53.424988442730815], [5.663928002809817, 53.42569948606096], [5.653087442593549, 53.426035315702585], [5.643130351900482, 53.427112816279475], [5.638163199695137, 53.42874085592819], [5.626986585676472, 53.43242937596371], [5.616431215859751, 53.439517528950766], [5.613531479687089, 53.446382288203836], [5.6141693890110025, 53.45063496031448], [5.615665662455106, 53.453436800887516], [5.651623472327304, 53.46963556851189], [5.660153711096529, 53.47148084617244], [5.667611274857783, 53.470754706860326], [5.694883268230998, 53.46174528965673], [5.731098169227544, 53.461634610059264]]]]}, "properties": {"type": "boundary", "gemeente": "Ameland"}}, {"type": "Feature", "geometry": {"type": "MultiPolygon", "coordinates": [[[[5.456211963435982, 53.203031800294596], [5.458006449393995, 53.20007175963469], [5.461698295951362, 53.20111483747483], [5.462457317790359, 53.19994247915384], [5.466841715091122, 53.19935258468438], [5.479342330081036, 53.19967011210449], [5.485111545169041, 53.1998834022549], [5.489555108290307, 53.200739580021015], [5.49016766268902, 53.19406917569273], [5.487603746410953, 53.193644884827236], [5.482156839671185, 53.18520532077173], [5.481698743591217, 53.18378115570004], [5.483638233056129, 53.18379376107767], [5.480931429930641, 53.18005635245935], [5.481606429962604, 53.18003805716095], [5.479408493448653, 53.1766853964931], [5.480134575674356, 53.176320234800755], [5.4802364264214996, 53.175961516911975], [5.481859617323026, 53.17615788332519], [5.496371709805309, 53.17838349413597], [5.496366369583143, 53.17780607084113], [5.493995394848827, 53.174298055746476], [5.493433962908414, 53.17302710736788], [5.491663023672964, 53.17222885076643], [5.489404311790523, 53.17211731252964], [5.4882651851866715, 53.16988793318837], [5.486009809884042, 53.169680244320496], [5.485401144569443, 53.16787551038256], [5.486044679800951, 53.16774967465823], [5.484743046563169, 53.165835441204564], [5.48668348924136, 53.16501677240416], [5.482794634623818, 53.15913546886994], [5.480250457225356, 53.15733889285536], [5.476785025715675, 53.15076335778417], [5.476721998630109, 53.15034511022587], [5.476440956974919, 53.150421506187854], [5.474809111851586, 53.15080722782], [5.472833873132586, 53.14885623573661], [5.472191215961697, 53.14661523167793], [5.4696431682146, 53.1451278598916], [5.468336986935713, 53.14333352238826], [5.466696414583673, 53.143728473249794], [5.461435889358461, 53.144547920036054], [5.463027440051118, 53.147268826470516], [5.455109397708698, 53.14758338038852], [5.452849224666289, 53.14809330858199], [5.451117963075532, 53.14992416213445], [5.444628265871538, 53.15109971691067], [5.443907229711011, 53.149937377808364], [5.4427397818943675, 53.150271352571686], [5.442649352446501, 53.1510903918085], [5.43517548959024, 53.15278368097312], [5.435509204859632, 53.15352629875076], [5.42641822485845, 53.15313232340582], [5.4214353144357466, 53.1538148451985], [5.417089258799696, 53.150822952991284], [5.414195301016584, 53.15163713292461], [5.414894002934985, 53.15219595792638], [5.41347811748394, 53.152718451357714], [5.413031321367793, 53.152885933830945], [5.412690942595956, 53.15196815806326], [5.411597784449727, 53.15193981520375], [5.4123742833259705, 53.15631314638755], [5.415802464067251, 53.16458539821459], [5.414985368721744, 53.16891155425274], [5.411207342422958, 53.169793884850804], [5.407683173220678, 53.1726424505661], [5.404437439804036, 53.1733426093167], [5.403738613048372, 53.17394403053807], [5.402802580067255, 53.17570902875257], [5.4029618679066544, 53.176033814424635], [5.404575047475734, 53.17358626367919], [5.407440610974199, 53.17315557624771], [5.411190232002853, 53.17008679472299], [5.41513377528195, 53.169424452217534], [5.4139702703496155, 53.170732472185506], [5.413424077575988, 53.17015747146415], [5.4106866917619385, 53.172621179877666], [5.409395612769795, 53.17463020297948], [5.409789518720213, 53.17481883751668], [5.41117957463675, 53.17355176436051], [5.411031174157261, 53.1752973428746], [5.4138803798308395, 53.17558442037612], [5.4138909361484595, 53.1761309457314], [5.411786001306593, 53.17548915782016], [5.410859699503253, 53.17598342984066], [5.419226798431537, 53.17908951198057], [5.4150196305570715, 53.178688999713245], [5.414620158479273, 53.1795485504047], [5.4182684119116455, 53.18029900092873], [5.419688125387693, 53.182295636480085], [5.426008624286717, 53.18385948474711], [5.434956725127949, 53.189066781761056], [5.4379978804857485, 53.19309092584428], [5.438980379574275, 53.19383397429671], [5.435539297949498, 53.19526165825747], [5.434661745157074, 53.194526659618205], [5.432333420259564, 53.19251602434191], [5.434807440591006, 53.19149495211337], [5.4343448173239395, 53.1907284383825], [5.432951377805477, 53.18972609665105], [5.4313912119759635, 53.18991284324281], [5.4275366716498565, 53.18547604074151], [5.4138278707651395, 53.18228026307714], [5.411869183399105, 53.177976102493275], [5.408853937643463, 53.17557917311277], [5.405879382057374, 53.17520075287389], [5.406002066250748, 53.175508293886445], [5.408442912872847, 53.17588165993417], [5.411101783972937, 53.178069349952466], [5.411923779916047, 53.181473233698284], [5.413244728466881, 53.18277608533552], [5.422000164723912, 53.18503694078691], [5.425611112216056, 53.1912111363575], [5.428727328981152, 53.19670601622694], [5.437988170058378, 53.209838928527155], [5.456211963435982, 53.203031800294596]]]]}, "properties": {"type": "boundary", "gemeente": "Harlingen"}}, {"type": "Feature", "geometry": {"type": "MultiPolygon", "coordinates": [[[[5.872056057216908, 53.08399068970889], [5.871781360774213, 53.08182394201844], [5.870312986197314, 53.08143273181538], [5.871502368284906, 53.074210589446565], [5.873019309005662, 53.07434945534863], [5.8949743748197925, 53.076229021492885], [5.895418165822822, 53.078837876133434], [5.897039629410561, 53.07900600779258], [5.90377023741987, 53.07924809155229], [5.906412657796379, 53.07844661896077], [5.926706990877153, 53.078486833552454], [5.927580928104947, 53.07839526786577], [5.933390638297502, 53.07811179570977], [5.9336500327557395, 53.07685363932605], [5.932917045063137, 53.076044754268544], [5.934318009646021, 53.07577582723663], [5.93595214451693, 53.07381582427748], [5.932296012635033, 53.07321402038223], [5.932277792802905, 53.0714105665431], [5.930412091594852, 53.071005311252634], [5.9354566156326545, 53.06657074867143], [5.939992944646839, 53.06402170973318], [5.941090668073241, 53.06390054200795], [5.944268633896001, 53.065254995699334], [5.947328521880816, 53.062480648108], [5.942635186845895, 53.05348664280343], [5.957619088145256, 53.05354666986496], [5.956396507498645, 53.05221025617171], [5.953760139518729, 53.05207647109834], [5.952904056368091, 53.05008478471495], [5.9488210751326625, 53.04995621074743], [5.948595490134816, 53.04918626191241], [5.944531431277429, 53.04907895684865], [5.944170427132462, 53.04758574598247], [5.9433552863754455, 53.0474308854953], [5.943949459883136, 53.04439463730783], [5.937996100342666, 53.044270393173136], [5.940636363653098, 53.04282124168402], [5.940137587688885, 53.04221443422783], [5.942862193548012, 53.04128395628004], [5.953087602793109, 53.03834963815405], [5.952178630832446, 53.03720822375414], [5.965926249651191, 53.03316781324996], [5.966088266204979, 53.03275769650348], [5.977036771507782, 53.03012890845244], [5.979117983925893, 53.029239209093], [5.978721280830791, 53.028179594488535], [5.9839142004776225, 53.02655943509477], [5.984483873423847, 53.025285761591725], [5.978902172023721, 53.015008043456774], [5.976771700775197, 53.01120085763305], [5.977122700599735, 53.0101659046813], [5.971963495191061, 53.00965888065965], [5.973911590454392, 53.006219522894554], [5.97300888882773, 53.00557904058131], [5.97396321399861, 53.00342528532084], [5.979609948340798, 52.99781166972701], [5.977592656611163, 52.99638161121689], [5.976491981667423, 52.99559137292385], [5.974648659274689, 52.99428574157902], [5.976749936607027, 52.99265924508791], [5.974154863871262, 52.99054945170976], [5.972823482888539, 52.98935378235354], [5.962653155218836, 52.98100771921873], [5.964891843138696, 52.97933746540375], [5.962826066737134, 52.977316927373316], [5.958104815078081, 52.97293583932806], [5.9628723797526275, 52.97242509663797], [6.016341103788127, 52.966376006012645], [6.0188038295480055, 52.966089854874056], [6.026805494259217, 52.964998150336434], [6.026940727479636, 52.964373034320374], [6.044347088030956, 52.96623731219864], [6.058883714267587, 52.97029182322518], [6.065497315277419, 52.972998701802595], [6.066835307983477, 52.97371633287175], [6.067493764030118, 52.973166259999], [6.069843994919858, 52.974234534134816], [6.079725629248846, 52.98045490146685], [6.084297489314684, 52.98317422914484], [6.084967921827788, 52.9829479010078], [6.086206197712857, 52.983753892389736], [6.087863325577408, 52.983285778916816], [6.092485528040253, 52.98424952189345], [6.097508198398184, 52.98695491107153], [6.096452884941053, 52.98806413685464], [6.098468397875796, 52.98975608535654], [6.098983227183458, 52.98923884894244], [6.099722400936439, 52.98950078754948], [6.096478249901177, 52.99285414108119], [6.099286067980697, 52.99407939611905], [6.100772258237717, 52.99560699219898], [6.105555894810345, 52.99776960002035], [6.107407889922521, 52.999407298394864], [6.113904695371279, 53.00173429499968], [6.120488658033964, 53.00536307618381], [6.129804713326114, 53.00875782508819], [6.128779197518729, 53.01038549495173], [6.129640894544623, 53.01083000981135], [6.131553763709142, 53.01200640548421], [6.138774003978774, 53.013484387805306], [6.1513377270247, 53.01661820660699], [6.158529958689497, 53.01702357323467], [6.171300603128974, 53.01990285902669], [6.176470349868876, 53.020932352882596], [6.185699530469354, 53.02502096461944], [6.1948195115164895, 53.0309972421161], [6.196624572120274, 53.033271603699674], [6.198782694719774, 53.033766569089714], [6.20039866279745, 53.03679281220355], [6.205423687844273, 53.03793161174418], [6.202205940125692, 52.99031106833318], [6.200942894603155, 52.98969502667966], [6.200869905348231, 52.988494516962746], [6.195703496619424, 52.986209855889584], [6.17545702583009, 52.9805566971889], [6.158627928699729, 52.97584549261974], [6.152515830027149, 52.9728597088743], [6.14569326275158, 52.969322666881425], [6.143866553082719, 52.96826906752218], [6.127871235350657, 52.95339861439753], [6.125039567443867, 52.95237819413167], [6.115859186314513, 52.95130343904659], [6.0925307927270795, 52.94209375752515], [6.086355385311186, 52.93693125898747], [6.086348914436427, 52.9368895089599], [6.085730535701212, 52.9364000661813], [6.084847805142265, 52.93627512657597], [6.078675012180841, 52.931653465188504], [6.06210183333059, 52.92526111498384], [6.049981221543222, 52.92064744032648], [6.042631280372524, 52.9179395694016], [6.038202559898134, 52.91797092809345], [6.008803417227116, 52.93137099078893], [6.002241451250037, 52.93400478029606], [5.998023645771866, 52.933241386841345], [5.988169162233634, 52.92903348057836], [5.978803619602894, 52.92703284177226], [5.970221387075603, 52.928295841131614], [5.966380786822108, 52.928313157003956], [5.959159424543681, 52.927460609239255], [5.954638967685944, 52.926001512932075], [5.952413816500434, 52.92471027070259], [5.947904883420578, 52.91991576254435], [5.937847018814686, 52.91174076672359], [5.933359790153077, 52.915024618955705], [5.923569666869677, 52.927303446785025], [5.919088317308278, 52.932949649380035], [5.912983577988462, 52.94060294361876], [5.914181096337024, 52.94292250475865], [5.904885617985216, 52.95416417895632], [5.905711019761632, 52.95551544099566], [5.905447564819362, 52.95563029129415], [5.902305003162784, 52.9573692662872], [5.898113164870204, 52.962393640774195], [5.897415472296224, 52.96307725180336], [5.89563336969882, 52.96214777167273], [5.894767782920401, 52.96317947126922], [5.891630163143145, 52.962278373049244], [5.891682947438129, 52.961915278618136], [5.8910268019812335, 52.961697241992766], [5.888519863837178, 52.96505663506503], [5.886154011264676, 52.96571120660023], [5.8859887542177205, 52.96611171970362], [5.88807661507451, 52.96645740968505], [5.887570757161037, 52.9670104855189], [5.870970674814899, 52.964441900143164], [5.869238805810066, 52.96874084742301], [5.867215118594168, 52.9786219944529], [5.887267146336618, 52.981515422368844], [5.8860765117040055, 52.98402505033786], [5.8828408554047575, 52.9867233115528], [5.8774805906478145, 52.99085504836244], [5.86612668564959, 52.99979682088379], [5.857602910042169, 53.01700870138948], [5.849335330725281, 53.02390530826814], [5.836009010539389, 53.030974219468035], [5.823185979154313, 53.03843203110978], [5.8090414839478886, 53.04368520166065], [5.8002727937245355, 53.04790905884149], [5.797947190627404, 53.04980937669979], [5.795818069496915, 53.053016666185066], [5.79645843217304, 53.05373793289665], [5.795525254664182, 53.054877061030304], [5.7987488183496465, 53.056196004705214], [5.796386278305851, 53.05884002298206], [5.806701552628539, 53.06557033876463], [5.8082430032689505, 53.06658948942734], [5.814179102375967, 53.07239394471142], [5.819274655704511, 53.07586286107016], [5.830162760485925, 53.07959584123873], [5.831024517820159, 53.07837570654431], [5.84336227181482, 53.080383412761556], [5.8447695527656, 53.07957540879882], [5.854442225803246, 53.08241445497854], [5.859116543717199, 53.08197884500355], [5.8728711476671895, 53.08513560856066], [5.874643714278707, 53.085070770901794], [5.872056057216908, 53.08399068970889]]]]}, "properties": {"type": "boundary", "gemeente": "Heerenveen"}}, {"type": "Feature", "geometry": {"type": "MultiPolygon", "coordinates": [[[[5.736852053448541, 53.29458761650918], [5.749363634120541, 53.29394043583839], [5.759657832059319, 53.29409728067197], [5.763284684921981, 53.29449205728455], [5.766411992088403, 53.293434033272106], [5.767203209583638, 53.29344132146812], [5.768346305135516, 53.293215039088736], [5.769034769475016, 53.29254659824797], [5.771989760927496, 53.291546643408154], [5.794586727023336, 53.284054723869225], [5.797746088303056, 53.283795417006644], [5.798574070974502, 53.282951453250206], [5.811046510262883, 53.28080874229621], [5.810523436691961, 53.27985203760815], [5.813229919978963, 53.279238717572], [5.810538879389171, 53.27742490100801], [5.811267143030679, 53.27698728591026], [5.812036873339512, 53.276744294995574], [5.813892457926658, 53.27765387003911], [5.815310246291241, 53.27747890519547], [5.816909155847552, 53.276389901729445], [5.831509286829369, 53.27542669595083], [5.838649859122876, 53.27495005880388], [5.837821190396798, 53.27382898748857], [5.832688822623487, 53.26849091748979], [5.832125747294581, 53.259887915813884], [5.829701486983821, 53.257582935582626], [5.829903760390548, 53.25535179848172], [5.831064731662707, 53.25198942810268], [5.83316717917574, 53.24774557206841], [5.833194885063646, 53.24700809220713], [5.832045424505116, 53.24640328549069], [5.831020365394008, 53.24472359770972], [5.832161710968641, 53.24285738554739], [5.859197394668993, 53.24329280815654], [5.8592418942227456, 53.24329351987467], [5.852554461969669, 53.23047752923852], [5.859035162093356, 53.230570910716956], [5.879892832516922, 53.2332495556195], [5.880657008694901, 53.224976526531194], [5.889992494160072, 53.22499950026397], [5.889170724105515, 53.22281654150668], [5.89692706013222, 53.22296297782148], [5.897117007180369, 53.22097094655504], [5.888953212934836, 53.22095325855309], [5.88901248876169, 53.21797724390967], [5.894188763835452, 53.217649758263676], [5.8938218674476355, 53.21551908932482], [5.897900272480269, 53.215389044151706], [5.897864313827494, 53.21465889429804], [5.905932572425386, 53.215014684917094], [5.9049727986690055, 53.21391866807089], [5.905004124695148, 53.212477064953845], [5.905651092796802, 53.211843222319295], [5.906874740237228, 53.211361166082995], [5.907052391511638, 53.21102978052999], [5.897892229708841, 53.20869801201904], [5.857728229467221, 53.204064194417874], [5.857664619287194, 53.203867190771355], [5.856992806136759, 53.20293281227894], [5.857465743422598, 53.20160049958793], [5.862070346903432, 53.193596744100084], [5.850973653138579, 53.191721700782495], [5.8534212430479045, 53.18937241271866], [5.854980043024277, 53.185823528651866], [5.857066162983637, 53.181417753626356], [5.861937612286204, 53.17151959019608], [5.880284420280523, 53.170320691986], [5.9155668827069565, 53.16875937614702], [5.925945778937689, 53.16842823538996], [5.932779291685669, 53.170299698893615], [5.933746197231651, 53.16886927168357], [5.931918537607545, 53.16108485288735], [5.923299957373521, 53.152960265733], [5.918962859036669, 53.149173386997894], [5.908629514400992, 53.1447812562409], [5.923356663072454, 53.13091052098702], [5.927667714141669, 53.12916267937152], [5.932402327933544, 53.1281341822566], [5.9385810441246525, 53.125404439269595], [5.943460273597421, 53.12161455243746], [5.94568504126535, 53.11722036489673], [5.949657188341449, 53.10489218724189], [5.945944290303193, 53.1036764666221], [5.933734566866089, 53.109124838138236], [5.930444761856648, 53.10992749756662], [5.926512972128156, 53.108952397911494], [5.915404919374208, 53.10907443489317], [5.910491188156879, 53.10915527489442], [5.882006466816883, 53.10694014640717], [5.88598347623026, 53.09444608545036], [5.882298024911367, 53.09332877274153], [5.8782480480876, 53.09095991075175], [5.88084813963248, 53.09016795071799], [5.883119375269501, 53.09097620150246], [5.883114864376945, 53.08896387485067], [5.877246367964016, 53.085382594293065], [5.874643714278707, 53.085070770901794], [5.8728711476671895, 53.08513560856066], [5.859116543717199, 53.08197884500355], [5.854442225803246, 53.08241445497854], [5.8447695527656, 53.07957540879882], [5.84336227181482, 53.080383412761556], [5.831024517820159, 53.07837570654431], [5.830162760485925, 53.07959584123873], [5.819274655704511, 53.07586286107016], [5.814179102375967, 53.07239394471142], [5.8082430032689505, 53.06658948942734], [5.806701552628539, 53.06557033876463], [5.796386278305851, 53.05884002298206], [5.773912616438271, 53.04592239247647], [5.7698469740138245, 53.04584994077241], [5.771012059040556, 53.04696845240641], [5.770696713400454, 53.04744372647859], [5.769543489164307, 53.04953381422534], [5.766813265196392, 53.05054611934928], [5.763125013235189, 53.0566223253561], [5.761843376856987, 53.06079917080991], [5.766683815493248, 53.06224110750914], [5.775054130590592, 53.06664496124152], [5.7735638476170585, 53.074109911717535], [5.764282917697578, 53.08027696464567], [5.7710096466530825, 53.08107790906053], [5.77262973166018, 53.08182237127692], [5.774378985599357, 53.08570263305847], [5.772809711271081, 53.08761434195027], [5.771482835187183, 53.08764820882034], [5.771188273788402, 53.087944757741596], [5.772041804523575, 53.08838063271367], [5.771384102954785, 53.0891067296871], [5.77813383415944, 53.09273250119175], [5.788153388066208, 53.09655590138161], [5.787380554371238, 53.0984974847874], [5.784615759478015, 53.099030703319386], [5.78057254937168, 53.10189501093063], [5.776964263736198, 53.103458048935146], [5.774208724778552, 53.103810186426], [5.771109535519231, 53.102923712945916], [5.769533092527545, 53.103264040556965], [5.767779453441256, 53.105064643455414], [5.769717818774531, 53.10598620509755], [5.769398239099919, 53.10653638396791], [5.762627803111077, 53.10881823064369], [5.762646509149615, 53.111639621656614], [5.761404109233393, 53.113679847813465], [5.757449002611979, 53.11271630099152], [5.7565898463395895, 53.115781375833734], [5.756243756894431, 53.12083743195546], [5.75456313831333, 53.12466373564225], [5.7514836967275444, 53.12594321193596], [5.745520657452333, 53.12548296162024], [5.736178650599193, 53.121902983992655], [5.737153509227207, 53.12083656118999], [5.733252611075293, 53.12019294499491], [5.730559671003607, 53.12053988297693], [5.727953447352647, 53.1224057132213], [5.724434632929723, 53.123427182519116], [5.718392548139602, 53.11972970148752], [5.709866095428349, 53.11960373115434], [5.707938616181649, 53.11969953850713], [5.700612413894161, 53.115775740283375], [5.696107807349203, 53.119942635756765], [5.695451325224668, 53.12257832627571], [5.693890395508542, 53.12290201382433], [5.695616241974919, 53.126826630775525], [5.694373450151637, 53.126970177169355], [5.694373011666494, 53.126970230232], [5.691573176722288, 53.12736418043618], [5.692216856596247, 53.12881449350373], [5.69223225193649, 53.12884918040966], [5.685973755886994, 53.1298681502298], [5.6848803935208005, 53.12826821592178], [5.680036728546053, 53.128576174683836], [5.65948346027579, 53.11598541918278], [5.6565650149613385, 53.112382422252104], [5.65650981196411, 53.1123661813011], [5.646412391670071, 53.116350815460876], [5.643025336048461, 53.12288273944233], [5.6373475883697735, 53.12414978389456], [5.638317117726411, 53.12717046176283], [5.6361829504516505, 53.130646605786765], [5.6319928294218204, 53.13302025758501], [5.638213220362819, 53.13656516445612], [5.643885634436339, 53.13745818344436], [5.644826862499132, 53.13781025051199], [5.648106618482348, 53.13837131100323], [5.649697999674177, 53.13928975190169], [5.654124059729876, 53.141639703501895], [5.649182516502823, 53.146863390618925], [5.652029828270687, 53.14869093968816], [5.655447430700666, 53.147728192889], [5.658471674238161, 53.14941917570931], [5.663319933188407, 53.14982201957247], [5.661973406078716, 53.15092070981865], [5.662813652031494, 53.15232485489456], [5.661903843714649, 53.15496835968736], [5.656934007089034, 53.15444265386031], [5.656658526268771, 53.15543441713253], [5.657659250757572, 53.157238822622396], [5.65943508184502, 53.157624382600645], [5.657502337977459, 53.15861585511435], [5.6609851267847535, 53.16311351185779], [5.660296537005146, 53.16427849175682], [5.656084089066216, 53.16573435801033], [5.655140024890939, 53.16514287811231], [5.653537050880096, 53.1659265509722], [5.652840068916662, 53.16626002320339], [5.661260781671999, 53.169759248809505], [5.662581536369007, 53.17070555473796], [5.6620621509113285, 53.17220044042574], [5.663592508470329, 53.17397186374729], [5.665830114082965, 53.175275462854195], [5.6680383193184, 53.175072614713244], [5.668102818367745, 53.173668804491975], [5.669006127498469, 53.173333725921445], [5.672524745282345, 53.175171163162524], [5.674259996032316, 53.17744557946191], [5.6751717785491005, 53.17771948075739], [5.677291264501476, 53.17639359786642], [5.679398327681493, 53.17913379558643], [5.684642208200291, 53.18182680791142], [5.685912873412114, 53.1816867592432], [5.687096101745265, 53.18003986910599], [5.692686413457174, 53.179933172901045], [5.697298845539758, 53.17771815505774], [5.697901460170542, 53.174479954954506], [5.6992913295368455, 53.17371074727778], [5.706098818731541, 53.173383969956774], [5.7132442458426445, 53.17523055308765], [5.718787383525001, 53.16948368704203], [5.7201273653994065, 53.170528154749675], [5.723758030194179, 53.16997996428833], [5.723529623227387, 53.16842361986729], [5.724924876753788, 53.166079876783186], [5.728334103951173, 53.16792543859754], [5.728217180458662, 53.16978612620878], [5.731345878945591, 53.170744171261795], [5.732383191823698, 53.16938959154396], [5.73332612713717, 53.169474510733956], [5.7348129275731425, 53.171475107278376], [5.737786409579713, 53.172547598959135], [5.741423348349724, 53.18089606624852], [5.745409423849968, 53.18523221546811], [5.740342889176753, 53.1853728356379], [5.740700788921632, 53.187447970909076], [5.742117333433093, 53.194278872955756], [5.744574771392417, 53.19780578333736], [5.742411772702354, 53.200096108596725], [5.737400906171609, 53.20621830017642], [5.736090788885366, 53.20608575511269], [5.734741185796165, 53.21122070934487], [5.743905658413266, 53.21138014165026], [5.7471078552316435, 53.21514537493269], [5.745612313493323, 53.21587735297123], [5.734162972669372, 53.21580567738636], [5.733597188066993, 53.22231772821993], [5.732552538481094, 53.23032402772487], [5.733625821136922, 53.23089580067063], [5.73814837509728, 53.23128443912141], [5.729769551489205, 53.23525550797139], [5.734954534932712, 53.23805517624002], [5.736012622834268, 53.23743601403641], [5.743916652802988, 53.24109917996971], [5.735274733930312, 53.24704624372659], [5.733620375498739, 53.24851510608036], [5.736133759298478, 53.248903589843586], [5.7359576790599744, 53.25147115268892], [5.732601606085942, 53.2571678429653], [5.729836582383317, 53.261236923305674], [5.735387602341544, 53.26471480277181], [5.727340749943776, 53.268346707166494], [5.722307272766831, 53.27153363069104], [5.720130201520645, 53.274917888131895], [5.721358526678382, 53.27957340922628], [5.7220443062010276, 53.2804760749684], [5.724027729178614, 53.284381717211595], [5.723843339814859, 53.28443187074873], [5.726350936567999, 53.28760848307705], [5.724849961585485, 53.2877341948308], [5.725499873415486, 53.28914749888528], [5.7266182760584865, 53.28899001396971], [5.727616751261906, 53.28895379102487], [5.727642950850207, 53.289073608720344], [5.727026892646288, 53.28914826367348], [5.727084362231732, 53.28938357282137], [5.727982675504923, 53.29170392485022], [5.729876374531698, 53.293886861783335], [5.730572373402783, 53.29446962044199], [5.735156924317964, 53.29437114617351], [5.7353845055233945, 53.29472214611929], [5.736852053448541, 53.29458761650918]]]]}, "properties": {"type": "boundary", "gemeente": "Leeuwarden"}}, {"type": "Feature", "geometry": {"type": "MultiPolygon", "coordinates": [[[[6.3632195333382375, 53.039263136584054], [6.362522063818644, 53.03396970968596], [6.374072622012038, 53.02295706123751], [6.402687097939611, 52.99565412684145], [6.413280432457869, 52.98552372683551], [6.42262350324384, 52.97659393975941], [6.427615228741273, 52.97181621141781], [6.402671508200331, 52.943382484226724], [6.393436054910188, 52.93284407928918], [6.369026391377153, 52.92197617450071], [6.333280630513804, 52.90635648304356], [6.30298530364369, 52.92497269727977], [6.28315523064023, 52.92614801815698], [6.256592989842881, 52.927641483165296], [6.247552847602391, 52.923691917356855], [6.247258589540507, 52.92334767545803], [6.21363000787772, 52.92579478209581], [6.210980317657073, 52.93151685266467], [6.20918438272932, 52.93369608333856], [6.207876513343438, 52.93386636762301], [6.200835838242475, 52.939033754009145], [6.2011350139724355, 52.94047891718252], [6.202524697570875, 52.941499633077534], [6.200561222989767, 52.94301407561791], [6.1883464235743535, 52.93887437770708], [6.179891008840309, 52.937025299320396], [6.172697760419177, 52.9356634241018], [6.165460561554091, 52.933448974756026], [6.157367887965651, 52.93055233293919], [6.14466820728304, 52.92809238053074], [6.139355798637697, 52.92406581611002], [6.130055979033182, 52.92038753232237], [6.126300948294329, 52.91951372953432], [6.123883205722908, 52.91789187959629], [6.116812053788283, 52.9166054912549], [6.110544738009776, 52.913244690862456], [6.086525459615053, 52.93634185341636], [6.084847805142265, 52.93627512657597], [6.085730535701212, 52.9364000661813], [6.086348914436427, 52.9368895089599], [6.086355385311186, 52.93693125898747], [6.0925307927270795, 52.94209375752515], [6.115859186314513, 52.95130343904659], [6.125039567443867, 52.95237819413167], [6.127871235350657, 52.95339861439753], [6.143866553082719, 52.96826906752218], [6.14569326275158, 52.969322666881425], [6.152515830027149, 52.9728597088743], [6.158627928699729, 52.97584549261974], [6.17545702583009, 52.9805566971889], [6.195703496619424, 52.986209855889584], [6.200869905348231, 52.988494516962746], [6.200942894603155, 52.98969502667966], [6.202205940125692, 52.99031106833318], [6.205423687844273, 53.03793161174418], [6.212851768246488, 53.03623631498368], [6.212901161654536, 53.03714599656985], [6.215146258281097, 53.038269253112496], [6.222837379099677, 53.03918743792861], [6.251771251916567, 53.0483413702258], [6.2544129851472485, 53.04918105857937], [6.2730628903236, 53.05591015552753], [6.280531220984185, 53.05821114737656], [6.280584178948917, 53.05856091927321], [6.281430210937129, 53.06418706473403], [6.305408477177499, 53.069409658226185], [6.327788913317747, 53.07435700615261], [6.332056123693412, 53.075279961784034], [6.332382318730613, 53.07520777085476], [6.351725393190533, 53.070932152657036], [6.367811334483936, 53.06736068828517], [6.364924712307817, 53.05197857328929], [6.3632195333382375, 53.039263136584054]]]]}, "properties": {"type": "boundary", "gemeente": "Ooststellingwerf"}}, {"type": "Feature", "geometry": {"type": "MultiPolygon", "coordinates": [[[[6.225961863537319, 53.11430065477278], [6.239364126295014, 53.113389334813846], [6.251264980466735, 53.11393746901774], [6.254381751772857, 53.114132003809566], [6.255595160458941, 53.114200225616926], [6.261684965914678, 53.11429320665553], [6.274139318272815, 53.111161686994464], [6.283050875055991, 53.106863664980224], [6.29056622373199, 53.099829581868946], [6.293173265517662, 53.09921054911737], [6.296427601998335, 53.09844387499878], [6.315158233452568, 53.09405334802602], [6.305274426098964, 53.081190075833206], [6.332056123693412, 53.075279961784034], [6.327788913317747, 53.07435700615261], [6.305408477177499, 53.069409658226185], [6.281430210937129, 53.06418706473403], [6.280584178948917, 53.05856091927321], [6.280531220984185, 53.05821114737656], [6.2730628903236, 53.05591015552753], [6.2544129851472485, 53.04918105857937], [6.251771251916567, 53.0483413702258], [6.222837379099677, 53.03918743792861], [6.215146258281097, 53.038269253112496], [6.212901161654536, 53.03714599656985], [6.212851768246488, 53.03623631498368], [6.205423687844273, 53.03793161174418], [6.20039866279745, 53.03679281220355], [6.198782694719774, 53.033766569089714], [6.196624572120274, 53.033271603699674], [6.1948195115164895, 53.0309972421161], [6.185699530469354, 53.02502096461944], [6.176470349868876, 53.020932352882596], [6.171300603128974, 53.01990285902669], [6.158529958689497, 53.01702357323467], [6.1513377270247, 53.01661820660699], [6.138774003978774, 53.013484387805306], [6.131553763709142, 53.01200640548421], [6.129640894544623, 53.01083000981135], [6.128779197518729, 53.01038549495173], [6.129804713326114, 53.00875782508819], [6.120488658033964, 53.00536307618381], [6.113904695371279, 53.00173429499968], [6.107407889922521, 52.999407298394864], [6.105555894810345, 52.99776960002035], [6.100772258237717, 52.99560699219898], [6.099286067980697, 52.99407939611905], [6.096478249901177, 52.99285414108119], [6.099722400936439, 52.98950078754948], [6.098983227183458, 52.98923884894244], [6.098468397875796, 52.98975608535654], [6.096452884941053, 52.98806413685464], [6.097508198398184, 52.98695491107153], [6.092485528040253, 52.98424952189345], [6.087863325577408, 52.983285778916816], [6.086206197712857, 52.983753892389736], [6.084967921827788, 52.9829479010078], [6.084297489314684, 52.98317422914484], [6.079725629248846, 52.98045490146685], [6.069843994919858, 52.974234534134816], [6.067493764030118, 52.973166259999], [6.066835307983477, 52.97371633287175], [6.065497315277419, 52.972998701802595], [6.058883714267587, 52.97029182322518], [6.044347088030956, 52.96623731219864], [6.026940727479636, 52.964373034320374], [6.026805494259217, 52.964998150336434], [6.0188038295480055, 52.966089854874056], [6.016341103788127, 52.966376006012645], [5.9628723797526275, 52.97242509663797], [5.958104815078081, 52.97293583932806], [5.962826066737134, 52.977316927373316], [5.964891843138696, 52.97933746540375], [5.962653155218836, 52.98100771921873], [5.972823482888539, 52.98935378235354], [5.974154863871262, 52.99054945170976], [5.976749936607027, 52.99265924508791], [5.974648659274689, 52.99428574157902], [5.976491981667423, 52.99559137292385], [5.977592656611163, 52.99638161121689], [5.979609948340798, 52.99781166972701], [5.97396321399861, 53.00342528532084], [5.97300888882773, 53.00557904058131], [5.973911590454392, 53.006219522894554], [5.971963495191061, 53.00965888065965], [5.977122700599735, 53.0101659046813], [5.976771700775197, 53.01120085763305], [5.978902172023721, 53.015008043456774], [5.984483873423847, 53.025285761591725], [5.9839142004776225, 53.02655943509477], [5.978721280830791, 53.028179594488535], [5.979117983925893, 53.029239209093], [5.977036771507782, 53.03012890845244], [5.966088266204979, 53.03275769650348], [5.965926249651191, 53.03316781324996], [5.952178630832446, 53.03720822375414], [5.953087602793109, 53.03834963815405], [5.942862193548012, 53.04128395628004], [5.940137587688885, 53.04221443422783], [5.940636363653098, 53.04282124168402], [5.937996100342666, 53.044270393173136], [5.943949459883136, 53.04439463730783], [5.9433552863754455, 53.0474308854953], [5.944170427132462, 53.04758574598247], [5.944531431277429, 53.04907895684865], [5.948595490134816, 53.04918626191241], [5.9488210751326625, 53.04995621074743], [5.952904056368091, 53.05008478471495], [5.953760139518729, 53.05207647109834], [5.956396507498645, 53.05221025617171], [5.957619088145256, 53.05354666986496], [5.942635186845895, 53.05348664280343], [5.947328521880816, 53.062480648108], [5.944268633896001, 53.065254995699334], [5.941090668073241, 53.06390054200795], [5.939992944646839, 53.06402170973318], [5.9354566156326545, 53.06657074867143], [5.930412091594852, 53.071005311252634], [5.932277792802905, 53.0714105665431], [5.932296012635033, 53.07321402038223], [5.93595214451693, 53.07381582427748], [5.934318009646021, 53.07577582723663], [5.932917045063137, 53.076044754268544], [5.9336500327557395, 53.07685363932605], [5.933390638297502, 53.07811179570977], [5.927580928104947, 53.07839526786577], [5.930313798077366, 53.08101842794735], [5.9327999476402855, 53.08118080148744], [5.980944171213336, 53.07756591243887], [5.988055879933514, 53.080757455100446], [5.996366865805708, 53.08087578105533], [5.997666576914108, 53.08068817958244], [6.002470713334224, 53.08065326399542], [6.0174671657472345, 53.07610551878748], [6.0198162608965635, 53.07682589312525], [6.024399399311037, 53.07336143989744], [6.031736632440577, 53.073862455289046], [6.051049200592842, 53.0727517112446], [6.069401832162268, 53.07210051938677], [6.0761290101502325, 53.071159494520856], [6.083426658817891, 53.07098738882414], [6.088459977722273, 53.070889958634346], [6.088558872890588, 53.070871904285276], [6.08925654989381, 53.070990719517354], [6.097689759425477, 53.07491368611456], [6.10359368101695, 53.07700593897376], [6.1096093814591805, 53.08221087898743], [6.114180786569183, 53.086865628930695], [6.124961362643036, 53.10121196575771], [6.125659283470995, 53.1014702732714], [6.129116949292127, 53.10272412243171], [6.130684702713536, 53.10291026989806], [6.1348483311454025, 53.104797577148204], [6.14489165939887, 53.1085711209941], [6.150251172315256, 53.11167633722792], [6.163946144606063, 53.120763836049925], [6.175421078723304, 53.125367386816414], [6.185716455705693, 53.129213937742115], [6.192940993030321, 53.123357107920015], [6.202381399660537, 53.11722111758549], [6.205609712051789, 53.115466983561845], [6.206205292316739, 53.11544829166458], [6.2062712198046555, 53.115445012846585], [6.212860486830291, 53.11523306095803], [6.22260678902215, 53.11491466125507], [6.225961863537319, 53.11430065477278]]]]}, "properties": {"type": "boundary", "gemeente": "Opsterland"}}, {"type": "Feature", "geometry": {"type": "MultiPolygon", "coordinates": [[[[6.378537535166372, 53.50729430392909], [6.36129193399067, 53.504759640435104], [6.35610276893726, 53.50603867279009], [6.347431710687046, 53.50596425461817], [6.344421474302926, 53.5066404694106], [6.337760294402224, 53.50631137973594], [6.329246248421611, 53.50726997662052], [6.3335563496412535, 53.504543468533356], [6.3347804231956895, 53.502598786726054], [6.330411393194042, 53.500913772805255], [6.318956886331707, 53.499745740213534], [6.307972511528846, 53.49558022722988], [6.288935565359287, 53.49147050270128], [6.282523734595001, 53.490838026395124], [6.275940907188243, 53.489426128024405], [6.273810122652701, 53.4885803812555], [6.273989529257754, 53.48707394850617], [6.271172131999212, 53.48486644646464], [6.260011404593016, 53.48291896471038], [6.2624196393566915, 53.48079614669674], [6.252232717485026, 53.47797627876779], [6.241071442351233, 53.47657596382344], [6.237169364698709, 53.477140785309764], [6.227468966303717, 53.47703901312914], [6.197468481508084, 53.472872442048725], [6.196820939941283, 53.472403978594784], [6.198714872856014, 53.470556099286306], [6.202954268223314, 53.468532852576416], [6.201995643568431, 53.468238893549454], [6.195133601451445, 53.472404882843946], [6.1693916249410385, 53.47249392847328], [6.1674653965141495, 53.47006792085335], [6.1678673337927465, 53.468149241404205], [6.166567213989368, 53.467925187775535], [6.165841819735799, 53.47196489066517], [6.160576548398302, 53.47192420885972], [6.157068625746534, 53.47038614946491], [6.155896304706986, 53.46667225724705], [6.150294745987698, 53.46568145445522], [6.1521661604556055, 53.46208708496334], [6.15009910487706, 53.460153068397624], [6.142411865481883, 53.45770807607581], [6.13626819293893, 53.46035674837881], [6.137005603576388, 53.46289114346988], [6.1437273173377465, 53.46214038305127], [6.144408440226528, 53.46521264729275], [6.136152947269903, 53.46744664175995], [6.1205511911629475, 53.4604558518075], [6.115395424254536, 53.462908433144094], [6.118892681175584, 53.48293338203325], [6.12466250588167, 53.486806078507584], [6.139047581625012, 53.492849094139906], [6.150308233918534, 53.49711599047283], [6.210090987775387, 53.50282986825233], [6.229097468691951, 53.50531940034463], [6.289261472227546, 53.50854030963611], [6.320060655051632, 53.511836198893555], [6.345152604779418, 53.515507614380155], [6.366921926467943, 53.517355018273065], [6.388080694861057, 53.51713833966884], [6.392577173528744, 53.51483381675869], [6.3906918488476885, 53.510524350173654], [6.378537535166372, 53.50729430392909]]]]}, "properties": {"type": "boundary", "gemeente": "Schiermonnikoog"}}, {"type": "Feature", "geometry": {"type": "MultiPolygon", "coordinates": [[[[6.1763064009966655, 53.15282820567667], [6.1756207375835945, 53.14420264067959], [6.175234569970484, 53.13590310364614], [6.175677278971476, 53.135076855720015], [6.1790689993312435, 53.13399250630153], [6.185716455705693, 53.129213937742115], [6.175421078723304, 53.125367386816414], [6.163946144606063, 53.120763836049925], [6.150251172315256, 53.11167633722792], [6.14489165939887, 53.1085711209941], [6.1348483311454025, 53.104797577148204], [6.130684702713536, 53.10291026989806], [6.129116949292127, 53.10272412243171], [6.125659283470995, 53.1014702732714], [6.124961362643036, 53.10121196575771], [6.114180786569183, 53.086865628930695], [6.1096093814591805, 53.08221087898743], [6.10359368101695, 53.07700593897376], [6.097689759425477, 53.07491368611456], [6.08925654989381, 53.070990719517354], [6.088558872890588, 53.070871904285276], [6.088459977722273, 53.070889958634346], [6.083426658817891, 53.07098738882414], [6.0761290101502325, 53.071159494520856], [6.069401832162268, 53.07210051938677], [6.051049200592842, 53.0727517112446], [6.031736632440577, 53.073862455289046], [6.024399399311037, 53.07336143989744], [6.0198162608965635, 53.07682589312525], [6.0174671657472345, 53.07610551878748], [6.002470713334224, 53.08065326399542], [5.997666576914108, 53.08068817958244], [5.996366865805708, 53.08087578105533], [5.988055879933514, 53.080757455100446], [5.980944171213336, 53.07756591243887], [5.9327999476402855, 53.08118080148744], [5.930313798077366, 53.08101842794735], [5.927580928104947, 53.07839526786577], [5.926706990877153, 53.078486833552454], [5.906412657796379, 53.07844661896077], [5.90377023741987, 53.07924809155229], [5.897039629410561, 53.07900600779258], [5.895418165822822, 53.078837876133434], [5.8949743748197925, 53.076229021492885], [5.873019309005662, 53.07434945534863], [5.871502368284906, 53.074210589446565], [5.870312986197314, 53.08143273181538], [5.871781360774213, 53.08182394201844], [5.872056057216908, 53.08399068970889], [5.874643714278707, 53.085070770901794], [5.877246367964016, 53.085382594293065], [5.883114864376945, 53.08896387485067], [5.883119375269501, 53.09097620150246], [5.88084813963248, 53.09016795071799], [5.8782480480876, 53.09095991075175], [5.882298024911367, 53.09332877274153], [5.88598347623026, 53.09444608545036], [5.882006466816883, 53.10694014640717], [5.910491188156879, 53.10915527489442], [5.915404919374208, 53.10907443489317], [5.926512972128156, 53.108952397911494], [5.930444761856648, 53.10992749756662], [5.933734566866089, 53.109124838138236], [5.945944290303193, 53.1036764666221], [5.949657188341449, 53.10489218724189], [5.94568504126535, 53.11722036489673], [5.943460273597421, 53.12161455243746], [5.94294354769144, 53.12379257316231], [5.944025282998476, 53.124712840826994], [5.94834508517969, 53.12625813383877], [5.950158364264884, 53.12624640577561], [5.950954475806272, 53.12657817948178], [5.950968981093622, 53.1274477641939], [5.961871790714914, 53.13112684583017], [5.974007816323639, 53.13451681237797], [5.986844577736155, 53.141835143214465], [5.997843363681486, 53.14798382771333], [6.000866662272124, 53.14946219214966], [6.012888664088026, 53.15449623744528], [6.019920976879706, 53.15537255642191], [6.040208439690229, 53.15646071138218], [6.049034672433268, 53.15641806881136], [6.062904159566981, 53.15662025377245], [6.062904217545113, 53.156620254262926], [6.079792126231265, 53.15688839964184], [6.085204463378631, 53.15898875759972], [6.087142643484242, 53.15783784311829], [6.085758305090747, 53.15648420388944], [6.088799135494303, 53.15392869944348], [6.088940654780904, 53.15409753520279], [6.090295106684872, 53.15462989638442], [6.090468443244972, 53.15428572246095], [6.091199658647571, 53.15495836075437], [6.093942653522015, 53.156134799479254], [6.104529335529309, 53.1504218726182], [6.105012538980465, 53.151799831435746], [6.109341068000938, 53.15162780364065], [6.119338035332604, 53.149420395469285], [6.121632408302784, 53.144993857935475], [6.143062965375927, 53.15535242458468], [6.148117833112276, 53.15782781518963], [6.148582830186454, 53.156993372799], [6.151986050209477, 53.15083319315556], [6.166762898414687, 53.15599606961884], [6.176750056567748, 53.159504895709716], [6.1763064009966655, 53.15282820567667]]]]}, "properties": {"type": "boundary", "gemeente": "Smallingerland"}}, {"type": "Feature", "geometry": {"type": "MultiPolygon", "coordinates": [[[[5.260338954219778, 53.250254632446534], [5.251316187344121, 53.24929975188612], [5.249378936731277, 53.25010567286717], [5.246255389952712, 53.253875207105324], [5.247800519934173, 53.25539141900591], [5.249743162457377, 53.25541959014645], [5.252896439986806, 53.25547448460792], [5.255022547897654, 53.25442840274721], [5.267376471432375, 53.252649991969776], [5.260338954219778, 53.250254632446534]]], [[[5.159758164602087, 53.29616301394409], [5.159776223223203, 53.29602788915184], [5.1597254073507965, 53.296041522675566], [5.159758164602087, 53.29616301394409]]], [[[5.542852420030417, 53.43931778180371], [5.548737386242891, 53.43564016729895], [5.547592522234768, 53.4307038480808], [5.546226704735127, 53.43144068818731], [5.544484603412653, 53.43626785412935], [5.540958123055167, 53.43327559138149], [5.528835628583233, 53.430276147898056], [5.51082108332959, 53.42765900520277], [5.476336365658788, 53.41747531520874], [5.474347231841583, 53.41383243242409], [5.474945897183121, 53.41075465358458], [5.482370710471489, 53.412064694375275], [5.481099726784531, 53.41006554247291], [5.476158725062118, 53.40836138876669], [5.4697858478043555, 53.40651642458132], [5.458698833277758, 53.40458130419646], [5.427970215855931, 53.4041387663989], [5.404473139919413, 53.40461326212596], [5.392143594057388, 53.40331253676745], [5.383917718591631, 53.40197169352269], [5.377710451563506, 53.40002782767429], [5.371536689890492, 53.396535741068014], [5.367875982065612, 53.395179686113146], [5.356793726034039, 53.38777090147384], [5.349589862661444, 53.38505470702781], [5.344668290908675, 53.383199615495194], [5.337065288849932, 53.3815388567649], [5.332817304300642, 53.381444969558714], [5.329449870728746, 53.38022563177728], [5.324888380952232, 53.378218556385626], [5.3221587500711465, 53.37825508873815], [5.313215366093043, 53.380319568015395], [5.31077497304241, 53.37792115128196], [5.3080665939249565, 53.37670157039089], [5.305399162631034, 53.37588289074982], [5.300192806796001, 53.37586071624872], [5.296540547439876, 53.3761360657519], [5.298498928974058, 53.37477625660921], [5.2956144042153745, 53.37268779305535], [5.295507784015525, 53.37117825962925], [5.293498668044692, 53.37044081078491], [5.282975207658187, 53.37204119286947], [5.278182364547714, 53.37336775548446], [5.274547077005907, 53.373378773186275], [5.2679699943024545, 53.371434331379874], [5.259728783025743, 53.372973357914546], [5.256813193219409, 53.37272949074994], [5.252866938229094, 53.36981585067181], [5.243339897974807, 53.36599753256227], [5.2435573710410335, 53.36546636756369], [5.237865220785627, 53.36720173547042], [5.235746938897712, 53.366409030648434], [5.23383934607652, 53.36658838090584], [5.23316404914163, 53.366111937475374], [5.2265828453841054, 53.36568789470637], [5.226039025929786, 53.36440433458676], [5.222645853483264, 53.36399425331562], [5.225911951286762, 53.36454068530286], [5.226045540456342, 53.36571798169936], [5.221255779616873, 53.365147138143996], [5.221466437230156, 53.36441291540332], [5.21892287814158, 53.362021751143224], [5.218073455698367, 53.36194909340979], [5.217755862705305, 53.36072063057034], [5.216596715889186, 53.358537309916706], [5.217627736897096, 53.357146248628716], [5.216201721516348, 53.35623218300019], [5.215198676992072, 53.35705414666109], [5.212682311900611, 53.35590971635931], [5.211344021116919, 53.35643522745346], [5.209369229163125, 53.35682101304512], [5.210348655236254, 53.35493695529196], [5.209067426847758, 53.35344665613938], [5.191297398347773, 53.34761110535331], [5.1810725653085425, 53.347011149264574], [5.174552743769211, 53.347788956454835], [5.172568524491938, 53.34939448652565], [5.159443380793661, 53.35019648193788], [5.1572799468710695, 53.34797549932517], [5.151464214605617, 53.350179169527664], [5.15652150887388, 53.358222246912256], [5.165248501004786, 53.36980260756963], [5.185543850171455, 53.38785188395495], [5.193542339334052, 53.392551001658425], [5.20143975070757, 53.3946381967457], [5.251226963122707, 53.40409110432434], [5.29726983117828, 53.41134580187016], [5.314413512836533, 53.41401055189981], [5.3640164119659, 53.421744578715376], [5.3760508426061895, 53.42312459284779], [5.472748651612847, 53.44116146212453], [5.49472821149012, 53.444208866068145], [5.5112931253100665, 53.44424125455725], [5.526186824735183, 53.4434820414757], [5.536641682878806, 53.4414019352133], [5.542852420030417, 53.43931778180371]]]]}, "properties": {"type": "boundary", "gemeente": "Terschelling"}}, {"type": "Feature", "geometry": {"type": "MultiPolygon", "coordinates": [[[[6.232290926374278, 52.91343837517952], [6.228785162296463, 52.91030248237879], [6.2068998965283315, 52.89074401106462], [6.200811846454757, 52.88837873597695], [6.1906796633652394, 52.884479024287685], [6.160459519017366, 52.87252101491462], [6.141219126937748, 52.86379996124877], [6.140512557433452, 52.86347842774466], [6.120994868029086, 52.854650158529125], [6.119820018827375, 52.85421535275536], [6.093193363735429, 52.844579955671804], [6.0874807133116775, 52.84311442474712], [6.083298131276817, 52.83948756254341], [6.0810006287675655, 52.83873292016026], [6.061513344156854, 52.83929693330003], [6.056490310885796, 52.837966422921525], [6.054547429005704, 52.837631967836366], [6.052607790157948, 52.83733977599686], [6.054979743558965, 52.83134796243703], [6.059300642176926, 52.826806251118114], [6.0599516127652135, 52.826119227942584], [6.057816992434299, 52.82545335378669], [6.052936479245303, 52.824124068480195], [6.0485371062898095, 52.82154436369133], [6.046958121453074, 52.82052710521485], [6.044519714739286, 52.819752270444745], [6.043508865053721, 52.81960753613092], [6.038209743298276, 52.8177148417319], [6.031169149647493, 52.81499144142327], [6.026617205889025, 52.82107830879396], [6.024559656684198, 52.82254536256078], [6.017900307453723, 52.82190102972581], [6.007484147178566, 52.82004714265085], [5.999079174608293, 52.81691066725227], [5.996508651789661, 52.816562161697476], [5.994210286450452, 52.81911688393517], [5.990575421396068, 52.821597186727985], [5.988904903684159, 52.82206457391084], [5.9864738474332455, 52.82170373526503], [5.986395072669085, 52.821854597288535], [5.981557205485835, 52.82947381042211], [5.976175691069785, 52.8347487406232], [5.972871399662154, 52.840714121884474], [5.9724387515477, 52.841917243981726], [5.973128450995109, 52.84247026419701], [5.969976939463986, 52.84237586546343], [5.958732060790145, 52.83976647953866], [5.9557931079118225, 52.83744235958221], [5.95685414091416, 52.83444322195948], [5.955784463407376, 52.833235084388434], [5.946248096955083, 52.837425205215254], [5.944368957462449, 52.83707153436523], [5.941803410892904, 52.83596904227861], [5.938020342184768, 52.83538223954816], [5.930158620684309, 52.835013358730336], [5.926733042626052, 52.83329221126997], [5.930654672844458, 52.83224801149998], [5.930115998759582, 52.83135699122261], [5.926984150591175, 52.831577227236174], [5.923098532447584, 52.83103493573245], [5.922748154906846, 52.829873011469715], [5.926410461983579, 52.828183883199124], [5.922947065483395, 52.82752626415748], [5.924202912219235, 52.82359027204048], [5.916322128403852, 52.82028074039411], [5.9138608406168816, 52.818622508750984], [5.911966611391539, 52.81611633398929], [5.908584489581972, 52.813712451334105], [5.900658056995893, 52.81182521436442], [5.897882346096304, 52.80780364332463], [5.893429570755051, 52.80628320046848], [5.882578801792109, 52.80391989275289], [5.879581660691305, 52.80120295539971], [5.876293086335701, 52.80085514546387], [5.8686804980295015, 52.80272650315568], [5.8656370065606245, 52.80465073332375], [5.8596408290466435, 52.804536517196524], [5.857027657635632, 52.807229143158594], [5.854803383810213, 52.805518473352905], [5.8499527105034606, 52.806161966508554], [5.843594532526317, 52.805032818555226], [5.842202868982572, 52.80758455022891], [5.838445317223398, 52.805947309171465], [5.836102763202708, 52.805954892221386], [5.837366254034715, 52.80826210366951], [5.833412079964859, 52.8117609227671], [5.828721510179471, 52.81342724513886], [5.824155431233966, 52.813297369345], [5.822355269559529, 52.81510974856645], [5.8203069814196615, 52.81595051770838], [5.81989780778619, 52.81690363092342], [5.819745150948336, 52.817278715896194], [5.818239011035094, 52.81978067498041], [5.818128753652119, 52.82166882002153], [5.819015232001576, 52.82307267347338], [5.821568332364665, 52.82469032594393], [5.8247296745845984, 52.82559015944959], [5.827751408987998, 52.8277097443877], [5.825747322591779, 52.830170114649704], [5.8287086780358175, 52.83176840597436], [5.829237693138269, 52.83346629994256], [5.833008742386207, 52.83656041652699], [5.835880488363208, 52.84104113726968], [5.840017995199349, 52.842996561810004], [5.839910048799468, 52.84692112267198], [5.840838239549773, 52.8483741202932], [5.843928566351254, 52.85487415468116], [5.851280639239994, 52.86268971633631], [5.856057053705578, 52.86764195307969], [5.856959747749291, 52.87097566149375], [5.861755524341626, 52.874679274369335], [5.86454647402412, 52.87608778043802], [5.868099504748065, 52.87903341174451], [5.868425120896884, 52.880298468470414], [5.871104037381408, 52.881673376546566], [5.876972203145977, 52.88682836359263], [5.8805133294145335, 52.888808904591635], [5.88323842316259, 52.8890459976623], [5.884970207382195, 52.889815415537456], [5.886017648737938, 52.89423974809647], [5.8906665128707445, 52.89538042068101], [5.896173050095668, 52.895904615374114], [5.899026239513032, 52.89562733721502], [5.901460576997717, 52.89702847389583], [5.904175236170588, 52.89670127361387], [5.911163871612158, 52.897827801903425], [5.925058089559496, 52.903858664061865], [5.929846240408821, 52.90651533149894], [5.933073797482416, 52.90734086988764], [5.937847018814686, 52.91174076672359], [5.947904883420578, 52.91991576254435], [5.952413816500434, 52.92471027070259], [5.954638967685944, 52.926001512932075], [5.959159424543681, 52.927460609239255], [5.966380786822108, 52.928313157003956], [5.970221387075603, 52.928295841131614], [5.978803619602894, 52.92703284177226], [5.988169162233634, 52.92903348057836], [5.998023645771866, 52.933241386841345], [6.002241451250037, 52.93400478029606], [6.008803417227116, 52.93137099078893], [6.038202559898134, 52.91797092809345], [6.042631280372524, 52.9179395694016], [6.049981221543222, 52.92064744032648], [6.06210183333059, 52.92526111498384], [6.078675012180841, 52.931653465188504], [6.084847805142265, 52.93627512657597], [6.086525459615053, 52.93634185341636], [6.110544738009776, 52.913244690862456], [6.116812053788283, 52.9166054912549], [6.123883205722908, 52.91789187959629], [6.126300948294329, 52.91951372953432], [6.130055979033404, 52.92038753232237], [6.139355798637697, 52.92406581611002], [6.14466820728304, 52.92809238053074], [6.157367887965651, 52.93055233293919], [6.165460561554091, 52.933448974756026], [6.172697760419177, 52.9356634241018], [6.179891008840309, 52.937025299320396], [6.1883464235743535, 52.93887437770708], [6.200561222989767, 52.94301407561791], [6.202524697570875, 52.941499633077534], [6.2011350139724355, 52.94047891718252], [6.200835838242475, 52.939033754009145], [6.207876513343438, 52.93386636762301], [6.20918438272932, 52.93369608333856], [6.210980317657073, 52.93151685266467], [6.21363000787772, 52.92579478209581], [6.247258589540507, 52.92334767545803], [6.244829482851697, 52.91958721352886], [6.242342900523981, 52.918345426068896], [6.232290926374278, 52.91343837517952]]]]}, "properties": {"type": "boundary", "gemeente": "Weststellingwerf"}}, {"type": "Feature", "geometry": {"type": "MultiPolygon", "coordinates": [[[[5.942533094493424, 53.250476105734506], [5.949602730696276, 53.23960173076763], [5.954105036062877, 53.232222593860385], [5.955973774308347, 53.22805701576842], [5.966141102158691, 53.22806162390051], [5.971758220089166, 53.227947241465706], [5.985346640682153, 53.230658877818605], [6.009598457585244, 53.23854279087248], [6.015140342857675, 53.240528983295555], [6.017354357850521, 53.24124069210521], [6.019790665049127, 53.24091440795682], [6.027395151035033, 53.23016470228586], [6.044503103612004, 53.225862476307675], [6.086288632257152, 53.215026147513846], [6.081699327390034, 53.21408594542643], [6.080302164987597, 53.21327605724504], [6.0817742283917555, 53.211431779547226], [6.079269913006466, 53.21076863765446], [6.079263755715069, 53.209647287528675], [6.082922443620527, 53.209978226334464], [6.084015363287297, 53.20851147684505], [6.079210574683134, 53.20683561446491], [6.081288960453602, 53.20266572084073], [6.0814020793379955, 53.20242457598029], [6.082253200624338, 53.198429226090376], [6.085303833648254, 53.1942233383358], [6.088802317457789, 53.1927318038908], [6.098851848142101, 53.18645559657196], [6.102319972546539, 53.1822225035565], [6.108946279415641, 53.176332031083085], [6.109353791398072, 53.17705750916984], [6.114592948463987, 53.175977940885026], [6.11341665631527, 53.17295127714553], [6.105012538980465, 53.151799831435746], [6.104529335529309, 53.1504218726182], [6.093942653522015, 53.156134799479254], [6.091199658647571, 53.15495836075437], [6.090468443244972, 53.15428572246095], [6.090295106684872, 53.15462989638442], [6.088940654780904, 53.15409753520279], [6.088799135494303, 53.15392869944348], [6.085758305090747, 53.15648420388944], [6.087142643484242, 53.15783784311829], [6.085204463378631, 53.15898875759972], [6.079792126231265, 53.15688839964184], [6.062904217545113, 53.156620254262926], [6.062904159566981, 53.15662025377245], [6.049034672433268, 53.15641806881136], [6.040208439690229, 53.15646071138218], [6.019920976879706, 53.15537255642191], [6.012888664088026, 53.15449623744528], [6.000866662272124, 53.14946219214966], [5.997843363681486, 53.14798382771333], [5.986844577736155, 53.141835143214465], [5.974007816323639, 53.13451681237797], [5.961871790714914, 53.13112684583017], [5.950968981093622, 53.1274477641939], [5.950954475806272, 53.12657817948178], [5.950158364264884, 53.12624640577561], [5.94834508517969, 53.12625813383877], [5.944025282998476, 53.124712840826994], [5.94294354769144, 53.12379257316231], [5.943460273597421, 53.12161455243746], [5.9385810441246525, 53.125404439269595], [5.932402327933544, 53.1281341822566], [5.927667714141669, 53.12916267937152], [5.923356663072454, 53.13091052098702], [5.908629514400992, 53.1447812562409], [5.918962859036669, 53.149173386997894], [5.923299957373521, 53.152960265733], [5.931918537607545, 53.16108485288735], [5.933746197231651, 53.16886927168357], [5.932779291685669, 53.170299698893615], [5.925945778937689, 53.16842823538996], [5.9155668827069565, 53.16875937614702], [5.880284420280523, 53.170320691986], [5.861937612286204, 53.17151959019608], [5.857066162983637, 53.181417753626356], [5.854980043024277, 53.185823528651866], [5.8534212430479045, 53.18937241271866], [5.850973653138579, 53.191721700782495], [5.862070346903432, 53.193596744100084], [5.857465743422598, 53.20160049958793], [5.856992806136759, 53.20293281227894], [5.857664619287194, 53.203867190771355], [5.857728229467221, 53.204064194417874], [5.897892229708841, 53.20869801201904], [5.907052391511638, 53.21102978052999], [5.906874740237228, 53.211361166082995], [5.905651092796802, 53.211843222319295], [5.905004124695148, 53.212477064953845], [5.9049727986690055, 53.21391866807089], [5.905932572425386, 53.215014684917094], [5.897864313827494, 53.21465889429804], [5.897900272480269, 53.215389044151706], [5.8938218674476355, 53.21551908932482], [5.894188763835452, 53.217649758263676], [5.88901248876169, 53.21797724390967], [5.888953212934836, 53.22095325855309], [5.897117007180369, 53.22097094655504], [5.89692706013222, 53.22296297782148], [5.889170724105515, 53.22281654150668], [5.889992494160072, 53.22499950026397], [5.880657008694901, 53.224976526531194], [5.879892832516922, 53.2332495556195], [5.859035162093356, 53.230570910716956], [5.852554461969669, 53.23047752923852], [5.8592418942227456, 53.24329351987467], [5.859197394668993, 53.24329280815654], [5.832161710968641, 53.24285738554739], [5.831020365394008, 53.24472359770972], [5.832045424505116, 53.24640328549069], [5.833194885063646, 53.24700809220713], [5.83316717917574, 53.24774557206841], [5.831064731662707, 53.25198942810268], [5.829903760390548, 53.25535179848172], [5.829701486983821, 53.257582935582626], [5.832125747294581, 53.259887915813884], [5.832688822623487, 53.26849091748979], [5.837821190396798, 53.27382898748857], [5.838649859122876, 53.27495005880388], [5.847517538702272, 53.28408675780479], [5.847661501608851, 53.285163382940816], [5.860769283999398, 53.288494550191466], [5.861180781737661, 53.28865849095792], [5.861835521155806, 53.28822176282906], [5.8613463227683935, 53.28804513003508], [5.864154272374354, 53.2868781642888], [5.874611205170301, 53.28260245588538], [5.88224514958735, 53.27678323242344], [5.889596882700134, 53.27215771469097], [5.891563097600222, 53.27098025518599], [5.904314746542565, 53.264233428871755], [5.9125887391002285, 53.26027981751596], [5.9144485724307385, 53.25864717073425], [5.922955445585629, 53.25740578036473], [5.92591401468927, 53.25473055469106], [5.925775273322132, 53.25235392176756], [5.942533094493424, 53.250476105734506]]]]}, "properties": {"type": "boundary", "gemeente": "Tytsjerksteradiel"}}, {"type": "Feature", "geometry": {"type": "MultiPolygon", "coordinates": [[[[6.032300800754222, 53.32549736393995], [6.036329328022192, 53.3243351039631], [6.038417114066522, 53.32517664681206], [6.066774531222032, 53.32363555314223], [6.071220105283148, 53.3247075132601], [6.073646714333912, 53.32484827534971], [6.075663571753845, 53.324294471606855], [6.077752959614371, 53.32208740231993], [6.075141755688109, 53.32173724346174], [6.072959191288253, 53.31642927972732], [6.0718448933422335, 53.30102892094099], [6.070988293714076, 53.30096294893865], [6.071541716344148, 53.29659570144695], [6.06979393225881, 53.29692037672396], [6.073695333786394, 53.29239997202787], [6.072970013609469, 53.29238734154629], [6.065680711579199, 53.29247653597505], [6.05437000809638, 53.290759894856016], [6.051863971305955, 53.26628656556366], [6.050114999342859, 53.266141613769456], [6.049879743727013, 53.264855437347464], [6.049438689137354, 53.26264430088457], [6.048844457989965, 53.25971385986662], [6.047000653069406, 53.25170122519881], [6.046709480602417, 53.250658161528946], [6.0460474443946035, 53.25069909893112], [6.044929196466763, 53.245912972064225], [6.044530410143734, 53.2459155893743], [6.043965552733166, 53.24350278115563], [6.038848804453493, 53.24261694019614], [6.031769478637496, 53.242238371330444], [6.028694296645905, 53.24272063260731], [6.027705493685438, 53.241393244391205], [6.023094146330679, 53.24279181627159], [6.021359638446836, 53.2425327952423], [6.020719476854354, 53.24131330470748], [6.019790665049127, 53.24091440795682], [6.017354357850521, 53.24124069210521], [6.015140342857675, 53.240528983295555], [6.009598457585244, 53.23854279087248], [5.985346640682153, 53.230658877818605], [5.971758220089166, 53.227947241465706], [5.966141102158691, 53.22806162390051], [5.955973774308347, 53.22805701576842], [5.954105036062877, 53.232222593860385], [5.949602730696276, 53.23960173076763], [5.942533094493424, 53.250476105734506], [5.925775273322132, 53.25235392176756], [5.92591401468927, 53.25473055469106], [5.922955445585629, 53.25740578036473], [5.9144485724307385, 53.25864717073425], [5.9125887391002285, 53.26027981751596], [5.904314746542565, 53.264233428871755], [5.891563097600222, 53.27098025518599], [5.889596882700134, 53.27215771469097], [5.88224514958735, 53.27678323242344], [5.8917012181573165, 53.28003901762782], [5.897788225967798, 53.283660527049165], [5.897694365929139, 53.28463444047354], [5.906649174916793, 53.28784003755484], [5.903538973376349, 53.294182345880934], [5.8969046768877185, 53.301526345059784], [5.899049819528188, 53.30248506392884], [5.920887216274325, 53.3110991905747], [5.922254012165563, 53.3126076015739], [5.924361446658949, 53.31308327683194], [5.935015961135132, 53.315671817374316], [5.935081398196125, 53.315661356437595], [5.938419031828086, 53.31566576548418], [5.948895695950093, 53.31778088058074], [5.955685166216356, 53.32141281316818], [5.959204559408328, 53.32149604233762], [5.963858920113961, 53.32285355456083], [5.9687848555372245, 53.32250817541213], [5.9721745754628, 53.321091851512435], [5.9721840872996665, 53.3210522243976], [5.974453307168603, 53.31729795638614], [5.973841269216756, 53.31509769069535], [5.970813780420616, 53.31332087927932], [5.975853138265369, 53.30692782030317], [5.980108596020942, 53.30748979242913], [5.989624583892466, 53.31004335383816], [5.9942918800807945, 53.31013121782636], [5.999056331487644, 53.31048960735643], [6.0092544712345735, 53.30963110756239], [6.011618235161122, 53.308444203814844], [6.016098730304167, 53.30811790699175], [6.020152236648994, 53.308223983084844], [6.0211246387467785, 53.309001314753125], [6.021235283873595, 53.31689941063879], [6.02243818612282, 53.32403134063018], [6.024526296395649, 53.32461221001619], [6.032300800754222, 53.32549736393995]]]]}, "properties": {"type": "boundary", "gemeente": "Dantumadiel"}}, {"type": "Feature", "geometry": {"type": "MultiPolygon", "coordinates": [[[[5.3730020042025135, 53.07225740942975], [5.3765069182562195, 53.07129153905845], [5.378172172572236, 53.07139795332355], [5.378344051319219, 53.072317635517905], [5.3810192192960775, 53.072581613442395], [5.385993085150124, 53.06910470084751], [5.390869907712531, 53.059612313461294], [5.394497256231776, 53.05766599464771], [5.395457642360501, 53.05537435096944], [5.375347994100714, 53.05604959630449], [5.36573349886357, 53.06879913222996], [5.364069321999762, 53.07505970301596], [5.36464065409919, 53.07574103855667], [5.36752234890121, 53.07631333303268], [5.3730020042025135, 53.07225740942975]]], [[[5.4214353144357466, 53.1538148451985], [5.42641822485845, 53.15313232340582], [5.435509204859632, 53.15352629875076], [5.43517548959024, 53.15278368097312], [5.442649352446501, 53.1510903918085], [5.4427397818943675, 53.150271352571686], [5.443907229711011, 53.149937377808364], [5.444628265871538, 53.15109971691067], [5.451117963075532, 53.14992416213445], [5.452849224666289, 53.14809330858199], [5.455109397708698, 53.14758338038852], [5.463027440051118, 53.147268826470516], [5.461435889358461, 53.144547920036054], [5.466696414583673, 53.143728473249794], [5.468336986935713, 53.14333352238826], [5.4696431682146, 53.1451278598916], [5.472191215961697, 53.14661523167793], [5.478496855370953, 53.14529225879237], [5.4772688495528365, 53.14294323102035], [5.479664060393686, 53.142990697324066], [5.482801114597525, 53.14146767297888], [5.484628883925273, 53.14171932632421], [5.487101058145359, 53.14100092980198], [5.4866347261936665, 53.14033253367008], [5.48419119651876, 53.13982073445887], [5.483023547507452, 53.13886152694351], [5.481195025786976, 53.13861640912568], [5.484321075288084, 53.136988891617456], [5.488269972740468, 53.13830619652413], [5.492518017152238, 53.142013128673774], [5.496871059677359, 53.14039218660035], [5.497917948201725, 53.14073612304271], [5.5009402121854585, 53.138980594842636], [5.500806020407914, 53.13847133138116], [5.5028876525217, 53.13784928003041], [5.501068197418413, 53.136225801388], [5.504736992776375, 53.135339855128045], [5.50498496365642, 53.13472794763464], [5.512939814384302, 53.13858145041551], [5.510425429958168, 53.14010207284305], [5.5112928447961105, 53.1408376233049], [5.512504863897881, 53.14187199927781], [5.51170410420257, 53.142166311143065], [5.512395129462991, 53.14314971260779], [5.510198157678254, 53.144541588533926], [5.511596337866909, 53.14576723090852], [5.52085593726435, 53.14641569444025], [5.524645062545095, 53.145544724589044], [5.5276560941167325, 53.145950260931], [5.531211770094627, 53.14788948674597], [5.537951526039361, 53.14446572139093], [5.537656229689367, 53.14210447640131], [5.539181831056703, 53.14198522135945], [5.5396650841626975, 53.1409537570654], [5.542176990077141, 53.13994771706934], [5.543824847852759, 53.13851027117159], [5.54731657331547, 53.1373661245755], [5.550847304795482, 53.13408830012093], [5.554190327736968, 53.132938756718204], [5.555380279701386, 53.13460429038943], [5.557448308462413, 53.13472789628107], [5.558126450193699, 53.13428750613204], [5.559929008835549, 53.134637243397165], [5.562296869745936, 53.131586888081365], [5.563602654239467, 53.13124318613503], [5.562604044705607, 53.130232365079365], [5.565199595867076, 53.12960108190053], [5.571336862241932, 53.12992049336345], [5.573980183443871, 53.13120638538221], [5.574360556265361, 53.13351005050391], [5.575310591185343, 53.134292358040014], [5.5776025711538715, 53.1336936504849], [5.577994218910716, 53.134020209432826], [5.581756009778254, 53.13375045998125], [5.582455580923915, 53.133110610094256], [5.584033239414203, 53.13394993551483], [5.582860438337771, 53.13247793220235], [5.58591916212912, 53.13099794640644], [5.586615636297467, 53.13124674736877], [5.587640944327629, 53.13033579662926], [5.589766045385255, 53.13098180999422], [5.589949744059735, 53.131002203402424], [5.591231330470217, 53.12881842622545], [5.594420192772655, 53.1294705073104], [5.5963311004291, 53.125964239104334], [5.618871519754771, 53.13611867081183], [5.622215614181375, 53.13824861078244], [5.625413180862365, 53.13418812628155], [5.624209196278951, 53.13389148364054], [5.626235710554363, 53.13200839554069], [5.624482477050279, 53.128480977684305], [5.6218934101943, 53.12694630888498], [5.624481017252589, 53.12820084701093], [5.627501960005396, 53.12820604176292], [5.627423411282702, 53.12670367455009], [5.6320884057952725, 53.12627092400723], [5.632186452273437, 53.1255899465503], [5.635399948752997, 53.12541490093967], [5.6373475883697735, 53.12414978389456], [5.643025336048461, 53.12288273944233], [5.646412391670071, 53.116350815460876], [5.65650981196411, 53.1123661813011], [5.6565650149613385, 53.112382422252104], [5.65948346027579, 53.11598541918278], [5.680036728546053, 53.128576174683836], [5.6848803935208005, 53.12826821592178], [5.685973755886994, 53.1298681502298], [5.69223225193649, 53.12884918040966], [5.692216856596247, 53.12881449350373], [5.691573176722288, 53.12736418043618], [5.694373011666494, 53.126970230232], [5.694373450151637, 53.126970177169355], [5.695616241974919, 53.126826630775525], [5.693890395508542, 53.12290201382433], [5.695451325224668, 53.12257832627571], [5.696107807349203, 53.119942635756765], [5.700612413894161, 53.115775740283375], [5.707938616181649, 53.11969953850713], [5.709866095428349, 53.11960373115434], [5.718392548139602, 53.11972970148752], [5.724434632929723, 53.123427182519116], [5.727953447352647, 53.1224057132213], [5.730559671003607, 53.12053988297693], [5.733252611075293, 53.12019294499491], [5.737153509227207, 53.12083656118999], [5.736178650599193, 53.121902983992655], [5.745520657452333, 53.12548296162024], [5.7514836967275444, 53.12594321193596], [5.75456313831333, 53.12466373564225], [5.756243756894431, 53.12083743195546], [5.7565898463395895, 53.115781375833734], [5.757449002611979, 53.11271630099152], [5.761404109233393, 53.113679847813465], [5.762646509149615, 53.111639621656614], [5.762627803111077, 53.10881823064369], [5.769398239099919, 53.10653638396791], [5.769717818774531, 53.10598620509755], [5.767779453441256, 53.105064643455414], [5.769533092527545, 53.103264040556965], [5.771109535519231, 53.102923712945916], [5.774208724778552, 53.103810186426], [5.776964263736198, 53.103458048935146], [5.78057254937168, 53.10189501093063], [5.784615759478015, 53.099030703319386], [5.787380554371238, 53.0984974847874], [5.788153388066208, 53.09655590138161], [5.77813383415944, 53.09273250119175], [5.771384102954785, 53.0891067296871], [5.772041804523575, 53.08838063271367], [5.771188273788402, 53.087944757741596], [5.771482835187183, 53.08764820882034], [5.772809711271081, 53.08761434195027], [5.774378985599357, 53.08570263305847], [5.77262973166018, 53.08182237127692], [5.7710096466530825, 53.08107790906053], [5.764282917697578, 53.08027696464567], [5.7735638476170585, 53.074109911717535], [5.775054130590592, 53.06664496124152], [5.766683815493248, 53.06224110750914], [5.761843376856987, 53.06079917080991], [5.763125013235189, 53.0566223253561], [5.766813265196392, 53.05054611934928], [5.769543489164307, 53.04953381422534], [5.770696713400454, 53.04744372647859], [5.7685389369004225, 53.04667289293069], [5.76729077015793, 53.047283297352955], [5.767480266770107, 53.04644836631357], [5.759838726158486, 53.04669062456341], [5.755432416931514, 53.046838778016365], [5.736704975414285, 53.030152564783386], [5.733241669407586, 53.015438654232696], [5.736164662056497, 53.01389337348937], [5.74806628552701, 53.0084619295797], [5.748891587069166, 53.00784246509766], [5.748181588459463, 53.007282440538766], [5.742182943370425, 53.005351964594816], [5.7415002314079615, 53.004298338454035], [5.742258577670323, 53.00230113614601], [5.738942678039972, 53.00119664557533], [5.733566079821253, 53.0009305210935], [5.731034343281239, 53.00137243081417], [5.723169031374363, 52.999053855791566], [5.721872578836183, 52.99758255122118], [5.716132867769284, 52.995164846214806], [5.714453579954784, 52.99337463479971], [5.713118075220808, 52.990331330881304], [5.707188045957285, 52.98658593685494], [5.707777291653138, 52.985109302537985], [5.706542207255741, 52.98447576168724], [5.705174993820895, 52.98424366296422], [5.697369672183631, 52.986088448877574], [5.691859413804677, 52.98859160808351], [5.690801549517753, 52.9882720160322], [5.690702194722506, 52.98817925334371], [5.6880907446908955, 52.984868862375215], [5.68744344375651, 52.98208084248366], [5.690323240837968, 52.97419381190329], [5.6908735550200555, 52.9670400184426], [5.690750661104144, 52.96255752676491], [5.6891350479176275, 52.94552061908242], [5.688141822386603, 52.93627269086097], [5.689326583047045, 52.932966985902766], [5.683340939630761, 52.93388144433572], [5.679066851799129, 52.93295217691667], [5.663772621604907, 52.93432052330505], [5.655822833186533, 52.93503904822535], [5.642455454210076, 52.936167678505235], [5.6399786739242534, 52.92246986337276], [5.639634189364539, 52.9224167578694], [5.620750891164918, 52.91950396328534], [5.594259962546115, 52.91541197605014], [5.582602515981921, 52.92941351501104], [5.5802748480856135, 52.93275250110634], [5.580528018180952, 52.933959626254875], [5.578901189252696, 52.93394210186117], [5.577259581818185, 52.93520495663668], [5.572818966263589, 52.94224692882612], [5.569573876079949, 52.94474296183013], [5.569021812830396, 52.94553537115445], [5.56447417304647, 52.94736596465699], [5.511831630110242, 52.9269751655187], [5.495217685725923, 52.91557669663857], [5.489950298556048, 52.911746187002215], [5.477120521539865, 52.90258641816597], [5.488774388952059, 52.89279026210285], [5.4938448835257, 52.88983618999875], [5.489712584041856, 52.88603046128597], [5.494327221370278, 52.8829576698697], [5.50181903137975, 52.88004396884306], [5.5010972816256825, 52.87957160560043], [5.495902833072662, 52.87605498911337], [5.495517188694349, 52.87381618786381], [5.490171574675823, 52.87143277059819], [5.487487089220181, 52.873398973304646], [5.485234293849099, 52.871693509036994], [5.4770928305836035, 52.868766717035435], [5.473658289073052, 52.871241915476205], [5.472470027295269, 52.872972303364975], [5.468689241056769, 52.87179459914814], [5.4677186571119005, 52.87256387828083], [5.465129069422131, 52.87130156085098], [5.457526839734304, 52.87212728232589], [5.457437420385241, 52.871677032284076], [5.447896105252139, 52.872710905162], [5.443652043842703, 52.873721123144875], [5.4325324738587, 52.8746503592613], [5.426245203659269, 52.87332674542942], [5.4324007910919345, 52.8699046007762], [5.433352149226578, 52.87010911994876], [5.438087860306291, 52.8602389492969], [5.437421969155535, 52.8597328683819], [5.441005112006963, 52.85091663647383], [5.438534280248772, 52.85110319661864], [5.430794059997676, 52.8500397189513], [5.426126879412133, 52.848135459129416], [5.414882792073579, 52.850254963293054], [5.398081727631025, 52.85710086195129], [5.389861852571057, 52.861942977918474], [5.384203461974926, 52.86652088251849], [5.379277479609994, 52.86850584563747], [5.373745917843576, 52.871181140769416], [5.369193413737983, 52.87239069625559], [5.3650946135137545, 52.87278432887687], [5.366404259521065, 52.87354868809698], [5.363828417753996, 52.876154077776896], [5.363338059899166, 52.87608440585112], [5.360469369406682, 52.87630692321206], [5.360423359141143, 52.87639644424955], [5.3634228496803, 52.87656426454717], [5.36471696954397, 52.87688759692944], [5.3637766967554, 52.878160592455956], [5.362556905547703, 52.8779933181306], [5.361766415565581, 52.878177327379845], [5.361282690588047, 52.87784150680692], [5.361200521965149, 52.87788820061779], [5.361777088278804, 52.878344019677876], [5.362577887312194, 52.87834124399024], [5.362303776548989, 52.87891767404033], [5.36096433617928, 52.87880412901191], [5.359723503169744, 52.878971844772366], [5.356751962491221, 52.884178858539094], [5.355085351160202, 52.88497340916544], [5.354381471992005, 52.886002528058434], [5.35367698837384, 52.885985680696564], [5.35506726248378, 52.88677556092187], [5.3553158438528214, 52.886676818712615], [5.354591778089513, 52.88630255782068], [5.355767275650173, 52.885860986397276], [5.3581873715488975, 52.88595416664458], [5.358272537798875, 52.886223044800005], [5.356824773334647, 52.88637858722079], [5.356763609346954, 52.88658068599192], [5.361368601376228, 52.88702817634454], [5.361318519106604, 52.88755905634958], [5.354816987945586, 52.8873794601543], [5.352343548871841, 52.886187659832615], [5.352072872781067, 52.88638189821675], [5.357632061719833, 52.88910915476151], [5.360352804821507, 52.89232497726972], [5.364283337279583, 52.89424753607686], [5.368814064683745, 52.898005010903724], [5.37137359737097, 52.89940055970024], [5.383369400785865, 52.90258869428553], [5.388794094733089, 52.90543729307491], [5.390906860367099, 52.90563808199576], [5.393445189880863, 52.904707517315614], [5.397338252067084, 52.906317497717936], [5.401019375371729, 52.906051108185075], [5.406790960764189, 52.910114371572995], [5.407220444245935, 52.91322992294509], [5.407927123090189, 52.91376608666257], [5.407155398123715, 52.91739900365021], [5.409289688135263, 52.9215092064954], [5.405894244288643, 52.92621474220087], [5.402209122020624, 52.93671052569515], [5.40102614115898, 52.93918274997198], [5.395905732964839, 52.943029372717696], [5.402280314004402, 52.9452141705063], [5.402373757237646, 52.94507180018421], [5.401725701579653, 52.94448577971213], [5.402651295349082, 52.94384279861207], [5.403086139211188, 52.943899305762486], [5.40283858096207, 52.94468755679045], [5.403661587715695, 52.94475593953256], [5.403742960935569, 52.94398651480486], [5.404822484004835, 52.94396952398699], [5.40486299723184, 52.94508880308299], [5.406374281338316, 52.945116415208844], [5.406392634948206, 52.947034517692806], [5.403990244371311, 52.947085127665275], [5.402808114144949, 52.946697422967745], [5.402554126800351, 52.94643425577296], [5.402844619505161, 52.94509311676353], [5.403354736825347, 52.94512946207689], [5.403324108213693, 52.94494508759321], [5.402730813945626, 52.94493767191418], [5.4023616427249594, 52.94592290774457], [5.40235012308195, 52.94643262754001], [5.402624695264341, 52.94675133782238], [5.403949730205535, 52.947202748067525], [5.406598022167519, 52.947191283949174], [5.407868521763402, 52.94642264402843], [5.409115990499983, 52.94788842800904], [5.408810892442736, 52.950642728839014], [5.409579234668326, 52.95144633674191], [5.408940690459703, 52.95395826134524], [5.40772874024441, 52.9535940053596], [5.406810108500972, 52.9562599790708], [5.408346808750482, 52.95692184534589], [5.408057843916951, 52.95955845162169], [5.406113284920313, 52.9590074753079], [5.404533851728635, 52.959775431616606], [5.41084364393597, 52.96054021645332], [5.43222938035377, 52.97103214625345], [5.431976205662875, 52.971202490586656], [5.421825142749271, 52.96633130113811], [5.418317902848453, 52.96891918480703], [5.417475211809452, 52.96886976127236], [5.418076373097984, 52.96661290980334], [5.4194536289245425, 52.96519300130777], [5.411334457172686, 52.961295080885314], [5.412785395654624, 52.96352644646793], [5.410297434863019, 52.970395218374236], [5.408136674710489, 52.974269956584635], [5.405871805171005, 52.976372232886185], [5.4028956332005125, 52.98442450945075], [5.3994729419946585, 52.99000757474901], [5.3986238392975565, 52.99664009814213], [5.396797370222716, 53.00282016313131], [5.401148138900652, 53.005300015124085], [5.40536954550918, 53.01174788334714], [5.406887755572586, 53.01135009749122], [5.407902614195194, 53.01331757585968], [5.405711555831797, 53.01259344254179], [5.404701068607976, 53.013348912430416], [5.4065518028287505, 53.01445606539318], [5.408386085357541, 53.018468116572606], [5.408094533853514, 53.020297783958625], [5.397670568228881, 53.02343342290126], [5.3967722817790085, 53.0250751996252], [5.39838582260121, 53.027894641346236], [5.396108667032538, 53.028630395868504], [5.396605282351472, 53.030142115010506], [5.401185686770774, 53.03033291074098], [5.40287738145996, 53.03163898760265], [5.400952888233936, 53.03529348091896], [5.4010637819948135, 53.03769720092491], [5.402224499511245, 53.037790515881014], [5.403679292217694, 53.03688131370964], [5.404995143854672, 53.03413899542824], [5.406821069878739, 53.03309317342169], [5.403126470318942, 53.03958865012601], [5.404397448341436, 53.04212507814701], [5.40458564827155, 53.04724184385571], [5.403505272949359, 53.048521919800876], [5.403211662730154, 53.04409206443252], [5.401302973989611, 53.041213322339175], [5.40006722333143, 53.033636038466426], [5.398695566064973, 53.03247679642877], [5.394287665295329, 53.03212792573838], [5.392870607288863, 53.03359435878574], [5.393612276656734, 53.03444709024648], [5.389202476052604, 53.0406287117466], [5.3849278519738135, 53.044590173512915], [5.384067502130316, 53.04500828744542], [5.376188374179981, 53.042819979170815], [5.37423784103145, 53.044307450391756], [5.373626494410975, 53.04570645011571], [5.379927660237182, 53.04710239497535], [5.380173470539248, 53.04786815463926], [5.378036529562758, 53.05338324253528], [5.376065465673093, 53.054750072551855], [5.392935079358349, 53.054839199938826], [5.395965178451108, 53.05168586928518], [5.395031052209949, 53.05022068250068], [5.400425052267186, 53.049896621912175], [5.4008880655123574, 53.05046543626912], [5.396745436570104, 53.05064482425751], [5.396606368589763, 53.051620591166746], [5.397535808523425, 53.051873834035355], [5.396639676210526, 53.05207978302942], [5.394840377656557, 53.054810436308514], [5.397089058461936, 53.0548013765233], [5.399160056086093, 53.05179333532508], [5.400227809495607, 53.051752175790554], [5.39827743989337, 53.054763414450136], [5.401205997142699, 53.05390858299561], [5.40267041847169, 53.05168009575765], [5.403753595341951, 53.05174499166725], [5.402106265088598, 53.05444484474201], [5.4010420602248095, 53.0547607094792], [5.3970835865470175, 53.05928912177659], [5.394834970323615, 53.06085606465648], [5.392629231393568, 53.06316718744878], [5.3911861504463685, 53.06677122308933], [5.389931481678502, 53.06951688557834], [5.391184951481313, 53.07295782830233], [5.389397518984141, 53.07540852218254], [5.389426815655041, 53.07678752625461], [5.382749088504195, 53.08493515693929], [5.379408910550051, 53.091650740505465], [5.374599118722069, 53.09102570855439], [5.350809688145152, 53.07732671145365], [5.344375224250193, 53.074900728218594], [5.343864756704274, 53.07372294787441], [5.338068822267148, 53.07273003595854], [5.3388745915010505, 53.070424638810444], [5.339051981395093, 53.068008015805546], [5.339987423736217, 53.06636227662085], [5.339770307859468, 53.06500661356131], [5.339584273823355, 53.06495906492117], [5.339506734433107, 53.06638197661678], [5.338188526353202, 53.06916478898521], [5.3375556938739726, 53.06911935140257], [5.337542882616219, 53.06841927241632], [5.337443260373797, 53.068414028197935], [5.3367338180526485, 53.07001937364447], [5.337615437523688, 53.070136038314836], [5.336242780727563, 53.073249228486176], [5.335058393025665, 53.073706923381586], [5.334533451659994, 53.07198727207973], [5.335360255524952, 53.06988185161968], [5.336493548939596, 53.06998683280657], [5.337198668350868, 53.068385620514576], [5.336004699258763, 53.06824065935609], [5.337390352110702, 53.06481948391158], [5.3406986514165, 53.063581847390935], [5.340417574362976, 53.0633991559028], [5.337081253286858, 53.064867862289965], [5.333554084460527, 53.07238245401939], [5.331176497343936, 53.073284851342734], [5.3274245690908355, 53.07267902344771], [5.326640093963044, 53.07136376390191], [5.32635170045242, 53.071838649686136], [5.3243281912286236, 53.07162027444431], [5.322907105345757, 53.07188086377595], [5.30167975916281, 53.06851835717497], [5.297124745209627, 53.0672430351944], [5.221807518574388, 53.028096203866404], [5.213385060785664, 53.02321798222515], [5.212708490323729, 53.02126452833971], [5.210962671291888, 53.02028020839756], [5.2079163362426915, 53.018926350496464], [5.20656393459986, 53.0195279243225], [5.2046988467163615, 53.01864979439268], [5.207225791691142, 53.01706974102477], [5.20252831608134, 53.01751124169931], [5.166761974202197, 52.99925930274501], [5.165882601256959, 52.99986741589197], [5.201905103738215, 53.01876445400237], [5.201614177997537, 53.02084444354742], [5.203528344665937, 53.019615344898355], [5.293235433614915, 53.066552862991074], [5.301156938276424, 53.069287093351655], [5.323648592882838, 53.07284460076725], [5.324918703174019, 53.07436068386641], [5.322956297604448, 53.07906791307663], [5.326998563505973, 53.079640357930565], [5.327110830263032, 53.07940545204855], [5.323714948615055, 53.078816541609825], [5.325831467082434, 53.07370521111309], [5.327360474131401, 53.07301748852968], [5.330979452654071, 53.07362722784471], [5.33233102074195, 53.074686766227515], [5.33146053442751, 53.07753798156623], [5.333390944073318, 53.07968281639977], [5.3325886245454255, 53.08013181342583], [5.332918578091026, 53.08031587991105], [5.334323209211753, 53.07968545099786], [5.331966018837248, 53.07737277502241], [5.332937664895643, 53.0751399626124], [5.33487554545895, 53.07419189035964], [5.3354894218291005, 53.07546855801137], [5.334923928121015, 53.07707555414604], [5.336567389422837, 53.07726290569912], [5.338370164070624, 53.07511761538641], [5.343710901022584, 53.07607903417581], [5.348536640710894, 53.077705352560265], [5.37786856540437, 53.09493839948815], [5.380652339916952, 53.09820350933082], [5.382385686716337, 53.104604021595044], [5.379188991185861, 53.107120281037204], [5.3790189458962505, 53.10806203625742], [5.387414841462212, 53.111182040221024], [5.396057734367058, 53.1144849193755], [5.399027407193451, 53.116109609411815], [5.400927185680543, 53.117523091045285], [5.404399114468895, 53.12152664259145], [5.406173035896772, 53.12672374764595], [5.409706586472197, 53.13741180814702], [5.411597784449727, 53.15193981520375], [5.412690942595956, 53.15196815806326], [5.413031321367793, 53.152885933830945], [5.41347811748394, 53.152718451357714], [5.414894002934985, 53.15219595792638], [5.414195301016584, 53.15163713292461], [5.417089258799696, 53.150822952991284], [5.4214353144357466, 53.1538148451985]]]]}, "properties": {"type": "boundary", "gemeente": "Súdwest-Fryslân"}}, {"type": "Feature", "geometry": {"type": "MultiPolygon", "coordinates": [[[[5.800272793724533, 53.04790905884137], [5.809041483947887, 53.04368520166055], [5.823185979154312, 53.0384320311097], [5.836009010539389, 53.030974219468035], [5.849335330725281, 53.02390530826814], [5.857602910042169, 53.01700870138948], [5.86612668564959, 52.99979682088379], [5.877480590648035, 52.99085504836235], [5.882840855404757, 52.986723311552694], [5.886076511704005, 52.98402505033778], [5.887267146336618, 52.981515422368844], [5.867215118594167, 52.978621994452745], [5.869238805810066, 52.96874084742301], [5.870970674814898, 52.964441900143065], [5.887570757161037, 52.9670104855189], [5.88807661507451, 52.96645740968505], [5.8859887542177205, 52.96611171970362], [5.886154011264676, 52.96571120660023], [5.888519863837178, 52.96505663506503], [5.8910268019812335, 52.961697241992766], [5.891682947438129, 52.961915278618044], [5.891630163143145, 52.962278373049244], [5.894767782920401, 52.96317947126922], [5.89563336969882, 52.96214777167273], [5.897415472296224, 52.96307725180336], [5.898113164870202, 52.962393640774096], [5.902305003162784, 52.9573692662872], [5.905447564819361, 52.955630291294064], [5.905711019761632, 52.95551544099566], [5.904885617985215, 52.95416417895621], [5.914181096337021, 52.94292250475854], [5.912983577988684, 52.94060294361876], [5.919088317308276, 52.932949649379935], [5.923569666869677, 52.927303446785025], [5.933359790153075, 52.91502461895558], [5.9378470188146855, 52.91174076672346], [5.933073797482416, 52.90734086988764], [5.929846240408821, 52.90651533149894], [5.925058089559496, 52.903858664061865], [5.911163871612158, 52.897827801903425], [5.904175236170588, 52.89670127361387], [5.901460576997717, 52.89702847389583], [5.899026239513032, 52.89562733721502], [5.896173050095668, 52.895904615374114], [5.890666512870743, 52.895380420680944], [5.886017648737938, 52.894239748096304], [5.884970207382195, 52.889815415537456], [5.88323842316259, 52.8890459976623], [5.8805133294145335, 52.888808904591635], [5.876972203145977, 52.88682836359263], [5.871104037381408, 52.881673376546566], [5.868425120896884, 52.880298468470414], [5.868099504748065, 52.87903341174451], [5.86454647402412, 52.87608778043802], [5.861755524341626, 52.874679274369335], [5.856959747749291, 52.87097566149375], [5.856057053705578, 52.86764195307969], [5.851280639239994, 52.86268971633631], [5.843928566351254, 52.85487415468116], [5.840838239549773, 52.8483741202932], [5.839910048799687, 52.84692112267188], [5.840017995199349, 52.842996561810004], [5.835880488363208, 52.84104113726968], [5.833008742386207, 52.83656041652699], [5.829237693138269, 52.83346629994246], [5.828708678035817, 52.83176840597422], [5.825747322591777, 52.830170114649604], [5.8277514089879965, 52.82770974438759], [5.8247296745845984, 52.82559015944959], [5.821568332364665, 52.824690325943834], [5.819015232001576, 52.82307267347329], [5.818128753652119, 52.82166882002153], [5.818239011035314, 52.81978067498041], [5.819745150948335, 52.817278715896094], [5.817071708806805, 52.81668871475643], [5.8100164893363635, 52.81388388118314], [5.795177974844035, 52.80652216357271], [5.789807612116258, 52.80369180900812], [5.787376440938202, 52.80896935439919], [5.784383102659774, 52.81747611070476], [5.7488082744243645, 52.839680001841096], [5.745719829990701, 52.84023664929791], [5.72468283098168, 52.84398267724323], [5.72482472591792, 52.84362374253424], [5.727248153763832, 52.83691663217078], [5.729574869293183, 52.83372698909855], [5.728664311746874, 52.833398443384304], [5.7226999215398395, 52.836075073309445], [5.713082180328064, 52.838027687802054], [5.712363746672664, 52.83830041083717], [5.712603374107749, 52.83960578880444], [5.712054067295823, 52.84007506813247], [5.712702099568481, 52.84099970395062], [5.710655616869435, 52.840403211626544], [5.710201209040828, 52.83894983852163], [5.708841808341442, 52.83848605154737], [5.710026628662744, 52.8407153006204], [5.716630629630413, 52.84256619016107], [5.71490851054432, 52.842677283642196], [5.71526446490902, 52.84328428679343], [5.714606292438651, 52.84253570330782], [5.711367049114724, 52.84164486164986], [5.709754006054851, 52.84187717748178], [5.707940402073214, 52.83814602488703], [5.706164726924676, 52.83878606423987], [5.70778456957898, 52.84175172442089], [5.702599419188595, 52.843622912880804], [5.702315760689468, 52.8431273685552], [5.705673297718674, 52.84170593654008], [5.706057125811346, 52.840754844887044], [5.7052161784540285, 52.839925164429914], [5.704593748419108, 52.840157600179126], [5.703716156687927, 52.83889182381717], [5.704562854557701, 52.838519151460275], [5.7033058754817985, 52.83775934797474], [5.699350379450834, 52.84085884295357], [5.70019565375135, 52.842917366515195], [5.698005637481616, 52.84424066021082], [5.695161341551355, 52.84462568031637], [5.694624227304005, 52.844120483022216], [5.693946491847793, 52.844390536268314], [5.69311713298586, 52.845143676995804], [5.685150732410559, 52.84594465239949], [5.683701774840781, 52.84478305803543], [5.68031806537794, 52.84525229415437], [5.680408320183018, 52.84594638135253], [5.679686751540715, 52.846170975437545], [5.678531145535531, 52.845137325158994], [5.673565251387067, 52.84511959478867], [5.668238024935644, 52.84464492092294], [5.669410689166898, 52.841001573873775], [5.664615281462144, 52.84432198036871], [5.657599076093985, 52.843696212054375], [5.657175552027254, 52.84510884992575], [5.654834304603397, 52.84596267718725], [5.653904133965913, 52.84724755831929], [5.6545459092009, 52.84778204396261], [5.656382964302741, 52.84767769259305], [5.657249476050565, 52.85399827833355], [5.644618780189603, 52.8603861464597], [5.643374334618795, 52.85990040388938], [5.641252574476854, 52.8602826130168], [5.634625428916797, 52.858368783574505], [5.61846614367517, 52.85096674041596], [5.616605835847541, 52.85070964583139], [5.607885161412539, 52.851806755111056], [5.601375910837825, 52.851985288329146], [5.585257422547754, 52.84937898304387], [5.5827045825709245, 52.847339507465264], [5.58298184771012, 52.84509836911269], [5.5799957016087385, 52.839732962250714], [5.573091653090936, 52.836170255694704], [5.567341696426296, 52.83423101812838], [5.558891115264243, 52.833013206155954], [5.5527669849133625, 52.83259069508087], [5.544853760989804, 52.83306665900769], [5.526952959053708, 52.83745163488083], [5.500010253150403, 52.84577410827984], [5.486179122155406, 52.84918448214579], [5.472930814430489, 52.85169099968535], [5.46693401916862, 52.851926470563235], [5.453666076277302, 52.854706933042706], [5.450423054432696, 52.85408863564388], [5.449017045080246, 52.85213308251576], [5.4473298119903895, 52.85152363206115], [5.441005112007074, 52.850916636473755], [5.437421969155644, 52.8597328683819], [5.4380878603064025, 52.8602389492969], [5.433352149226688, 52.87010911994875], [5.432400791092044, 52.869904600776195], [5.426245203659379, 52.873326745429324], [5.4325324738587, 52.8746503592613], [5.443652043842811, 52.873721123144875], [5.447896105252139, 52.872710905161895], [5.457437420385241, 52.871677032284076], [5.457526839734416, 52.87212728232589], [5.465129069422242, 52.87130156085098], [5.4677186571120115, 52.87256387828083], [5.468689241056879, 52.87179459914806], [5.472470027295269, 52.872972303364975], [5.473658289073162, 52.87124191547608], [5.4770928305836035, 52.868766717035435], [5.48523429384921, 52.87169350903693], [5.487487089220292, 52.87339897330455], [5.4901715746759345, 52.87143277059819], [5.495517188694349, 52.87381618786381], [5.495902833072662, 52.87605498911337], [5.5010972816256825, 52.87957160560043], [5.501819031379861, 52.88004396884306], [5.494327221370388, 52.882957669869555], [5.489712584041966, 52.88603046128597], [5.4938448835257, 52.88983618999875], [5.48877438895217, 52.89279026210285], [5.477120521539974, 52.90258641816586], [5.489950298556159, 52.911746187002215], [5.495217685726034, 52.91557669663857], [5.511831630110352, 52.92697516551863], [5.564474173046581, 52.947365964656896], [5.569021812830508, 52.94553537115435], [5.56957387608006, 52.94474296183013], [5.572818966263699, 52.942246928826115], [5.577259581818296, 52.93520495663656], [5.578901189252807, 52.93394210186104], [5.580528018181064, 52.933959626254875], [5.580274848085724, 52.93275250110634], [5.582602515981921, 52.929413515011], [5.594259962546115, 52.91541197605014], [5.620750891165027, 52.91950396328524], [5.639634189364538, 52.922416757869264], [5.6399786739242534, 52.92246986337276], [5.6424554542101895, 52.93616767850524], [5.655822833186643, 52.93503904822525], [5.663772621605019, 52.93432052330505], [5.679066851799129, 52.93295217691657], [5.68334093963087, 52.93388144433571], [5.689326583047045, 52.932966985902766], [5.688141822386602, 52.93627269086084], [5.689135047917736, 52.94552061908229], [5.6907506611041425, 52.96255752676482], [5.690873555020166, 52.9670400184426], [5.6903232408380795, 52.974193811903206], [5.687443443756623, 52.98208084248366], [5.6880907446910065, 52.984868862375215], [5.6907021947226175, 52.98817925334371], [5.690801549517752, 52.98827201603212], [5.6918594138047895, 52.98859160808351], [5.697369672183741, 52.986088448877446], [5.705174993821004, 52.984243662964104], [5.706542207255852, 52.98447576168724], [5.707777291653248, 52.98510930253788], [5.707188045957395, 52.986585936854816], [5.713118075220917, 52.9903313308812], [5.714453579954894, 52.99337463479961], [5.716132867769394, 52.99516484621468], [5.721872578836293, 52.99758255122109], [5.72316903137436, 52.99905385579146], [5.731034343281348, 53.001372430814044], [5.733566079821365, 53.0009305210935], [5.738942678040083, 53.00119664557533], [5.742258577670321, 53.00230113614585], [5.74150023140807, 53.00429833845391], [5.742182943370536, 53.00535196459482], [5.748181588459576, 53.00728244053877], [5.748891587069277, 53.007842465097646], [5.748066285527008, 53.008461929579575], [5.736164662056608, 53.013893373489374], [5.733241669407697, 53.015438654232696], [5.736704975414397, 53.030152564783386], [5.755432416931513, 53.04683877801626], [5.759838726158485, 53.046690624563304], [5.76748026677033, 53.04644836631358], [5.76729077015793, 53.047283297352955], [5.76853893690042, 53.04667289293056], [5.770696713400454, 53.04744372647859], [5.7710120590405545, 53.04696845240628], [5.769846974013823, 53.045849940772314], [5.7739126164382695, 53.04592239247636], [5.79638627830585, 53.058840022981954], [5.7987488183496465, 53.056196004705214], [5.795525254664182, 53.054877061030304], [5.796458432173038, 53.053737932896546], [5.795818069496915, 53.05301666618496], [5.797947190627403, 53.04980937669969], [5.800272793724533, 53.04790905884137]]]]}, "properties": {"type": "boundary", "gemeente": "De Fryske Marren"}}, {"type": "Feature", "geometry": {"type": "MultiPolygon", "coordinates": [[[[5.722392219784503, 53.32231494681632], [5.721415491063249, 53.316034432218196], [5.729683107868139, 53.31745333247575], [5.749302018168428, 53.31355633188675], [5.747165035185953, 53.30992440815559], [5.744770929910555, 53.30878973177554], [5.739394199118782, 53.30398870959578], [5.7353845055233945, 53.29472214611929], [5.735156924317964, 53.29437114617351], [5.730572373402783, 53.29446962044199], [5.729876374531698, 53.293886861783335], [5.727982675504923, 53.29170392485022], [5.727084362231732, 53.28938357282137], [5.727026892646288, 53.28914826367348], [5.727642950850207, 53.289073608720344], [5.727616751261906, 53.28895379102487], [5.7266182760584865, 53.28899001396971], [5.725499873415486, 53.28914749888528], [5.724849961585485, 53.2877341948308], [5.726350936567999, 53.28760848307705], [5.723843339814859, 53.28443187074873], [5.724027729178614, 53.284381717211595], [5.7220443062010276, 53.2804760749684], [5.721358526678382, 53.27957340922628], [5.720130201520645, 53.274917888131895], [5.722307272766831, 53.27153363069104], [5.727340749943776, 53.268346707166494], [5.735387602341544, 53.26471480277181], [5.729836582383317, 53.261236923305674], [5.732601606085942, 53.2571678429653], [5.7359576790599744, 53.25147115268892], [5.736133759298478, 53.248903589843586], [5.733620375498739, 53.24851510608036], [5.735274733930312, 53.24704624372659], [5.743916652802988, 53.24109917996971], [5.736012622834268, 53.23743601403641], [5.734954534932712, 53.23805517624002], [5.729769551489205, 53.23525550797139], [5.73814837509728, 53.23128443912141], [5.733625821136922, 53.23089580067063], [5.732552538481094, 53.23032402772487], [5.733597188066993, 53.22231772821993], [5.734162972669372, 53.21580567738636], [5.745612313493323, 53.21587735297123], [5.7471078552316435, 53.21514537493269], [5.743905658413266, 53.21138014165026], [5.734741185796165, 53.21122070934487], [5.736090788885366, 53.20608575511269], [5.737400906171609, 53.20621830017642], [5.742411772702354, 53.200096108596725], [5.744574771392417, 53.19780578333736], [5.742117333433093, 53.194278872955756], [5.740700788921632, 53.187447970909076], [5.740342889176753, 53.1853728356379], [5.745409423849968, 53.18523221546811], [5.741423348349724, 53.18089606624852], [5.737786409579713, 53.172547598959135], [5.7348129275731425, 53.171475107278376], [5.73332612713717, 53.169474510733956], [5.732383191823698, 53.16938959154396], [5.731345878945591, 53.170744171261795], [5.728217180458662, 53.16978612620878], [5.728334103951173, 53.16792543859754], [5.724924876753788, 53.166079876783186], [5.723529623227387, 53.16842361986729], [5.723758030194179, 53.16997996428833], [5.7201273653994065, 53.170528154749675], [5.718787383525001, 53.16948368704203], [5.7132442458426445, 53.17523055308765], [5.706098818731652, 53.17338396995666], [5.699291329536845, 53.17371074727763], [5.697901460170542, 53.174479954954506], [5.697298845539758, 53.17771815505774], [5.692686413457174, 53.17993317290093], [5.687096101745377, 53.180039869106], [5.685912873412226, 53.1816867592432], [5.684642208200291, 53.18182680791142], [5.679398327681493, 53.17913379558643], [5.677291264501476, 53.17639359786642], [5.6751717785491005, 53.17771948075739], [5.674259996032316, 53.17744557946191], [5.672524745282345, 53.175171163162524], [5.669006127498469, 53.173333725921445], [5.668102818367745, 53.173668804491975], [5.6680383193184, 53.175072614713244], [5.665830114082965, 53.175275462854195], [5.663592508470329, 53.17397186374729], [5.6620621509113285, 53.17220044042574], [5.662581536369007, 53.17070555473796], [5.661260781671999, 53.169759248809505], [5.652840068916774, 53.16626002320339], [5.653537050880207, 53.1659265509722], [5.655140024890939, 53.16514287811231], [5.656084089066216, 53.16573435801033], [5.660296537005146, 53.16427849175682], [5.6609851267847535, 53.16311351185779], [5.657502337977459, 53.15861585511435], [5.65943508184502, 53.157624382600645], [5.657659250757572, 53.157238822622396], [5.656658526268771, 53.15543441713253], [5.656934007089034, 53.15444265386031], [5.661903843714649, 53.15496835968736], [5.662813652031494, 53.15232485489456], [5.661973406078716, 53.15092070981865], [5.663319933188407, 53.14982201957247], [5.658471674238161, 53.14941917570931], [5.655447430700666, 53.147728192889], [5.652029828270687, 53.14869093968816], [5.649182516502823, 53.146863390618925], [5.654124059729876, 53.141639703501895], [5.649697999674177, 53.13928975190169], [5.648106618482348, 53.13837131100323], [5.644826862499132, 53.13781025051199], [5.643885634436339, 53.13745818344436], [5.638213220362819, 53.13656516445612], [5.6319928294218204, 53.13302025758501], [5.6361829504516505, 53.130646605786765], [5.638317117726411, 53.12717046176283], [5.6373475883697735, 53.12414978389456], [5.635399948752997, 53.12541490093967], [5.632186452273437, 53.1255899465503], [5.6320884057952725, 53.12627092400723], [5.627423411282702, 53.12670367455009], [5.627501960005396, 53.12820604176292], [5.624481017252589, 53.12820084701093], [5.6218934101943, 53.12694630888498], [5.624482477050279, 53.128480977684305], [5.626235710554363, 53.13200839554069], [5.624209196278951, 53.13389148364054], [5.625413180862365, 53.13418812628155], [5.622215614181375, 53.13824861078244], [5.618871519754771, 53.13611867081183], [5.5963311004291, 53.125964239104334], [5.594420192772655, 53.1294705073104], [5.591231330470217, 53.12881842622545], [5.589949744059735, 53.131002203402424], [5.589766045385255, 53.13098180999422], [5.587640944327629, 53.13033579662926], [5.586615636297467, 53.13124674736877], [5.58591916212912, 53.13099794640644], [5.582860438337771, 53.13247793220235], [5.584033239414203, 53.13394993551483], [5.582455580923915, 53.133110610094256], [5.581756009778254, 53.13375045998125], [5.577994218910716, 53.134020209432826], [5.5776025711538715, 53.1336936504849], [5.575310591185343, 53.134292358040014], [5.574360556265361, 53.13351005050391], [5.573980183443871, 53.13120638538221], [5.571336862241932, 53.12992049336345], [5.565199595867076, 53.12960108190053], [5.562604044705607, 53.130232365079365], [5.563602654239467, 53.13124318613503], [5.562296869745936, 53.131586888081365], [5.559929008835549, 53.134637243397165], [5.558126450193699, 53.13428750613204], [5.557448308462413, 53.13472789628107], [5.555380279701386, 53.13460429038943], [5.554190327736968, 53.132938756718204], [5.550847304795482, 53.13408830012093], [5.54731657331547, 53.1373661245755], [5.543824847852759, 53.13851027117159], [5.542176990077141, 53.13994771706934], [5.5396650841626975, 53.1409537570654], [5.539181831056703, 53.14198522135945], [5.537656229689367, 53.14210447640131], [5.537951526039361, 53.14446572139093], [5.531211770094627, 53.14788948674597], [5.5276560941167325, 53.145950260931], [5.524645062545095, 53.145544724589044], [5.52085593726435, 53.14641569444025], [5.511596337866909, 53.14576723090852], [5.510198157678254, 53.144541588533926], [5.512395129462991, 53.14314971260779], [5.51170410420257, 53.142166311143065], [5.512504863897881, 53.14187199927781], [5.5112928447961105, 53.1408376233049], [5.510425429958168, 53.14010207284305], [5.512939814384302, 53.13858145041551], [5.50498496365642, 53.13472794763464], [5.504736992776375, 53.135339855128045], [5.501068197418413, 53.136225801388], [5.5028876525217, 53.13784928003041], [5.500806020407914, 53.13847133138116], [5.5009402121854585, 53.138980594842636], [5.497917948201725, 53.14073612304271], [5.496871059677359, 53.14039218660035], [5.492518017152238, 53.142013128673774], [5.488269972740468, 53.13830619652413], [5.484321075288084, 53.136988891617456], [5.481195025786976, 53.13861640912568], [5.483023547507452, 53.13886152694351], [5.48419119651876, 53.13982073445887], [5.4866347261936665, 53.14033253367008], [5.487101058145359, 53.14100092980198], [5.484628883925273, 53.14171932632421], [5.482801114597525, 53.14146767297888], [5.479664060393686, 53.142990697324066], [5.4772688495528365, 53.14294323102035], [5.478496855370953, 53.14529225879237], [5.472191215961697, 53.14661523167793], [5.472833873132586, 53.14885623573661], [5.474809111851586, 53.15080722782], [5.476440956974919, 53.150421506187854], [5.476721998630109, 53.15034511022587], [5.476785025715675, 53.15076335778417], [5.480250457225356, 53.15733889285536], [5.482794634623818, 53.15913546886994], [5.48668348924136, 53.16501677240416], [5.484743046563169, 53.165835441204564], [5.486044679800951, 53.16774967465823], [5.485401144569443, 53.16787551038256], [5.486009809884042, 53.169680244320496], [5.4882651851866715, 53.16988793318837], [5.489404311790523, 53.17211731252964], [5.491663023672964, 53.17222885076643], [5.493433962908414, 53.17302710736788], [5.493995394848827, 53.174298055746476], [5.496366369583255, 53.17780607084113], [5.496371709805421, 53.17838349413597], [5.481859617323025, 53.176157883325075], [5.480236426421611, 53.17596151691198], [5.480134575674356, 53.176320234800755], [5.479408493448764, 53.17668539649297], [5.481606429962604, 53.18003805716095], [5.480931429930752, 53.18005635245935], [5.48363823305624, 53.183793761077666], [5.481698743591329, 53.18378115569991], [5.482156839671186, 53.18520532077162], [5.4876037464110645, 53.193644884827236], [5.490167662689131, 53.19406917569274], [5.489555108290307, 53.200739580021015], [5.485111545169041, 53.1998834022549], [5.479342330081036, 53.19967011210449], [5.466841715091233, 53.19935258468438], [5.462457317790469, 53.19994247915383], [5.461698295951474, 53.20111483747483], [5.458006449394106, 53.200071759634596], [5.456211963436093, 53.2030318002945], [5.4379881700584916, 53.209838928527155], [5.448774183768862, 53.22030000651713], [5.452676469554601, 53.222695251830075], [5.461665194038668, 53.22647402320777], [5.4732537736102955, 53.23474437447012], [5.48012525332375, 53.23792582660549], [5.482718018828944, 53.24062434217682], [5.4896932889757295, 53.2420374854816], [5.5044394442061355, 53.24871048094898], [5.51527139070867, 53.25200697306778], [5.516181904828471, 53.253275971517276], [5.5192791376408925, 53.25435484339601], [5.524364635319643, 53.25578271531238], [5.527287789789329, 53.25734538398062], [5.5363841711792, 53.264081957542295], [5.53811882963074, 53.26561782218053], [5.546352381107144, 53.2717465802444], [5.552850482091745, 53.27477580616222], [5.561746117872183, 53.28505209459747], [5.5785096090576785, 53.29602193315266], [5.587016777733709, 53.300468904196], [5.622389003844512, 53.31118689135665], [5.625674483174731, 53.310735550833975], [5.628335930597106, 53.31272264900734], [5.6341276904063635, 53.31453612245325], [5.643446360955752, 53.31903892033041], [5.68034841949148, 53.328110547791574], [5.7173700233525375, 53.33891604514515], [5.722392219784503, 53.32231494681632]]]]}, "properties": {"type": "boundary", "gemeente": "Waadhoeke"}}, {"type": "Feature", "geometry": {"type": "MultiPolygon", "coordinates": [[[[6.175555663983962, 53.344068029034155], [6.175679353929591, 53.34383747573462], [6.17678560299899, 53.34417679424775], [6.178241263854253, 53.34263918599391], [6.177537352121214, 53.34199406023382], [6.176203348020538, 53.34233020438323], [6.174909216176247, 53.34334826491131], [6.1744103795339615, 53.34393022644948], [6.174530932657817, 53.34514474143547], [6.17581901096169, 53.345991247624404], [6.176722636435464, 53.34543825205484], [6.176746801195272, 53.344461261740086], [6.175555663983962, 53.344068029034155]]], [[[6.1685117938805005, 53.35945559846053], [6.168964281706907, 53.359017545412385], [6.165114552205808, 53.35955180323228], [6.166246292202733, 53.36244821319717], [6.165272849114224, 53.364760239037686], [6.166117911738116, 53.36456620868515], [6.1687483848594376, 53.36076211422649], [6.1685117938805005, 53.35945559846053]]], [[[6.183547822939234, 53.41268534695147], [6.185028272057848, 53.411406195870335], [6.182048841733029, 53.41213811610162], [6.180789501925964, 53.41323811376737], [6.183547822939234, 53.41268534695147]]], [[[6.183482839765906, 53.41429198634458], [6.189408762851197, 53.41244299347459], [6.191471205776651, 53.4110878343801], [6.191013500004562, 53.41069255711416], [6.1897529310407355, 53.411002156056455], [6.1877313900249025, 53.410579212188566], [6.186741131814931, 53.4119789086627], [6.182955833420656, 53.41341036118105], [6.178388566114927, 53.413773783190955], [6.158950709444906, 53.40824005052395], [6.159308582677345, 53.40771279659046], [6.163323711971524, 53.40863690092211], [6.163369520788739, 53.40851819598395], [6.161662135896535, 53.40813610618505], [6.160292161799377, 53.4064208480903], [6.161062742648875, 53.40621794191487], [6.160592371861498, 53.40544534669395], [6.159737842462019, 53.40527900247682], [6.156453139474923, 53.400523118770806], [6.154941404071264, 53.39231282052962], [6.157756126713893, 53.38611195863238], [6.16048486830056, 53.38449070056553], [6.16111236908952, 53.3834464028374], [6.160836818316968, 53.38262700495811], [6.160373242663799, 53.38263397292028], [6.160477704811157, 53.3831868887592], [6.157210241685966, 53.38428207706232], [6.155604560026181, 53.382551186920935], [6.157525286320851, 53.38250452893086], [6.159275109456471, 53.381606296695026], [6.160212798222816, 53.38212064140586], [6.160504632458707, 53.382078952075894], [6.159944722943032, 53.38148535539757], [6.164041815691269, 53.3781806328333], [6.163264227291668, 53.377862592153704], [6.159785229152526, 53.37827139840021], [6.1582268253484695, 53.37888428000129], [6.157259984147076, 53.37974514682825], [6.156935214712944, 53.3795419828394], [6.155173801673798, 53.37956552736855], [6.154400682333511, 53.379295549894465], [6.156515852062488, 53.37932250238607], [6.158203396566514, 53.378554648378305], [6.157817831706154, 53.37815564378482], [6.156647857059896, 53.377854869665654], [6.154835483086694, 53.37798655050357], [6.154345160295729, 53.37770427223939], [6.153950701598229, 53.37739631899507], [6.15549450660874, 53.37751920000847], [6.15723633440053, 53.37709848104134], [6.158487855898951, 53.37665507996373], [6.1578219500181826, 53.377552570197736], [6.159227159455935, 53.37795087904124], [6.159440455199078, 53.37776010754779], [6.160260187845279, 53.3780180771438], [6.163234637142123, 53.3777761563427], [6.163220980260994, 53.37747736143398], [6.164162746701974, 53.37766538813181], [6.16379363594925, 53.37691635409068], [6.164669319258614, 53.37566769204688], [6.163871450382625, 53.37545947227491], [6.163225408940681, 53.371984771834796], [6.161924161174088, 53.368808493120284], [6.163251298328272, 53.36747215078816], [6.163138957383887, 53.365467673846695], [6.162242791120254, 53.365091234408666], [6.16479804511524, 53.36024470815031], [6.16422995591646, 53.359416321919554], [6.165392872321384, 53.35918277265983], [6.167741715428263, 53.35868633205508], [6.166273290989435, 53.354395597443755], [6.1677812579864835, 53.349596141546876], [6.166042664040794, 53.34628938206592], [6.165249182487858, 53.34595360021152], [6.1654676960071395, 53.34583716076925], [6.1667563566488015, 53.3461393828377], [6.167626812457014, 53.34873800446069], [6.169522511143693, 53.34684036046013], [6.170770541837528, 53.344344707341996], [6.178249593902892, 53.34028503204525], [6.178718555206407, 53.33912782821604], [6.178330363467673, 53.33791062774175], [6.174083331422277, 53.33407668366802], [6.176501412918519, 53.325464426670585], [6.178973181319707, 53.322408852501596], [6.178201973857545, 53.320540447261514], [6.174635894210585, 53.31936032885483], [6.1708065261090885, 53.319753003690884], [6.168957049012651, 53.318934986031124], [6.159495940962891, 53.31886601393127], [6.159432320930347, 53.31839624961278], [6.1615014238556185, 53.31797614122982], [6.159226693326888, 53.31687781365185], [6.160169892102496, 53.31694444009847], [6.164862681956405, 53.318044333164174], [6.164406488388691, 53.31726126660845], [6.171917997651171, 53.31765633472159], [6.171741102755715, 53.31849988288444], [6.176419329549575, 53.31887869239582], [6.180953163882799, 53.320681399449754], [6.180715309131208, 53.32248485076797], [6.177815701431095, 53.325266769089986], [6.175256079463464, 53.332566955471044], [6.1760182344494305, 53.33465131847279], [6.181100555880676, 53.33849962923986], [6.182576828968686, 53.33873666167619], [6.184934056859444, 53.336728625608245], [6.1924488819567705, 53.3332561399924], [6.19538671843772, 53.33264796162393], [6.19911767415729, 53.33312564504718], [6.200754164263862, 53.33393497429655], [6.195790521573543, 53.332924392390076], [6.191907548350697, 53.33389639475651], [6.191001655209417, 53.33520738615102], [6.192634740137266, 53.33611046269964], [6.188626099718529, 53.337967008314216], [6.18810355341217, 53.33926651705217], [6.175011792519332, 53.34981178523424], [6.17431852614413, 53.35084597512623], [6.175433057929694, 53.35492802765335], [6.180790699341977, 53.35729523634637], [6.196794482296851, 53.35268563781026], [6.1977853568040855, 53.349300661680005], [6.196163960073887, 53.34515899404408], [6.196552649165485, 53.34115756778272], [6.1980168296246365, 53.34019209036846], [6.197305558562902, 53.34413358608596], [6.198867118078247, 53.344392228105185], [6.200156383670433, 53.342947284219925], [6.2011163995996785, 53.343459171419184], [6.201015834441278, 53.346036880103966], [6.200247329875687, 53.34677497239009], [6.201448332459191, 53.347591474075095], [6.204086611218602, 53.353436585981676], [6.206687406585711, 53.35473200542619], [6.207919969366151, 53.35400501906696], [6.217588222634095, 53.35371993042088], [6.218891301015971, 53.35035637156353], [6.217558978902033, 53.34834008529647], [6.218098502978801, 53.345999298515494], [6.221420063475711, 53.34224678471453], [6.224414929740593, 53.34048637649243], [6.228333995694064, 53.339159977732024], [6.229789178358739, 53.336726993643154], [6.233142168863123, 53.33679554136592], [6.237887487132269, 53.335077834001794], [6.238202536035235, 53.33578566789203], [6.236019063841328, 53.33660410566084], [6.230927385993544, 53.34059293071718], [6.228207337906059, 53.34171239287734], [6.222949490092085, 53.345935358074954], [6.220686945006878, 53.34859359430399], [6.22273104736627, 53.35152245638597], [6.224295990970898, 53.3508543775715], [6.228195113091711, 53.34450561918389], [6.230647578004683, 53.3428677698352], [6.235963426772873, 53.34143140977067], [6.242823709831799, 53.34321084904411], [6.249695595153712, 53.347426838963386], [6.253635142033959, 53.34797864260855], [6.2644406371173105, 53.34576047982802], [6.27302507102927, 53.34498206429739], [6.278605086799914, 53.34253144176932], [6.286900926187788, 53.34102658848451], [6.28050341801268, 53.31258173954899], [6.284027781640965, 53.311792412095826], [6.286763298153888, 53.312010605063584], [6.292779338705774, 53.309892382396896], [6.293579238326068, 53.30861544995383], [6.294016456041391, 53.30836880058396], [6.29025020016654, 53.305377914824184], [6.279478676007712, 53.30332463365357], [6.278307221159451, 53.30273119034261], [6.274488068551142, 53.29914764543901], [6.27437502060824, 53.29648896913522], [6.270286768131462, 53.293160001238455], [6.270755014812276, 53.292060410689594], [6.269267961195454, 53.290278738105364], [6.267456665867621, 53.290855129311204], [6.259903752429604, 53.291075994910976], [6.254266160462069, 53.28864312792792], [6.25294124881012, 53.284459541099544], [6.2514088504060235, 53.27725527248162], [6.252965072936782, 53.273468171917216], [6.255763438950213, 53.27083680486132], [6.254943613071968, 53.26852486797117], [6.253474286530256, 53.26772495012212], [6.249977432636261, 53.2672203184842], [6.246863308222145, 53.26829614886483], [6.243625147357198, 53.26645984768769], [6.243484632974967, 53.26546014632261], [6.241623648550385, 53.263952006313744], [6.239415788864383, 53.263143558805105], [6.237973572780122, 53.2615830595256], [6.238763156863088, 53.259681361693566], [6.237584314539659, 53.257547489493746], [6.234944946884219, 53.256704227345374], [6.232173163393074, 53.25674773573493], [6.223971405108649, 53.25724043698789], [6.2202716538249, 53.25945511679102], [6.218947416957866, 53.25987288975829], [6.217094307437629, 53.26526749811825], [6.1987716080169495, 53.26884323716642], [6.195151971503731, 53.26960855423614], [6.189219986480432, 53.269890484270235], [6.185599906870416, 53.267815745317606], [6.18566962238321, 53.26727324994046], [6.190384432524112, 53.26337791183351], [6.182412182524345, 53.26100068413334], [6.181090212966081, 53.25979363183696], [6.1778642003028015, 53.26007488989942], [6.167380177211997, 53.26365158727636], [6.164134051061916, 53.2639559153625], [6.160523174516836, 53.26198486758903], [6.158659636679518, 53.26363612716347], [6.154852632211288, 53.26177391347004], [6.1483587140299125, 53.26000092768118], [6.144978023965882, 53.26016497465247], [6.141058299473996, 53.264383108154995], [6.127331298763155, 53.26168983396656], [6.113211532644585, 53.25977961387162], [6.105962532351458, 53.25761004397894], [6.096548289203254, 53.25460222035469], [6.0747743471879, 53.24858299024162], [6.053917009691591, 53.245216454525064], [6.050105219409987, 53.24445958800447], [6.043965552733166, 53.24350278115563], [6.044530410143734, 53.2459155893743], [6.044929196466763, 53.245912972064225], [6.0460474443946035, 53.25069909893112], [6.046709480602417, 53.250658161528946], [6.047000653069406, 53.25170122519881], [6.048844457989965, 53.25971385986662], [6.049438689137354, 53.26264430088457], [6.049879743727013, 53.264855437347464], [6.050114999342859, 53.266141613769456], [6.051863971305955, 53.26628656556366], [6.05437000809638, 53.290759894856016], [6.065680711579199, 53.29247653597505], [6.072970013609469, 53.29238734154629], [6.073695333786394, 53.29239997202787], [6.06979393225881, 53.29692037672396], [6.071541716344148, 53.29659570144695], [6.070988293714076, 53.30096294893865], [6.0718448933422335, 53.30102892094099], [6.072959191288253, 53.31642927972732], [6.075141755688109, 53.32173724346174], [6.077752959614371, 53.32208740231993], [6.075663571753845, 53.324294471606855], [6.073646714333912, 53.32484827534971], [6.071220105283148, 53.3247075132601], [6.066774531222032, 53.32363555314223], [6.038417114066522, 53.32517664681206], [6.036329328022192, 53.3243351039631], [6.032300800754222, 53.32549736393995], [6.024526296395649, 53.32461221001619], [6.02243818612282, 53.32403134063018], [6.021235283873595, 53.31689941063879], [6.0211246387467785, 53.309001314753125], [6.020152236648994, 53.308223983084844], [6.016098730304167, 53.30811790699175], [6.011618235161122, 53.308444203814844], [6.0092544712345735, 53.30963110756239], [5.999056331487644, 53.31048960735643], [5.9942918800807945, 53.31013121782636], [5.989624583892466, 53.31004335383816], [5.980108596020942, 53.30748979242913], [5.975853138265369, 53.30692782030317], [5.970813780420616, 53.31332087927932], [5.973841269216756, 53.31509769069535], [5.974453307168603, 53.31729795638614], [5.9721840872996665, 53.3210522243976], [5.9721745754628, 53.321091851512435], [5.9687848555372245, 53.32250817541213], [5.963858920113961, 53.32285355456083], [5.959204559408328, 53.32149604233762], [5.955685166216356, 53.32141281316818], [5.948895695950093, 53.31778088058074], [5.938419031828086, 53.31566576548418], [5.935081398196125, 53.315661356437595], [5.935015961135132, 53.315671817374316], [5.924361446658949, 53.31308327683194], [5.922254012165563, 53.3126076015739], [5.920887216274325, 53.3110991905747], [5.899049819528188, 53.30248506392884], [5.8969046768877185, 53.301526345059784], [5.903538973376349, 53.294182345880934], [5.906649174916793, 53.28784003755484], [5.897694365929139, 53.28463444047354], [5.897788225967798, 53.283660527049165], [5.8917012181573165, 53.28003901762782], [5.88224514958735, 53.27678323242344], [5.874611205170301, 53.28260245588538], [5.864154272374354, 53.2868781642888], [5.8613463227683935, 53.28804513003508], [5.861835521155806, 53.28822176282906], [5.861180781737661, 53.28865849095792], [5.860769283999398, 53.288494550191466], [5.847661501608851, 53.285163382940816], [5.847517538702272, 53.28408675780479], [5.838649859122876, 53.27495005880388], [5.831509286829369, 53.27542669595083], [5.816909155847552, 53.276389901729445], [5.815310246291241, 53.27747890519547], [5.813892457926658, 53.27765387003911], [5.812036873339512, 53.276744294995574], [5.811267143030679, 53.27698728591026], [5.810538879389171, 53.27742490100801], [5.813229919978963, 53.279238717572], [5.810523436691961, 53.27985203760815], [5.811046510262883, 53.28080874229621], [5.798574070974502, 53.282951453250206], [5.797746088303056, 53.283795417006644], [5.794586727023336, 53.284054723869225], [5.771989760927496, 53.291546643408154], [5.769034769475016, 53.29254659824797], [5.768346305135516, 53.293215039088736], [5.767203209583638, 53.29344132146812], [5.766411992088403, 53.293434033272106], [5.763284684921981, 53.29449205728455], [5.759657832059319, 53.29409728067197], [5.749363634120541, 53.29394043583839], [5.736852053448541, 53.29458761650918], [5.7353845055233945, 53.29472214611929], [5.739394199118782, 53.30398870959578], [5.744770929910555, 53.30878973177554], [5.747165035185953, 53.30992440815559], [5.749302018168428, 53.31355633188675], [5.729683107868139, 53.31745333247575], [5.721415491063249, 53.316034432218196], [5.722392219784503, 53.32231494681632], [5.7173700233525375, 53.33891604514515], [5.717389929780955, 53.340211803371645], [5.756313480201251, 53.352879008848085], [5.763502249147389, 53.35057346582609], [5.765934960480892, 53.351538967978534], [5.76786140404006, 53.35405653739856], [5.77401194647331, 53.35605041176431], [5.779117075940032, 53.35560319828679], [5.7830506526238725, 53.35647865825109], [5.783238371786005, 53.35733672533499], [5.7884520647119695, 53.35979483232366], [5.790912250125298, 53.35940027240974], [5.793160450034218, 53.360128485162214], [5.794054558645241, 53.36075307841253], [5.791673513414557, 53.36241238668654], [5.8138794688990005, 53.36742598783953], [5.823176748347363, 53.37194714445905], [5.82472581375505, 53.37248589419282], [5.826350010801106, 53.37086139677492], [5.832696610514809, 53.37280789266677], [5.831344288371916, 53.37458883513983], [5.845024869090865, 53.37902215166389], [5.859505315061634, 53.383675858247706], [5.863626004768894, 53.38331248122327], [5.878480329610402, 53.386583022973056], [5.88539120618355, 53.388726443282145], [5.878395213983136, 53.39557304474712], [5.881524307591678, 53.3951351311815], [5.8841977393263845, 53.39278724289076], [5.885331496726981, 53.39284081798584], [5.8878741683011855, 53.390867512823334], [5.907343157065325, 53.38843069833941], [5.9167615970253715, 53.38842643652594], [5.920158768019891, 53.389074524315795], [5.920462480820723, 53.38870054610899], [5.933131355564915, 53.388308844212666], [5.947161166174049, 53.390842542284204], [5.95871527365375, 53.39358900034925], [5.969860158969159, 53.39501938208724], [5.971710171046592, 53.39801246283622], [5.974573540254979, 53.3962295845898], [5.974475186885162, 53.395851202622815], [5.977555793169243, 53.39612194910367], [6.006304344835678, 53.4009793212428], [6.015648950134888, 53.40292726140964], [6.018894689271604, 53.40307861683], [6.020671205116147, 53.402623056345554], [6.0228349342456715, 53.40315172893382], [6.0337009492921165, 53.403326169152365], [6.060761053136927, 53.406433661859516], [6.06914914199307, 53.40730919803865], [6.077202003312679, 53.405529076728925], [6.081785638485686, 53.40640155788118], [6.085790147421499, 53.4046451330042], [6.0839033413157395, 53.40308275703444], [6.086119219051401, 53.40473134270997], [6.09218685317802, 53.40958919902317], [6.094823884900671, 53.40807036718449], [6.113491842333124, 53.40632566727692], [6.118111159800086, 53.40480360875598], [6.124044323381873, 53.405447066635375], [6.132806821376581, 53.4046588448917], [6.137385933634951, 53.40357990187535], [6.1390728956935465, 53.403524389869204], [6.176871258284165, 53.414655130362746], [6.183482839765906, 53.41429198634458]]]]}, "properties": {"type": "boundary", "gemeente": "Noardeast-Fryslân"}}]}