{"type": "FeatureCollection", "features": [{"type": "Feature", "geometry": {"type": "MultiPolygon", "coordinates": [[[[5.7182448482076795, 51.43873326528753], [5.721630617923431, 51.4382179236389], [5.735694634274684, 51.43872912924876], [5.7439535056657185, 51.43736686794107], [5.755698082623397, 51.434267484167115], [5.763695131546041, 51.428789369582496], [5.766244197988422, 51.425276030944985], [5.7688065580025665, 51.42441298222482], [5.7761241866901205, 51.419030123575475], [5.781560187356901, 51.41759642064767], [5.788080356713436, 51.41312060305201], [5.787881004071557, 51.412646924031826], [5.791151939502774, 51.41163103887618], [5.821312065967724, 51.40233115647621], [5.831881514408626, 51.399269291988794], [5.832897047553524, 51.39757983165128], [5.83826955416738, 51.39525682823493], [5.844760460730199, 51.38769222952643], [5.85410157456677, 51.37642913449014], [5.853233651396044, 51.37272814748809], [5.856579054694032, 51.35376339050049], [5.866093233621861, 51.35456836394048], [5.870357955769367, 51.35253441402911], [5.858465125523722, 51.350294211167174], [5.84019220654494, 51.34687655839136], [5.788250262471874, 51.33718215988142], [5.7710597698793125, 51.333920551525225], [5.770447366697549, 51.333804222913066], [5.745458789377222, 51.371105433569625], [5.74021506946697, 51.369792988129824], [5.739388921170542, 51.374683878904214], [5.73839559861732, 51.38056294216273], [5.736343036579224, 51.38937102240053], [5.7337233265989855, 51.39187253943638], [5.72303579297748, 51.39843189527826], [5.722899847419384, 51.39884603008974], [5.7074212289104755, 51.40815919407981], [5.703852147495113, 51.411072208973245], [5.702876683862478, 51.412540837333125], [5.70071633070635, 51.4185476243414], [5.700499293107173, 51.4207092237103], [5.699978166663596, 51.4221539781865], [5.693982874031763, 51.43923940847584], [5.698722954565572, 51.438041766278594], [5.709202684506964, 51.44006515327573], [5.7182448482076795, 51.43873326528753]]]]}, "properties": {"type": "boundary", "gemeente": "Asten"}}, {"type": "Feature", "geometry": {"type": "MultiPolygon", "coordinates": [[[[4.87220666531237, 51.412884679529455], [4.8731066559229435, 51.41241885607439], [4.871935601047461, 51.412163170786435], [4.872380049730875, 51.41150094737837], [4.869746597006678, 51.41115913627224], [4.869232659928685, 51.411785715079915], [4.870577168632795, 51.41274089859338], [4.871486738756596, 51.41241368403359], [4.87220666531237, 51.412884679529455]]], [[[4.935414504217529, 51.43205249970043], [4.934179799648137, 51.43195189284428], [4.934113634913168, 51.43342921409739], [4.935501490595525, 51.43349077379781], [4.935414504217529, 51.43205249970043]]], [[[4.932786675919382, 51.43529305910605], [4.932732433688918, 51.43443148767897], [4.9312504191429225, 51.43466561821758], [4.9313285778886975, 51.43644183974776], [4.932684213013102, 51.4364695089828], [4.932786675919382, 51.43529305910605]]], [[[4.931631810265225, 51.43716922844316], [4.931391226802776, 51.43660559060269], [4.930906514124112, 51.436725135224385], [4.930688920905688, 51.43715556670659], [4.931631810265225, 51.43716922844316]]], [[[4.936802239243037, 51.436270281485406], [4.935458151719475, 51.436180682126235], [4.935373383015503, 51.43752166153239], [4.936477682140483, 51.43754642569377], [4.936802239243037, 51.436270281485406]]], [[[4.932222465746993, 51.43884191989105], [4.931141432985858, 51.43878880186383], [4.93063410282857, 51.439886057981354], [4.932385929529135, 51.44003042588447], [4.932222465746993, 51.43884191989105]]], [[[4.9237357233061365, 51.437814907181675], [4.9223200010077806, 51.437682085346125], [4.921502900336582, 51.439249710507504], [4.922713077223011, 51.440052108855454], [4.922362705847101, 51.440257015914085], [4.924167489640899, 51.44184881549271], [4.925117018438043, 51.44174192629383], [4.924346152359805, 51.441135659089284], [4.9248613843256175, 51.44072500029349], [4.923276945936923, 51.43983430566833], [4.924808937880788, 51.43909945900058], [4.9237357233061365, 51.437814907181675]]], [[[4.853928765705057, 51.47844195719099], [4.861949354657339, 51.47760973727156], [4.871696970897016, 51.4798072796277], [4.883076642468547, 51.47730832381678], [4.891293906622798, 51.47821651541441], [4.892556009402859, 51.47778365507707], [4.917047613435354, 51.46804093163334], [4.917972189336524, 51.46674091721816], [4.932121164742643, 51.45921292050565], [4.941632274428891, 51.45713671067694], [4.944661921939054, 51.45679029125626], [4.947161534441545, 51.458568666282176], [4.95671788436711, 51.45973594029482], [4.970076448978899, 51.458740814310396], [4.973653041295604, 51.459742821348456], [4.974773528414434, 51.460618846507884], [4.97671157060418, 51.46126385391898], [4.977134296270455, 51.460681552086285], [5.010461991003007, 51.458244304265996], [5.009787161931028, 51.457123134731305], [5.010976320789715, 51.45601138038218], [5.010516872312275, 51.45392873600889], [5.0053562714101325, 51.44903471457694], [5.004425416394094, 51.44458131852583], [4.998363780618729, 51.44058068605777], [4.963218057788212, 51.42229297999059], [4.928978056009361, 51.39605086055166], [4.92789696341607, 51.39973466625229], [4.924427415960478, 51.39878353577454], [4.92523509981527, 51.39665091311965], [4.927853160523467, 51.39543873776503], [4.920958787771799, 51.393686974913585], [4.913848288406005, 51.39507679763837], [4.917804961571284, 51.3968423820221], [4.92458618087479, 51.396883839243664], [4.924274923980754, 51.39782035395255], [4.923267811512125, 51.39855010990145], [4.919071790128043, 51.398315366035085], [4.916260664906455, 51.39871673404174], [4.917815298636445, 51.40051121164342], [4.910160959954987, 51.40226024302761], [4.910547610469345, 51.40287520305852], [4.908576195851507, 51.404609713377475], [4.9096036013020194, 51.40699705925226], [4.9060601392524505, 51.40913872841148], [4.905695550643886, 51.409902460714896], [4.904087690904617, 51.40986512547099], [4.903701069432152, 51.409955164818584], [4.904877304411294, 51.41190027138962], [4.903847161645483, 51.412414204573594], [4.902726147347288, 51.41027599428265], [4.900086303666565, 51.410607989949675], [4.900251412320324, 51.41252587712083], [4.902557958602801, 51.41248544990199], [4.903186519627035, 51.413552371957344], [4.901845646997103, 51.413935918544716], [4.900709152052207, 51.413280904680114], [4.901163995946718, 51.414084632331495], [4.899992979211378, 51.414670745195544], [4.897560809046797, 51.413484959470246], [4.898280676075111, 51.41280470188348], [4.8986036954177115, 51.41192986932957], [4.897132092687781, 51.41169319631167], [4.896451934206174, 51.41284777812568], [4.894697278893141, 51.41288908183834], [4.888772907619407, 51.415432287450635], [4.886959491064319, 51.41505515164505], [4.885880575609388, 51.4153346575162], [4.88606973620893, 51.416598616783645], [4.883005167185832, 51.41648161837005], [4.883071364333921, 51.41528586909309], [4.881330361405703, 51.41546624467244], [4.879795315878134, 51.41436717433145], [4.878442177326017, 51.41410227714338], [4.877748147386022, 51.415470229684786], [4.873552608097899, 51.41475415258068], [4.873834434167675, 51.41427991034961], [4.872884121605616, 51.413617741728494], [4.871255421423758, 51.41386690221885], [4.868720663507246, 51.41288780115366], [4.866254319557288, 51.41144443264652], [4.866496318475598, 51.410707951296324], [4.868381039604062, 51.409956179726166], [4.867365685743768, 51.409113602682616], [4.866462167839353, 51.40971453139794], [4.860512943751991, 51.410448370234796], [4.8596670693854325, 51.411127494986744], [4.859814224225082, 51.41301074807716], [4.857606963743515, 51.41278137662557], [4.851845957562568, 51.41413420714905], [4.84982799479293, 51.41429296765155], [4.8486310831837205, 51.4127486104941], [4.839520670253683, 51.41455996211211], [4.821843401605152, 51.41319664540974], [4.7959969469838475, 51.4102721367584], [4.7930667679929115, 51.4094892863721], [4.792212878320736, 51.41054241554318], [4.789333577323753, 51.40898712590281], [4.780310700520357, 51.412031123397796], [4.777752168700423, 51.413824592891885], [4.775305818529285, 51.41411293600226], [4.773365855245735, 51.41344078566659], [4.771192949669984, 51.414909196055355], [4.771794911143412, 51.41632244403674], [4.770737819488599, 51.41662356566563], [4.768576481665208, 51.41964643165904], [4.770160938303213, 51.424941553667274], [4.766614942296509, 51.43050384391325], [4.767654419478764, 51.43084104498082], [4.768438142922805, 51.43042281978069], [4.774120794571107, 51.43162348931998], [4.786571490198137, 51.43251879978604], [4.78774475110752, 51.43210184187177], [4.789067279762546, 51.43000630737019], [4.794263278759545, 51.42849745730625], [4.79638791660538, 51.42830960493641], [4.800260041158347, 51.429116028954645], [4.804254381044437, 51.427869445241505], [4.80567118817599, 51.42862241956573], [4.80770648964489, 51.427198971364106], [4.80835843897572, 51.42643839541249], [4.81224709238991, 51.42637031877035], [4.820098606925587, 51.42418702998966], [4.821059496023382, 51.42279108747686], [4.8256909062627, 51.42311412554887], [4.826932913374959, 51.42222873281074], [4.826453261524096, 51.42114687515855], [4.833502673946849, 51.41977525634098], [4.833032693838783, 51.419113593320354], [4.834736891317076, 51.41839964440931], [4.835410756637076, 51.41921126423193], [4.836741605669547, 51.41883175367519], [4.8355787410135225, 51.41752749203755], [4.836420030844731, 51.41727513094998], [4.8376806324878725, 51.418526292470695], [4.841468556847485, 51.422442241089655], [4.841008923137554, 51.422570851333674], [4.838258524588844, 51.42173278647556], [4.837645651362722, 51.42084570277542], [4.833225305846742, 51.420591890249774], [4.830216263070873, 51.421211082791025], [4.829338267959401, 51.42236944150154], [4.828210812381031, 51.42230403985311], [4.828552557048953, 51.42344512268293], [4.8248698308634435, 51.435318358184375], [4.825916506058246, 51.436044437860325], [4.82336219673099, 51.448618914265126], [4.828583103639366, 51.45087719690027], [4.833400747684933, 51.45740237592297], [4.835409235839701, 51.4585437612815], [4.838470646906023, 51.45604982850918], [4.8413492575291945, 51.45676927126909], [4.844019981067697, 51.45906557587367], [4.8384023655135655, 51.46137260760636], [4.836108199159286, 51.46124551222895], [4.8369481224649675, 51.4679710644209], [4.839686492132507, 51.472810436335976], [4.840326469117488, 51.478534662445426], [4.841877555612002, 51.48073578256061], [4.848018296682978, 51.480295259961174], [4.852878171318448, 51.479398697667456], [4.853928765705057, 51.47844195719099]], [[4.9483433875770855, 51.45096937616684], [4.94311139824793, 51.450361634991616], [4.943039397668898, 51.45082635061587], [4.941049141318626, 51.450788379395426], [4.941080405431167, 51.45046040839545], [4.93794047959167, 51.45040234460762], [4.9372296903175625, 51.44991852743968], [4.9344400497690435, 51.44973721443355], [4.933112740864499, 51.44953616378567], [4.934736776955279, 51.44747515134976], [4.936787836866355, 51.447523110245214], [4.936237947225617, 51.44690687342122], [4.93672738745306, 51.446842336050004], [4.938917866238952, 51.447118289052774], [4.939080882517902, 51.44634883141957], [4.9395062674825425, 51.44649275607317], [4.940147524316858, 51.445164601240414], [4.940369493565154, 51.44518828533308], [4.939721756639876, 51.446565672360656], [4.940450810355563, 51.4468125102661], [4.9406987234346085, 51.446365997149094], [4.941500308197941, 51.446418678524495], [4.941390670918232, 51.447112283790034], [4.943487759419199, 51.44747865553622], [4.943532324594658, 51.448663637020005], [4.945993712639267, 51.449093011298906], [4.946370268689742, 51.448281578587036], [4.944760762378946, 51.4477840729909], [4.946375548230122, 51.44737894530876], [4.947952171390514, 51.447333382686786], [4.948349009781632, 51.4490412149232], [4.950714050467259, 51.449458441746515], [4.952399938396473, 51.4501506663189], [4.95126224440988, 51.45104260427845], [4.952757243274023, 51.45163406542564], [4.951468619937163, 51.45371259084938], [4.94943161412975, 51.45352519512419], [4.950621709352933, 51.45164902034523], [4.9483433875770855, 51.45096937616684]], [[4.947797636792176, 51.44570135746391], [4.945728317762381, 51.44453181098004], [4.9458004610841275, 51.443974698442034], [4.943932542494448, 51.44379175368232], [4.94395567669101, 51.44365166235793], [4.9463351559145154, 51.443978392828626], [4.948010913172955, 51.44403702274328], [4.948144001601422, 51.443697423909], [4.94987596404299, 51.443654217602415], [4.948970183344626, 51.444733625176134], [4.949647120513184, 51.444777227104076], [4.949620779764435, 51.44531834274574], [4.947797636792176, 51.44570135746391]], [[4.939970719558127, 51.43611851016222], [4.939449064019521, 51.43714680514548], [4.940361365440909, 51.43802013752986], [4.939880538066944, 51.43944617373118], [4.9387851305509285, 51.439316846580226], [4.9390525362918885, 51.43796539706079], [4.936468081283849, 51.437795223518236], [4.936342034024341, 51.43859588242769], [4.934659614821252, 51.43854874209371], [4.934899077733559, 51.44085518724984], [4.933739943918336, 51.4408823483356], [4.934268955022662, 51.442112720487046], [4.938108623998332, 51.441904416183036], [4.93807645193341, 51.44334571453338], [4.938467146145597, 51.443435006108], [4.9388811104383405, 51.441862493025916], [4.9402813011979125, 51.441801513609015], [4.939946541087552, 51.4437568195212], [4.939213873307476, 51.443619627592774], [4.938560407313185, 51.44345882532451], [4.93811692000644, 51.4447172579054], [4.9367525093838225, 51.44440497977702], [4.935476383772011, 51.4442819896116], [4.935179389682389, 51.4448725718107], [4.936168494158051, 51.445261657191814], [4.93554510557013, 51.44634653050422], [4.933295243497106, 51.44424485429499], [4.933729654662487, 51.443159798107935], [4.933175869497138, 51.44308825193669], [4.933121837580124, 51.44327078385574], [4.932396350467161, 51.443166206275855], [4.931027259928794, 51.442903757423785], [4.930456465162728, 51.44245624754152], [4.929886665276548, 51.44247693794095], [4.929890227564972, 51.441913899341166], [4.928701238591835, 51.44159740831764], [4.928858260958348, 51.44102966360497], [4.929699292612595, 51.44009363423295], [4.928985323303977, 51.439588660168056], [4.928299522173125, 51.438553392384605], [4.9268912103872955, 51.43983378387087], [4.927374777418371, 51.440031735553134], [4.92652594687101, 51.441307853532884], [4.926154803299848, 51.44122226918067], [4.926267461547811, 51.441693620906925], [4.926850922229014, 51.44166008698711], [4.925949486456639, 51.44281712728237], [4.928054335962377, 51.443618782092074], [4.925452758303327, 51.44454973634656], [4.923732161630889, 51.44389401629898], [4.923103953224254, 51.44490231029354], [4.9242633215321625, 51.444928805331145], [4.92213402873723, 51.44571681236601], [4.924021147952265, 51.44631332879281], [4.923034148119738, 51.44737790621807], [4.921491907475348, 51.44644915373352], [4.920544887621126, 51.44595923064465], [4.919429041829319, 51.4469324129101], [4.9183021446874955, 51.44578481878497], [4.9199096700946106, 51.44516135538531], [4.920286622358289, 51.445758583690875], [4.921536604241426, 51.44486227032791], [4.920862697368877, 51.44479171455262], [4.922368733688768, 51.44266297240881], [4.921899872760081, 51.44206649538869], [4.921539708323734, 51.44219314944438], [4.919188962584439, 51.44067021354748], [4.921199995879579, 51.44040392174452], [4.920213378679099, 51.439541997607684], [4.921302634653552, 51.43911479839707], [4.919796541298272, 51.43808576142505], [4.920722278205732, 51.43730403533971], [4.918055381275441, 51.43528101092895], [4.917076243425627, 51.43588570274906], [4.915011364481595, 51.43535529707835], [4.917215055752363, 51.43458558199085], [4.919285956814131, 51.43477091160951], [4.922550211516248, 51.434006891199836], [4.922552459467862, 51.433642725172376], [4.925244909966502, 51.43340936777008], [4.924960468953706, 51.43387769956453], [4.925926917592452, 51.43385933271428], [4.926083872793411, 51.43339641587587], [4.92784181630355, 51.43122365462032], [4.92881229101818, 51.43051241156749], [4.930932849513817, 51.430256861719954], [4.9335978851497995, 51.431021179807864], [4.935979178013521, 51.429470765300714], [4.939696748202717, 51.43074252232673], [4.939936142112631, 51.434116843725064], [4.936248057884513, 51.43422615762719], [4.938170342364224, 51.435966428482004], [4.939970719558127, 51.43611851016222]], [[4.918877672289034, 51.44400578688201], [4.918371911442198, 51.444105060354], [4.918146506243133, 51.44395880593087], [4.918221462639793, 51.44343299273354], [4.918523895015609, 51.44343906140971], [4.918493013299171, 51.44357439141103], [4.918877672289034, 51.44400578688201]], [[4.931511544876669, 51.44763126247219], [4.931906196511487, 51.446660215479184], [4.934073123229705, 51.447400514050386], [4.933205867355133, 51.44826408597532], [4.931511544876669, 51.44763126247219]], [[4.929124817929088, 51.448124394535995], [4.928409366215377, 51.448722314685234], [4.9273497804224515, 51.448568203555745], [4.928397599688894, 51.44782778498339], [4.929124817929088, 51.448124394535995]], [[4.929490214263848, 51.44957032613097], [4.930402279070886, 51.44872364915197], [4.931812508772239, 51.44926992435994], [4.930702977537501, 51.45040139605182], [4.929490214263848, 51.44957032613097]], [[4.926925870535117, 51.44536077034916], [4.925503823904808, 51.44665133837212], [4.9241712285781745, 51.44635122769469], [4.925718561410086, 51.44490674371347], [4.926263256878445, 51.44516723377617], [4.926925870535117, 51.44536077034916]], [[4.94098094582038, 51.44529444475296], [4.941184776327722, 51.44488272844998], [4.942314782655794, 51.44513647937138], [4.942114979960245, 51.44554911185048], [4.94098094582038, 51.44529444475296]], [[4.93976023713281, 51.439760140420375], [4.94075902558264, 51.4393147053793], [4.941373119727857, 51.43795174570958], [4.942226181906326, 51.43810834979691], [4.941862452245736, 51.439003309110134], [4.943116548199477, 51.44016433017711], [4.94205368325815, 51.44004324748771], [4.93976023713281, 51.439760140420375]], [[4.932415342106834, 51.406061411223476], [4.928494505429917, 51.405114459269406], [4.9363941986466715, 51.405342289494435], [4.93579438339289, 51.409300169264135], [4.929428482582015, 51.4080841664701], [4.932415342106834, 51.406061411223476]], [[4.940998071158684, 51.43464207860408], [4.942755027303918, 51.43511314338533], [4.942188968875489, 51.43645463053037], [4.939970719558127, 51.43611851016222], [4.940998071158684, 51.43464207860408]]]]}, "properties": {"type": "boundary", "gemeente": "Baarle-Nassau"}}, {"type": "Feature", "geometry": {"type": "MultiPolygon", "coordinates": [[[[4.317976898859876, 51.55121562966762], [4.316308047795754, 51.54549668415607], [4.3082803945760455, 51.546716317524535], [4.3069085061015056, 51.54350476069955], [4.3146231000907305, 51.54107508363055], [4.327573791135819, 51.535193819794095], [4.3287246783787126, 51.53175263429629], [4.3284125924593715, 51.53072634578367], [4.325648539297795, 51.529613770880296], [4.329534336367383, 51.52932441103521], [4.329885309041882, 51.52823935042488], [4.337644867037634, 51.52756273189791], [4.342776439983089, 51.526389316438774], [4.3404561558988535, 51.52266924213022], [4.340814087000345, 51.52178870410106], [4.342193472836541, 51.518049475638264], [4.350139182408122, 51.51837292141297], [4.351596219044228, 51.51770048767055], [4.352462755314511, 51.51429909557372], [4.35055357405876, 51.5057007036114], [4.353958374414148, 51.50645066663508], [4.354396509380543, 51.50577814347512], [4.351179249196783, 51.503850237675856], [4.349539163021183, 51.503480689422034], [4.351588620126649, 51.499928084559826], [4.358171533717297, 51.49260300778541], [4.363878533570273, 51.49118646320268], [4.372642494124756, 51.48777215059742], [4.3718219482825695, 51.48390592774676], [4.371654092847917, 51.4790928762165], [4.361631496104365, 51.476371407435025], [4.362667486452728, 51.471685140376756], [4.361395944662923, 51.47121880280895], [4.366965092452525, 51.45671851838564], [4.359768246167241, 51.45791270456518], [4.344307591677308, 51.46058665511803], [4.340182317050763, 51.462547962032865], [4.336514036520693, 51.45980033894949], [4.327960471816416, 51.464241326683016], [4.324215216973261, 51.462291151182214], [4.324190407928539, 51.46140683651328], [4.3224766932289755, 51.46029963916283], [4.320010055964425, 51.460589079585716], [4.312238518877135, 51.46012669515067], [4.311166015782685, 51.46017305024054], [4.30847133599431, 51.465407065236526], [4.30735826104603, 51.46621660965012], [4.304181786438638, 51.465815512642564], [4.303916945800515, 51.466642841702686], [4.3014462382708425, 51.466620626730375], [4.299564258358412, 51.46639289325849], [4.299511982894999, 51.466024464127884], [4.29909959308402, 51.46680067005549], [4.297684409974487, 51.466221827184974], [4.297664385594927, 51.458339228633726], [4.297461867847019, 51.45011259042801], [4.2950818773150825, 51.448822777545715], [4.293733286788425, 51.44537598371724], [4.290251315587325, 51.44518272253203], [4.2871331324272175, 51.443969665562406], [4.283173122270434, 51.43966689755341], [4.268272169137544, 51.44026416325015], [4.265431661594671, 51.43968064016345], [4.230327671715002, 51.48890414828741], [4.224906072081085, 51.49649286597717], [4.218927253830663, 51.50485835151749], [4.218799836815127, 51.50896128861424], [4.219930827692172, 51.51380281835233], [4.233043062554112, 51.53749192100483], [4.2356569707720855, 51.54324143140559], [4.236118791231364, 51.55036572959092], [4.2397250165191105, 51.550918397309125], [4.242935718814866, 51.55912526168687], [4.242975351353366, 51.56297978298762], [4.25202656575459, 51.570657679014744], [4.26762223433827, 51.56801011949523], [4.267504251010183, 51.56631013001561], [4.2672692394909495, 51.56494496795422], [4.268394621630334, 51.564851400308676], [4.273128981826448, 51.564437858318286], [4.298165343472823, 51.5589480799834], [4.2978133223952195, 51.55591299820325], [4.296233350349674, 51.55385941188902], [4.2971598189980975, 51.55365751319331], [4.317976898859876, 51.55121562966762]]]]}, "properties": {"type": "boundary", "gemeente": "Bergen op Zoom"}}, {"type": "Feature", "geometry": {"type": "MultiPolygon", "coordinates": [[[[5.405359047546221, 51.548352954451374], [5.410934452189859, 51.542268762123385], [5.412043796488824, 51.542699613156984], [5.420302172288226, 51.538564837329005], [5.4221568083722795, 51.53691040467942], [5.422976576617868, 51.533940323676596], [5.423841440999266, 51.53405475706386], [5.425461893793539, 51.53241243922013], [5.426432401432901, 51.53273243769754], [5.42750365423313, 51.53166595673864], [5.426582665118053, 51.531276463780976], [5.433368935856748, 51.52439668297776], [5.447506209549603, 51.51206857961344], [5.440703284211112, 51.49605892121693], [5.442569049096646, 51.49392684934114], [5.442166296485098, 51.49383843318696], [5.427154158493254, 51.489611644440956], [5.417993723624587, 51.48623665709834], [5.4119102353241075, 51.48468273177121], [5.411706805007836, 51.48464595953781], [5.407144596081807, 51.48406981588198], [5.401292036053951, 51.483832942320355], [5.396052937790952, 51.48439678725227], [5.391015077180746, 51.485554534004145], [5.390032554921303, 51.48581335725808], [5.389735283800928, 51.48751654302882], [5.386013021959486, 51.486703175649055], [5.37501620742432, 51.48904898756553], [5.364609154086215, 51.49144631808286], [5.355886087557432, 51.49610660981421], [5.355573135440487, 51.496934274630554], [5.355180166590922, 51.4991589013092], [5.353324873235653, 51.501796172635885], [5.3526053766068555, 51.50599195045807], [5.351316419376212, 51.50605361443297], [5.350750049264704, 51.50755288934893], [5.350891346859289, 51.51212728488981], [5.349485062690112, 51.517168202299935], [5.351505708127971, 51.518006826862646], [5.3539009208686705, 51.521186650730556], [5.353569133760538, 51.523802389432205], [5.353730653377113, 51.52608365849307], [5.3554580068614595, 51.52890260667123], [5.365621227758387, 51.529980246625776], [5.368594668257442, 51.53148974864136], [5.356909640237185, 51.54471633965796], [5.365169750417224, 51.545002778597], [5.368518859388883, 51.54352293689447], [5.382673754723991, 51.543728169316786], [5.388164807546108, 51.54433204616306], [5.404232095817282, 51.548291357666855], [5.405359047546221, 51.548352954451374]]]]}, "properties": {"type": "boundary", "gemeente": "Best"}}, {"type": "Feature", "geometry": {"type": "MultiPolygon", "coordinates": [[[[5.681458860227709, 51.62903071332681], [5.681779690391707, 51.62781626224848], [5.685924017509455, 51.62811558321049], [5.709227814174056, 51.62575325522416], [5.7400595151923675, 51.6224959940085], [5.750477308938238, 51.622682976154486], [5.7586136287050245, 51.59394611545604], [5.732619694033267, 51.59037497636401], [5.729478033488592, 51.58981117178504], [5.709971720784143, 51.58634792462167], [5.709392255318621, 51.58625820191163], [5.709787231920315, 51.585835409912725], [5.709049962904304, 51.58555198162224], [5.706137295955016, 51.587086431478774], [5.699384902366693, 51.58411619223851], [5.687101521731144, 51.58380636560589], [5.68552844645133, 51.58373588795972], [5.660200878696349, 51.582977578686204], [5.65805288328488, 51.58315101454974], [5.651356154644651, 51.58235983797428], [5.650367768752802, 51.58474379371568], [5.650682618602016, 51.58717586503314], [5.6495006775639744, 51.58921645120164], [5.648520557630955, 51.5936380816865], [5.6453021279147935, 51.600823717857956], [5.6429272083992315, 51.60620891936873], [5.626567324117126, 51.62340064654167], [5.633673006253857, 51.624785173951445], [5.6355734847697265, 51.625363397512984], [5.650981498938981, 51.62571131680995], [5.651342793311898, 51.62669532753088], [5.658177606071561, 51.62802991828799], [5.664710179745388, 51.62898647847553], [5.664923657858443, 51.62833903547148], [5.666590150978134, 51.62845276534363], [5.672606269920884, 51.62868844649126], [5.672739193882714, 51.627356883878214], [5.674343687886832, 51.62743805845409], [5.674277902790572, 51.62813499803281], [5.680076945544931, 51.62837782437905], [5.681458860227709, 51.62903071332681]]]]}, "properties": {"type": "boundary", "gemeente": "Boekel"}}, {"type": "Feature", "geometry": {"type": "MultiPolygon", "coordinates": [[[[5.317731170319812, 51.63463372790218], [5.338404129358156, 51.6221268327789], [5.343810114581847, 51.62297133954728], [5.343176621424654, 51.61686756067476], [5.339047461458743, 51.61386047631422], [5.334861853501123, 51.61363957492217], [5.332130229820336, 51.611136272373585], [5.335962720520055, 51.60309304370023], [5.340832911801673, 51.60434979306199], [5.341384789252578, 51.60146810364884], [5.342833696287433, 51.60022365165859], [5.3458660279269905, 51.60273768847754], [5.350984289745812, 51.60396580755318], [5.352928100730587, 51.600690405527786], [5.363137455039722, 51.601778841155244], [5.374138224221952, 51.60173007884793], [5.378343589303217, 51.602545984745255], [5.380527839919325, 51.60290162286363], [5.386211206765006, 51.600868660606814], [5.3814423408881185, 51.59620344861483], [5.38760748367237, 51.59043062493085], [5.389590392027044, 51.58967113296049], [5.389055443540524, 51.58911765440203], [5.3867006030374, 51.589080947048835], [5.38525928648102, 51.5895866872299], [5.381441830460047, 51.58760125543861], [5.3840262984515705, 51.58684517390845], [5.389665607798929, 51.58348380616144], [5.387824618837334, 51.58245351931997], [5.38894768577934, 51.58082702075444], [5.393681087031486, 51.579945168884116], [5.391449412818282, 51.57616386027883], [5.3929662107625775, 51.575429800977695], [5.395950742399972, 51.57660541347472], [5.403814658739877, 51.575907599825385], [5.402013959652694, 51.57384159476049], [5.4024979604231484, 51.57171351936664], [5.399342566436129, 51.572194247584484], [5.399474675432665, 51.56609783763875], [5.3980083130408465, 51.565781138659574], [5.400082728317445, 51.5624028014904], [5.401604385647626, 51.56191454780963], [5.405200149429122, 51.56202733169263], [5.402868130253357, 51.557882611258556], [5.404245432638857, 51.55443104052275], [5.404232095817282, 51.548291357666855], [5.388164807546001, 51.54433204616306], [5.382673754723991, 51.543728169316786], [5.3685188593888284, 51.54352293689447], [5.365169750417224, 51.545002778597], [5.356909640237133, 51.54471633965796], [5.350845122822791, 51.544235500204884], [5.343930843815842, 51.54447065373494], [5.337192329292411, 51.54640252146117], [5.333134854628034, 51.55110816640138], [5.324942132138855, 51.55120818569893], [5.308394647548246, 51.54597967272618], [5.298992811546303, 51.547848650275554], [5.273270105355964, 51.552820664675735], [5.2688992380127075, 51.553726498879556], [5.264411612210053, 51.557969257228706], [5.261453827693453, 51.56113030665501], [5.246177000680923, 51.579478013845396], [5.247206859524036, 51.58677971621887], [5.247240730928643, 51.58704035646834], [5.247941601988623, 51.589798008790865], [5.255451705151554, 51.59347265580421], [5.262196017737895, 51.599350028247116], [5.26881276523719, 51.60096700514047], [5.275663896528884, 51.60440533679304], [5.2787429483597785, 51.6047903209479], [5.275220530335009, 51.607841629097166], [5.26923891778771, 51.60960857541462], [5.2688201412466285, 51.61253759715315], [5.271733371571885, 51.61283556206129], [5.270803354609987, 51.614436744590485], [5.271433076019612, 51.615458144738895], [5.275830457824026, 51.6157611943273], [5.278341681936166, 51.61829654611466], [5.277717422521091, 51.619179641029646], [5.279784411699829, 51.62016027816273], [5.280566681119426, 51.62225373358585], [5.281723546581577, 51.62253335307506], [5.2855200971625464, 51.62292771745313], [5.29092280977302, 51.62132730870084], [5.294666452664423, 51.62133469035114], [5.295071759953364, 51.62289339924377], [5.2975788901343845, 51.62509884900705], [5.29964511892619, 51.625709274580714], [5.304331999305023, 51.62492364517722], [5.306805430832382, 51.62782507036029], [5.30617537826664, 51.629904091777156], [5.308274505364748, 51.633034361566786], [5.310954674632804, 51.63367223501492], [5.317731170319812, 51.63463372790218]]]]}, "properties": {"type": "boundary", "gemeente": "Boxtel"}}, {"type": "Feature", "geometry": {"type": "MultiPolygon", "coordinates": [[[[4.762651851499459, 51.63503385237906], [4.765017258444154, 51.6319103325828], [4.765685933286223, 51.62914051355097], [4.769581850288347, 51.62951003797002], [4.787505572583236, 51.63704809702735], [4.788912274994806, 51.634417785006725], [4.8069691127668825, 51.63260722688172], [4.8118446934509, 51.63290514116469], [4.81827261985918, 51.631615746296184], [4.82003473250533, 51.63062357681899], [4.821259770509934, 51.62955869774316], [4.8218660568645255, 51.627274419560734], [4.82377896550122, 51.627695401032184], [4.82603586336516, 51.62698452280781], [4.828037905752747, 51.62457830519386], [4.842682606510629, 51.61698597343742], [4.839078255594874, 51.6089343080033], [4.843551399648885, 51.60387626382162], [4.839891959092271, 51.6024575172012], [4.839802446625456, 51.601681541065], [4.834072112714356, 51.59741179261348], [4.834722137285876, 51.597346551630814], [4.841370654577517, 51.596259681526526], [4.842020045508966, 51.596027064056884], [4.842621309080552, 51.58582945760581], [4.845729496409624, 51.583450367320154], [4.854397387085848, 51.57937055019077], [4.86423794702776, 51.579088943822775], [4.865369700312437, 51.572917338598785], [4.870084753316738, 51.57081886296494], [4.871683916964869, 51.567110453879486], [4.869104765681488, 51.56676179986176], [4.868277813427102, 51.55992597995065], [4.867310606060198, 51.558865054543695], [4.864150108918254, 51.559402774135535], [4.862984383809553, 51.55726961540326], [4.8437025252017705, 51.55423650912863], [4.839779654822367, 51.55318585521177], [4.8373960979915855, 51.54951324670486], [4.832903734936185, 51.54957971750186], [4.830769008600672, 51.55035188071105], [4.8245200033836415, 51.54783972008455], [4.799350442505326, 51.53706425574944], [4.80132550238607, 51.5360835146485], [4.798037789009431, 51.53514143326883], [4.794252489307651, 51.53489717887902], [4.778104605586911, 51.52944929100431], [4.777848064777476, 51.529389606735826], [4.770060015989041, 51.52735733921412], [4.769313106286011, 51.525381846888955], [4.77028503576991, 51.52439672509963], [4.7700187428928915, 51.52364186360912], [4.768632401493137, 51.52512902876679], [4.76754562593453, 51.52510533709816], [4.764469221579602, 51.524045804484146], [4.760184652988321, 51.51930824775178], [4.748933742254727, 51.518961655855705], [4.746994686294397, 51.515478607920905], [4.750947131777835, 51.50910677657089], [4.7534715458671375, 51.5057957868988], [4.760022737386879, 51.502372796503465], [4.7587948904444035, 51.500953165061425], [4.758359227869094, 51.5001573818973], [4.755377343632171, 51.50036389022034], [4.755259482751233, 51.500541870455415], [4.752698963470523, 51.49980755789304], [4.748943935127881, 51.49668454616101], [4.75000266688577, 51.495431436216954], [4.749698501930991, 51.494363966360474], [4.7481332034568045, 51.49193993636692], [4.746829195333745, 51.490704181241185], [4.746560830943859, 51.489504672551945], [4.733996015900716, 51.48554827214478], [4.735651427735579, 51.491747782382575], [4.742157206373423, 51.50563143522694], [4.7434833364504145, 51.510909753663775], [4.74398329404819, 51.518761370193126], [4.743234451453678, 51.52539388397137], [4.741133504768988, 51.5263146029025], [4.740118385520493, 51.527858218656675], [4.741801271595054, 51.53109640312435], [4.7414636082604185, 51.53285804700737], [4.739732249834141, 51.5321098142651], [4.738798434854532, 51.53226703827651], [4.735618239737854, 51.53369373500477], [4.732031185644597, 51.536341208918955], [4.7301989542837415, 51.53641704434859], [4.730013003100104, 51.53519345710223], [4.728864177012306, 51.53484180842748], [4.728174645468746, 51.5336610612431], [4.725500665569308, 51.53310071822468], [4.7250783357670265, 51.532919098319226], [4.72248967870144, 51.53515822064254], [4.728416981089035, 51.53687760691602], [4.7039967271139025, 51.54979862119866], [4.69418663591267, 51.54484852028184], [4.6946242725842255, 51.55673351371404], [4.693288519144662, 51.56258743834711], [4.693715908038796, 51.56795250256409], [4.690856482477994, 51.57412468172492], [4.686050538129388, 51.58757124688715], [4.686006378350901, 51.58771189436152], [4.682106387603158, 51.59889348609386], [4.674881865428857, 51.600192209869654], [4.675561204611738, 51.60385412129903], [4.663872032330101, 51.60406882940842], [4.6643297602074325, 51.60872374241675], [4.660377253746559, 51.612397724941026], [4.657984611587452, 51.620452809407], [4.660291427804217, 51.62159143658795], [4.663560305269749, 51.62535955814527], [4.664807778326717, 51.62836162466693], [4.664160249073521, 51.63088243307551], [4.6650716433471295, 51.63431935673135], [4.672257122865685, 51.63262311526585], [4.678512559959238, 51.632594168754466], [4.682753995931867, 51.6336365833373], [4.6909587218466555, 51.637358100562466], [4.698737973306571, 51.63797483421005], [4.699059645934107, 51.63807332867014], [4.704333474162816, 51.638246281988785], [4.731839970915229, 51.643056362125364], [4.738536670176624, 51.64281372944383], [4.745000380346151, 51.640439900741285], [4.7490288253034745, 51.638979734997044], [4.757368126192252, 51.6375756053281], [4.762651851499459, 51.63503385237906]]]]}, "properties": {"type": "boundary", "gemeente": "Breda"}}, {"type": "Feature", "geometry": {"type": "MultiPolygon", "coordinates": [[[[5.852572421603483, 51.504143923476626], [5.8606955402292495, 51.49200602118051], [5.8716937122902495, 51.45011146112321], [5.874964383649027, 51.44655721460421], [5.876589839309986, 51.444815296845164], [5.878735650942234, 51.44251277143821], [5.879915149604409, 51.44124696822497], [5.90290600361857, 51.41661444213445], [5.9200003422258956, 51.39788960514145], [5.931285689795616, 51.3847521341652], [5.922448212181603, 51.3798413420196], [5.895776806542576, 51.36500988919909], [5.8952716073674045, 51.364728755773754], [5.87943909224378, 51.35594382278014], [5.873529664268513, 51.353127092980095], [5.870357955769367, 51.35253441402911], [5.866093233621861, 51.35456836394048], [5.856579054694032, 51.35376339050049], [5.853233651396044, 51.37272814748809], [5.85410157456677, 51.37642913449014], [5.844760460730199, 51.38769222952643], [5.83826955416738, 51.39525682823493], [5.832897047553524, 51.39757983165128], [5.831881514408626, 51.399269291988794], [5.821312065967724, 51.40233115647621], [5.791151939502774, 51.41163103887618], [5.787881004071557, 51.412646924031826], [5.788080356713436, 51.41312060305201], [5.781560187356901, 51.41759642064767], [5.7761241866901205, 51.419030123575475], [5.7688065580025665, 51.42441298222482], [5.766244197988422, 51.425276030944985], [5.763695131546041, 51.428789369582496], [5.755698082623397, 51.434267484167115], [5.7439535056657185, 51.43736686794107], [5.735694634274684, 51.43872912924876], [5.721630617923431, 51.4382179236389], [5.7182448482076795, 51.43873326528753], [5.718437976963647, 51.44112730358793], [5.717758459113115, 51.44283527007412], [5.718178543039333, 51.444533146801284], [5.730000844341597, 51.44435530541515], [5.722847770829811, 51.45319020007781], [5.7240715968809965, 51.45412756420442], [5.721949135507928, 51.45445153531238], [5.721122092831808, 51.45576767218287], [5.717346700613643, 51.46552980443463], [5.717214337606793, 51.468237637353546], [5.722972706536942, 51.46729051963625], [5.72297274846772, 51.46729063896433], [5.723956636515752, 51.470085657636986], [5.7350143603860735, 51.469186563401784], [5.7360902070219435, 51.47192704344044], [5.7229414690670515, 51.48288808231021], [5.721716923852808, 51.48513107541051], [5.72347418605207, 51.48421017006503], [5.725638728367635, 51.48436311347724], [5.7286163954044165, 51.486093962178344], [5.730427743216652, 51.48621718670262], [5.731792360366568, 51.486031880130284], [5.735333611760837, 51.48430906172762], [5.738148754865604, 51.48523609995593], [5.742607652767452, 51.48556063294846], [5.755900189333946, 51.487826237690484], [5.76825530790076, 51.4889704477627], [5.773825496507878, 51.488647997295914], [5.7916403080295344, 51.491479975783484], [5.79902700202595, 51.49409658954014], [5.801336931866167, 51.49389478662964], [5.852572421603483, 51.504143923476626]]]]}, "properties": {"type": "boundary", "gemeente": "Deurne"}}, {"type": "Feature", "geometry": {"type": "MultiPolygon", "coordinates": [[[[4.957627206904902, 51.66030728558596], [4.957896166917812, 51.651531848746366], [4.976871377344459, 51.653596933353505], [4.987266423506483, 51.65460879264907], [4.9893362306105455, 51.64879348723111], [4.989360450879428, 51.64869448890356], [5.002418607817902, 51.61302555444557], [5.004491576057063, 51.607886626374814], [4.991543776229922, 51.607916085784005], [4.983513145759517, 51.60736402286821], [4.982359336855484, 51.608665507205295], [4.9775530202234, 51.6090905445289], [4.965323341184362, 51.612935113260896], [4.960781049214362, 51.61348652245449], [4.957861524534457, 51.61375847480002], [4.9529306700389455, 51.61472311147659], [4.950265054537192, 51.61241183161145], [4.950247891467586, 51.612393672445286], [4.947845803982191, 51.611170258694315], [4.943590332735663, 51.61002920521881], [4.94031136244898, 51.610198422827516], [4.9370399577480875, 51.611021136114715], [4.937313786337346, 51.61139661265648], [4.926437029474795, 51.6132341767244], [4.918079992353872, 51.61629456284905], [4.911881065927067, 51.6153992980914], [4.91116668439337, 51.61615661448092], [4.9113261646027615, 51.6180618422908], [4.909898989061763, 51.61832715816431], [4.913558183067358, 51.61963773184025], [4.915553833600899, 51.62243290412635], [4.904278608657657, 51.624332639036986], [4.905018546879772, 51.624532508968926], [4.91182190201378, 51.62636500539099], [4.91211673252455, 51.62682553319596], [4.9105371652477965, 51.62742601137838], [4.910027487846828, 51.629460116172126], [4.911146944490054, 51.63124827870435], [4.913191083038699, 51.634022823583265], [4.92894574250482, 51.646673161496444], [4.929279606334964, 51.64853236470074], [4.930105286932932, 51.64795481413864], [4.930353774040147, 51.64954143654605], [4.93281512775501, 51.650697745524866], [4.93290575970306, 51.65157648775397], [4.9324593872606135, 51.6558237155507], [4.934409698581541, 51.657253703988616], [4.932999649083869, 51.658893510049204], [4.933125568535783, 51.65988418797546], [4.931046935826169, 51.66355211755817], [4.930942295774261, 51.66710168281244], [4.926774950826361, 51.669087477722194], [4.925031707417059, 51.67300936085739], [4.925073271856736, 51.67498036394822], [4.933168782836527, 51.67675001600895], [4.9435751547871405, 51.67891800314934], [4.944247861132737, 51.67888572447774], [4.944347626890906, 51.678343395596514], [4.945135282015654, 51.67796939426083], [4.945810798910475, 51.67706619220783], [4.947506010442406, 51.67694358397382], [4.953731427901113, 51.67076911563237], [4.956442927453322, 51.66401743005859], [4.957627206904902, 51.66030728558596]]]]}, "properties": {"type": "boundary", "gemeente": "Dongen"}}, {"type": "Feature", "geometry": {"type": "MultiPolygon", "coordinates": [[[[5.333815314072215, 51.46853636782918], [5.356000941862453, 51.46231448682478], [5.358387780967155, 51.46701508702783], [5.369445162449556, 51.4653163436374], [5.367167323261343, 51.45943046393443], [5.363511238419565, 51.46026464817874], [5.361488153156327, 51.45736209003647], [5.356717129982109, 51.453597478750986], [5.3612114359063225, 51.448588239534594], [5.360828915698259, 51.443118435873714], [5.357397195718161, 51.43987245295513], [5.356915625114699, 51.43820324856746], [5.355793537766247, 51.43410993864799], [5.3541925399122, 51.43299962240598], [5.352855544299625, 51.43282523856372], [5.346253953201745, 51.42895598137333], [5.345533530765004, 51.43092217510616], [5.342367597283644, 51.43106750686754], [5.343368628689757, 51.42743599469356], [5.339841048517052, 51.42555769513666], [5.3193703043223115, 51.42379507625396], [5.319995427380555, 51.419927715602974], [5.316088677169957, 51.41940904398936], [5.3158945877048795, 51.418910772106926], [5.317147623427834, 51.41491365866287], [5.321788875075119, 51.40869137633436], [5.323663246247734, 51.406186958637356], [5.331592248015217, 51.40628546147299], [5.335135709527903, 51.40740240761191], [5.354378050675733, 51.40877241777905], [5.36761637625256, 51.40007088000123], [5.370685835927362, 51.39804769660197], [5.37021140493326, 51.39762146929591], [5.372281181673835, 51.39274156501195], [5.37248350007645, 51.392246128004615], [5.374033536522192, 51.3885651004923], [5.388905831905988, 51.376459762375575], [5.3880253338502175, 51.37526752763684], [5.382604323591825, 51.37283096732693], [5.381132016731977, 51.371130560068025], [5.378210288651815, 51.36939326146898], [5.37563664899452, 51.36876222029356], [5.3740656287138435, 51.36952805815904], [5.370495203067915, 51.36931109717648], [5.364321095866573, 51.36697576200441], [5.355751220327913, 51.362531297431254], [5.35245006326057, 51.36182068679731], [5.351580651309175, 51.36070274125472], [5.348279277034977, 51.35963155830015], [5.3457728408294605, 51.35751674046563], [5.3447434626108645, 51.35490742138042], [5.3425875028999, 51.35267197918971], [5.346782630395527, 51.347515902896994], [5.341991167769716, 51.34421758937985], [5.347120228889645, 51.33745280853275], [5.341739260514172, 51.33582503102687], [5.3378382329145335, 51.33480375002878], [5.3322023665315745, 51.33316518325377], [5.331479668263412, 51.33360048972825], [5.326352805818341, 51.33262115954137], [5.326140766573795, 51.33189516390763], [5.32400906062103, 51.33290213728369], [5.32115785664355, 51.329569212338136], [5.322950729693877, 51.32869190285746], [5.318875843756266, 51.32485473921739], [5.316731817773475, 51.32345357976823], [5.31616667735282, 51.32368351152249], [5.309550755812068, 51.32104842934651], [5.308055260643657, 51.321828044881656], [5.292173022391222, 51.31823718499751], [5.263410041471824, 51.319281568738205], [5.285971818506845, 51.33633862353263], [5.279095884548428, 51.35333867771471], [5.278921725319421, 51.353769091103956], [5.275298088925175, 51.36272274819904], [5.275890448107215, 51.364395604742896], [5.277441908486219, 51.36877634640315], [5.277442969679017, 51.36877934334194], [5.279274304701337, 51.3738610108749], [5.279764953768864, 51.3753285934003], [5.285914544462078, 51.38446962593521], [5.29032270088582, 51.38612977477737], [5.2894140920004284, 51.38892241856569], [5.2988147983441385, 51.38968159609792], [5.302710634042827, 51.39071093203857], [5.306282451103798, 51.390958875598955], [5.307098587859018, 51.39061675126171], [5.310864872187723, 51.39071473759221], [5.310443188465108, 51.396054837321884], [5.3136490645802, 51.39944066062389], [5.307294186004412, 51.40611402977024], [5.302986115383791, 51.4075006267147], [5.299966692614511, 51.40778912757192], [5.298020567770933, 51.40715409132457], [5.296252524775597, 51.407751675088456], [5.290148038085116, 51.404080958088244], [5.2814257637108355, 51.404994459340706], [5.278385904554308, 51.40865021045907], [5.276392424039347, 51.4093479926463], [5.272902800582506, 51.409469801357055], [5.248775011934511, 51.422557587332186], [5.24944565738786, 51.42295375692143], [5.244781710268769, 51.42625379822484], [5.243379716306633, 51.42548247737529], [5.237703890111403, 51.42855876689352], [5.237596954230507, 51.43071409389488], [5.239168735353366, 51.43099038596503], [5.239061642117664, 51.433669395447716], [5.252481314278561, 51.43793907781205], [5.24881909551967, 51.443081780158614], [5.248395257383083, 51.44563090239505], [5.249024228118276, 51.44572057637084], [5.25887335071721, 51.44712440040585], [5.260441893964233, 51.44823524408036], [5.2646618154939775, 51.44892763352397], [5.271019352612126, 51.449032679008006], [5.2792523799177555, 51.45021926310296], [5.282248619840352, 51.452249881890225], [5.2850172684416545, 51.45411143522884], [5.294496581008097, 51.45528331734071], [5.297228730804751, 51.453137792077115], [5.298067188315708, 51.45462562912089], [5.303177139878267, 51.45858532564966], [5.303095524329296, 51.45914904605888], [5.314250596704597, 51.46078077640512], [5.315076319430702, 51.461371843480734], [5.318802711051512, 51.46148121290921], [5.32042255989366, 51.460867959224466], [5.324203494610274, 51.462722346564874], [5.325895094584755, 51.4628764094518], [5.325838750538617, 51.46379151675226], [5.328040738982601, 51.46422617088746], [5.330511018237322, 51.46384069701703], [5.331596688815178, 51.4628316984257], [5.3345977395517385, 51.46293458993571], [5.332625627978546, 51.465422005948156], [5.334726773585477, 51.46587456307695], [5.333815314072215, 51.46853636782918]]]]}, "properties": {"type": "boundary", "gemeente": "Eersel"}}, {"type": "Feature", "geometry": {"type": "MultiPolygon", "coordinates": [[[[5.476446162843051, 51.497067949812084], [5.4791432442936845, 51.49661265634563], [5.496212563874503, 51.49677587163906], [5.4963762707819255, 51.49677769768874], [5.511422830034645, 51.49692175879624], [5.5133245008801905, 51.49625099764179], [5.513385954650482, 51.495481140905405], [5.515554776961936, 51.49334124880373], [5.512490478223109, 51.491028001558114], [5.51245514232451, 51.48956142293815], [5.5105726339529495, 51.487353636013964], [5.508413297469653, 51.487683915468665], [5.508147066046706, 51.48542417776537], [5.506596083681953, 51.48375705935989], [5.505524089276245, 51.483564177608315], [5.506018899525201, 51.48230006946814], [5.509559727757516, 51.47923595653368], [5.507941162997604, 51.47856665073038], [5.508750393974184, 51.4770594459083], [5.508349076081495, 51.47555441692086], [5.5080887549703546, 51.47446147707875], [5.508095267169668, 51.47116935797712], [5.510108848265404, 51.46987372972919], [5.5090404416628145, 51.46942581438616], [5.511580452802367, 51.46749692500468], [5.512865013657282, 51.46660010453192], [5.51411827808603, 51.46652179429357], [5.51438860322677, 51.46555628186374], [5.514936796448431, 51.46497527266048], [5.515892540819475, 51.46512997655978], [5.516929215499669, 51.464240360716964], [5.517581147037974, 51.46434717344729], [5.518984558926758, 51.462909538980206], [5.518112777887916, 51.46295194142228], [5.51827074036885, 51.462628100059845], [5.520953451132151, 51.46155146353627], [5.521067771267646, 51.46101602135762], [5.521870254145838, 51.46109454747392], [5.524917320792594, 51.459493844118], [5.529839025846025, 51.45869821520753], [5.531003458914916, 51.45724509621662], [5.532528464433121, 51.457205101323616], [5.531691524198, 51.455618869002606], [5.531585019419581, 51.455540305219074], [5.534470035475575, 51.45156617397306], [5.538825251116369, 51.449442470942294], [5.539078067075447, 51.44844553935766], [5.540150241558863, 51.447974694247016], [5.538521167259158, 51.44561355429611], [5.539407566029951, 51.44456618046692], [5.53851091525342, 51.44353560090189], [5.541404449063762, 51.441042697654225], [5.541317257667848, 51.4404639419616], [5.5407095767252885, 51.44051387640003], [5.541257712311365, 51.43971934440751], [5.5426581623861155, 51.43923808168389], [5.54262529426951, 51.43997905361732], [5.543924269886139, 51.439602638169106], [5.543563296651066, 51.43871023242465], [5.544383150660387, 51.43721446390156], [5.545885854096665, 51.43657880534765], [5.546778322834378, 51.433674966912996], [5.540248749653677, 51.431334356203585], [5.534764151141869, 51.431690141005845], [5.534751822389695, 51.43168371083694], [5.532034542483071, 51.431988527486126], [5.530962470665897, 51.427424199038136], [5.530348357116959, 51.42720037491804], [5.525177362256089, 51.42789767040128], [5.525801285787643, 51.405151109251854], [5.525813999940007, 51.40469679286858], [5.507611822384471, 51.40453187838004], [5.505183452161954, 51.40341706870417], [5.504872939083721, 51.40015448086188], [5.504636179754758, 51.40011332699961], [5.503623502582543, 51.401521931806286], [5.499849963755356, 51.40385740710054], [5.490046718628109, 51.40445148842361], [5.482314960462643, 51.4046526693341], [5.48037104356204, 51.40468881444877], [5.480068899383394, 51.40473646512598], [5.477103451031423, 51.40487542129833], [5.469320471099131, 51.40534931859113], [5.461977529717851, 51.40495376205621], [5.461799757616506, 51.40495961997805], [5.453508384795581, 51.40529279114894], [5.436187751484121, 51.40497602569019], [5.435748299785207, 51.40418936339578], [5.435354760120991, 51.40336304559656], [5.43119038579384, 51.40206240530763], [5.430964211433381, 51.4026370217767], [5.429902104776725, 51.40280973972073], [5.427275530022172, 51.40265328404024], [5.4253818980690856, 51.404422422040554], [5.428650988186556, 51.40521315219916], [5.429850507728089, 51.40617734927648], [5.42942438578276, 51.41156056820704], [5.427371675191788, 51.4170127513676], [5.427806337161554, 51.42185762926272], [5.427908090876297, 51.42217071730092], [5.426330140772895, 51.4304072126359], [5.424284657994138, 51.431533271390805], [5.419942720037602, 51.43285259236331], [5.417167165413648, 51.431487612932564], [5.416738027064864, 51.43171536160573], [5.414633433178057, 51.430166018145165], [5.412072386060875, 51.431340867215965], [5.410698123449173, 51.435061468239546], [5.408999861059468, 51.43445952670416], [5.407435814164058, 51.436013609530924], [5.404921560753731, 51.43712767948804], [5.400793605504244, 51.43296722939114], [5.3976452832446125, 51.43364232751266], [5.396338757060822, 51.433923118928554], [5.393803723671298, 51.43457736347353], [5.3911416596553385, 51.43652155743478], [5.389219975977198, 51.43763541164469], [5.387373081128623, 51.43780131937358], [5.3796850642896255, 51.43509207749627], [5.379129199158134, 51.43660967300228], [5.373197255789224, 51.437607975634506], [5.371247753529182, 51.43890852715103], [5.367798953635473, 51.43836502495942], [5.366821106297604, 51.43744826679767], [5.366898099520703, 51.4362050822227], [5.362225343356241, 51.435464076492835], [5.362251380639574, 51.43605523191278], [5.356915625114699, 51.43820324856746], [5.357397195718161, 51.43987245295513], [5.360828915698259, 51.443118435873714], [5.3612114359063225, 51.448588239534594], [5.356717129982109, 51.453597478750986], [5.361488153156327, 51.45736209003647], [5.363511238419565, 51.46026464817874], [5.367167323261343, 51.45943046393443], [5.369445162449556, 51.4653163436374], [5.379149344855022, 51.46384206922087], [5.384676267849391, 51.4676597520197], [5.387536657468829, 51.46820553489552], [5.387112954573998, 51.46927128584532], [5.389574654201667, 51.47059883421608], [5.390684274461499, 51.47063786778246], [5.390824698294599, 51.4713340192449], [5.391185426524137, 51.47175611100003], [5.39051702541671, 51.485153962711394], [5.39104015516531, 51.4850370116939], [5.391015077180746, 51.485554534004145], [5.3960529377908975, 51.48439678725227], [5.401292036053951, 51.483832942320355], [5.407144596081807, 51.48406981588198], [5.411706805007729, 51.484645959537815], [5.411910235324, 51.48468273177121], [5.417993723624587, 51.48623665709834], [5.427154158493254, 51.489611644440956], [5.442166296485098, 51.49383843318696], [5.442569049096646, 51.49392684934114], [5.449781817675037, 51.4952489987366], [5.451295804966515, 51.495463769359915], [5.463893668428809, 51.496978117645014], [5.468248523550653, 51.49684355588559], [5.468736548330827, 51.49579171136153], [5.4721317245123, 51.495741846048766], [5.476446162843051, 51.497067949812084]]]]}, "properties": {"type": "boundary", "gemeente": "Eindhoven"}}, {"type": "Feature", "geometry": {"type": "MultiPolygon", "coordinates": [[[[4.663560305269749, 51.62535955814527], [4.660291427804217, 51.62159143658795], [4.657984611587452, 51.620452809407], [4.660377253746559, 51.612397724941026], [4.6643297602074325, 51.60872374241675], [4.663872032330101, 51.60406882940842], [4.675561204611738, 51.60385412129903], [4.674881865428857, 51.600192209869654], [4.682106387603158, 51.59889348609386], [4.686006378350901, 51.58771189436152], [4.686050538129388, 51.58757124688715], [4.690856482477994, 51.57412468172492], [4.693715908038796, 51.56795250256409], [4.693288519144662, 51.56258743834711], [4.6946242725842255, 51.55673351371404], [4.69418663591267, 51.54484852028184], [4.687076568250091, 51.54260309442701], [4.681079234511878, 51.5406954279424], [4.660423406990099, 51.526392184644415], [4.65421660277313, 51.524145176495615], [4.6523840758380945, 51.52192665434039], [4.6509260745746515, 51.52128733100458], [4.643061005738595, 51.51814742423023], [4.638157250994703, 51.51720526578938], [4.638715571391459, 51.52441268415791], [4.640109804570329, 51.54342321634757], [4.637868107347543, 51.542326026726485], [4.636083190570579, 51.54318904866721], [4.635285425225741, 51.54235145081709], [4.632776950742465, 51.54424923859601], [4.631775491752562, 51.543881583545364], [4.630077440414724, 51.54716183872717], [4.62878209414061, 51.546627135706636], [4.627016362308569, 51.54808117832271], [4.6258090384187085, 51.54741161412682], [4.62479544474671, 51.552385637619956], [4.615790163530066, 51.553179482209615], [4.611002957118874, 51.55433853839789], [4.610107517163731, 51.553602934068], [4.6081360002663985, 51.55424167255591], [4.606570940012978, 51.556023146887284], [4.60165842582785, 51.55869495547054], [4.596818886039981, 51.56002095248005], [4.592000028048844, 51.560246424100384], [4.591857484224333, 51.56089952122995], [4.5917609682467155, 51.561031721788346], [4.592222135490774, 51.5612894003416], [4.5904202267994805, 51.56494026204909], [4.590645420612572, 51.565978766357546], [4.594670505637998, 51.56674049445808], [4.595963021151339, 51.57336329076487], [4.595978895944621, 51.575683943586256], [4.598557724664415, 51.58437831413861], [4.5982516004618885, 51.58562041126032], [4.5968044249156605, 51.59034853462737], [4.6086723083052945, 51.60216508493963], [4.61060603507511, 51.60314239687555], [4.613891673597842, 51.60803812668218], [4.610729717870978, 51.60954136065438], [4.610932524736468, 51.612202868182806], [4.609294594794107, 51.61316391423134], [4.608913734548851, 51.61495466858514], [4.606706687472078, 51.616616397094674], [4.603565018497847, 51.61720382857853], [4.604351563817321, 51.62086028122992], [4.6012332159655385, 51.62523903097257], [4.606290910443791, 51.62772032017571], [4.611321179258136, 51.62850310644584], [4.616820566226275, 51.627623681831025], [4.622751973561368, 51.62469087282909], [4.62443538155739, 51.62426575786677], [4.629206195175834, 51.62404844279831], [4.634342255311802, 51.62544323818352], [4.635700815970906, 51.62629338448759], [4.636646370180318, 51.62864439955179], [4.638024264456086, 51.629713826882394], [4.643917034171021, 51.632378959607436], [4.658175819130874, 51.63458683609103], [4.6650716433471295, 51.63431935673135], [4.664160249073521, 51.63088243307551], [4.664807778326717, 51.62836162466693], [4.663560305269749, 51.62535955814527]]]]}, "properties": {"type": "boundary", "gemeente": "Etten-Leur"}}, {"type": "Feature", "geometry": {"type": "MultiPolygon", "coordinates": [[[[4.890030497340011, 51.719768708132726], [4.901549501099998, 51.718672560116374], [4.9179902962036435, 51.7199595133562], [4.921006238342443, 51.71140934075828], [4.926957160799814, 51.69426279880801], [4.929108372926409, 51.68813514514618], [4.930361735373233, 51.68428095350335], [4.930759208296552, 51.68351023513656], [4.933168782836527, 51.67675001600895], [4.925073271856736, 51.67498036394822], [4.925031707417059, 51.67300936085739], [4.917520297990274, 51.675258523802874], [4.91378021354687, 51.675049012664296], [4.9128263306054984, 51.67659011404267], [4.9065508660590975, 51.675953205580186], [4.906931237450014, 51.674943632075625], [4.898720409262925, 51.674183460073834], [4.896834865062217, 51.674774586558826], [4.880499767668692, 51.67420803901124], [4.880228084301092, 51.67183560044778], [4.879712630043064, 51.672043301507465], [4.876549560418933, 51.67333159505997], [4.875786423634847, 51.674733455460355], [4.872019596442225, 51.67517486883092], [4.8712475963832995, 51.67582032446203], [4.866202802966606, 51.67610606159851], [4.862651449344261, 51.67706693869309], [4.860679954891706, 51.67870876556573], [4.856579793732589, 51.680242831701314], [4.856621077781546, 51.6816680217363], [4.851059571198247, 51.68396482349413], [4.846210511825779, 51.68449170874265], [4.843390565382953, 51.686017555182666], [4.842264895767569, 51.68285575909612], [4.842684897507574, 51.679733657450335], [4.8423672605290475, 51.679654201473454], [4.839623663038048, 51.68402089672539], [4.83194133393204, 51.69179117918411], [4.829656540782955, 51.69563507547629], [4.8266684393783414, 51.704358510742196], [4.824132797664203, 51.709541171471415], [4.823609656639465, 51.71128839184916], [4.829766146484343, 51.711586055409356], [4.836903926130041, 51.71261210653244], [4.841591608548225, 51.7134497221261], [4.873054035108818, 51.71999851101657], [4.890016286304466, 51.719769995268834], [4.890030497340011, 51.719768708132726]]]]}, "properties": {"type": "boundary", "gemeente": "Geertruidenberg"}}, {"type": "Feature", "geometry": {"type": "MultiPolygon", "coordinates": [[[[4.94031136244898, 51.610198422827516], [4.943590332735663, 51.61002920521881], [4.947845803982191, 51.611170258694315], [4.948807103539312, 51.61037664686562], [4.961164012621451, 51.60617738915675], [4.967843019588627, 51.602858904086126], [4.968736253943715, 51.602057407148486], [4.967773707419493, 51.59768536338122], [4.972859109266173, 51.59730559210425], [4.973398924809634, 51.59207386674946], [4.972338892033045, 51.585152534269014], [4.970274713937864, 51.57722406880296], [4.969196773215474, 51.57726883359602], [4.966777953432077, 51.573662392861415], [4.968989724618785, 51.57130462775062], [4.968100472175639, 51.56932171154624], [4.967831351239013, 51.56872180971479], [4.966567163280753, 51.567828287601245], [4.966953848612163, 51.56731116365953], [4.964182409591511, 51.56524263362485], [4.954368090105057, 51.5622536953864], [4.951144708332477, 51.56091741626756], [4.951179590251657, 51.55804814039859], [4.952981674329857, 51.553413041431604], [4.9534784277603725, 51.550528209981145], [4.964127687573416, 51.54991194930928], [4.969235442874527, 51.5489936470397], [4.9784539075771965, 51.544814454926765], [4.979564536104628, 51.54420151860593], [4.976664919269756, 51.5424183427369], [4.975459450871443, 51.540132697355936], [4.974135397571844, 51.53984024476665], [4.96257212904134, 51.52586426762512], [4.956643021796023, 51.51867647192859], [4.911062235839556, 51.51008123053715], [4.866231854536948, 51.538066630293144], [4.85456340536338, 51.5339266190233], [4.851049824600601, 51.53410231318099], [4.844738366078021, 51.53332774202558], [4.845060037252788, 51.528481590893804], [4.842351243559718, 51.52684510320335], [4.8297657679623445, 51.527858850151155], [4.829260429304672, 51.52968948296606], [4.831324386350952, 51.52947272859729], [4.835703300331706, 51.53152665443178], [4.836794319020355, 51.53277094103963], [4.836112598315332, 51.53446558848409], [4.834615985446936, 51.53514859286953], [4.834858923369838, 51.53861760550846], [4.848356879530445, 51.54298442571428], [4.85181858119435, 51.54468375213746], [4.852705489418723, 51.545211514362336], [4.864260552479606, 51.552020193919056], [4.8645445904014535, 51.55350322768119], [4.862984383809553, 51.55726961540326], [4.864150108918254, 51.559402774135535], [4.867310606060198, 51.558865054543695], [4.868277813427102, 51.55992597995065], [4.869104765681488, 51.56676179986176], [4.871683916964869, 51.567110453879486], [4.870084753316738, 51.57081886296494], [4.865369700312437, 51.572917338598785], [4.86423794702776, 51.579088943822775], [4.869170795145967, 51.57844197530657], [4.868965530723121, 51.58100250938333], [4.889619788299114, 51.58881114521868], [4.890244949400097, 51.58903610682767], [4.899899460920969, 51.59266742278476], [4.89992195005327, 51.59267526830599], [4.9137852974216605, 51.59809048832777], [4.911634560239125, 51.6000671956433], [4.91311269817799, 51.60039665136033], [4.91377447462484, 51.59970729829263], [4.916268138114384, 51.6000155773334], [4.91615008561564, 51.600811618792754], [4.918498392491431, 51.60136744317041], [4.917442212967951, 51.608540762091856], [4.911881065927067, 51.6153992980914], [4.918079992353872, 51.61629456284905], [4.926437029474795, 51.6132341767244], [4.937313786337346, 51.61139661265648], [4.9370399577480875, 51.611021136114715], [4.94031136244898, 51.610198422827516]]]]}, "properties": {"type": "boundary", "gemeente": "Gilze en Rijen"}}, {"type": "Feature", "geometry": {"type": "MultiPolygon", "coordinates": [[[[4.993406835146246, 51.538410807294845], [5.001567607348122, 51.53748763669731], [5.02050304906026, 51.538953845245544], [5.022499129216911, 51.53845942135695], [5.0275198230403575, 51.53343798717462], [5.0305003261571715, 51.52950702343696], [5.032724606999563, 51.530167531992404], [5.044363383612419, 51.530832529236875], [5.044824369064874, 51.53064239391138], [5.050784375588891, 51.52995200708953], [5.052273818468386, 51.529763496974304], [5.052771754110418, 51.53241611386628], [5.051709553290574, 51.535058428060694], [5.0554608286688145, 51.536080685605185], [5.060322255863735, 51.537868972324034], [5.061878856246188, 51.5377103221317], [5.062911816853306, 51.53784380008185], [5.064679584923657, 51.53742541422988], [5.073526337340407, 51.536743811071254], [5.0738264401526605, 51.53671649237952], [5.083464696143712, 51.535823780545265], [5.085482342915632, 51.53559265985946], [5.096473851773881, 51.53496664741526], [5.102823216337661, 51.536042607899745], [5.106096192707655, 51.537426816331866], [5.109819882957642, 51.53938301478905], [5.110644631377776, 51.53890220655386], [5.108678236638767, 51.53723208283809], [5.109588243856201, 51.536805246337956], [5.105652111284585, 51.533337237655175], [5.104527993557685, 51.533836459737806], [5.10005865093322, 51.53145482265209], [5.105059997409609, 51.528175734358385], [5.098140385545162, 51.52495222413524], [5.100489386825018, 51.52296956574857], [5.098750035966105, 51.52200630212986], [5.100946571519063, 51.52051954936187], [5.095023029734806, 51.51725144727462], [5.098440901575828, 51.515360449467956], [5.096034711738291, 51.50991204291886], [5.088186203416303, 51.51129735539799], [5.072997313818092, 51.50287488980799], [5.076914353631484, 51.500796371228546], [5.062722297195723, 51.49285210340591], [5.069292445304524, 51.48683574524085], [5.068367248566901, 51.48533461856948], [5.051579606791583, 51.48713182204792], [5.048791126169821, 51.47191341659092], [5.049864820685264, 51.47182571929285], [5.049740172385418, 51.471108032881766], [5.045931135654664, 51.4711146346286], [5.043426503283043, 51.47468568591074], [5.042487329811964, 51.47482786030355], [5.043143363059139, 51.475175411039366], [5.037887797968274, 51.47934971754727], [5.0391717677506005, 51.479774851703496], [5.040093069645896, 51.48509944889259], [5.040209556362909, 51.4865329545262], [5.038701911057536, 51.486544106140414], [5.038787365921189, 51.48700046606086], [5.0331549619281155, 51.48719413448683], [5.032057874352368, 51.4857322598365], [5.022278056302755, 51.4817784491295], [5.016521823921146, 51.47543904012547], [5.015271833948096, 51.476329237202556], [5.0083375570440785, 51.473299472888456], [5.006410394577403, 51.475110042610716], [4.99930106037003, 51.47930626044551], [4.999787641047182, 51.48050180223213], [4.999175749444753, 51.48201575665063], [4.987992694343661, 51.483044610872184], [4.988419664777229, 51.48398453776397], [4.990095592592737, 51.48507795551609], [4.991335779662883, 51.484421044122534], [4.993390384461823, 51.485479184831505], [4.991637235328989, 51.48618233691961], [4.992617839129746, 51.48745338745498], [4.997227819068428, 51.48853828375312], [5.000363288568182, 51.49186233793985], [4.997803174583702, 51.49284482975153], [4.997158239692033, 51.49204951359734], [4.992465785711661, 51.493945401953006], [4.996755926789839, 51.49677457316567], [4.994642319744155, 51.497650551196315], [4.9867391730346755, 51.495329132959796], [4.985775340293143, 51.499754407045494], [4.989654467376419, 51.50575492970668], [4.99229772429635, 51.51224744233149], [4.989917323954273, 51.51314940027158], [4.982495564640618, 51.51408790108019], [4.984553968766274, 51.5178819562878], [4.9808681669955295, 51.51863076818979], [4.977595215916277, 51.521651461720566], [4.968750227618295, 51.52118147385693], [4.9625721290414475, 51.52586426762512], [4.974135397571953, 51.5398402447666], [4.975459450871442, 51.540132697355915], [4.987628243067364, 51.540022641016094], [4.993406835146246, 51.538410807294845]]]]}, "properties": {"type": "boundary", "gemeente": "Goirle"}}, {"type": "Feature", "geometry": {"type": "MultiPolygon", "coordinates": [[[[5.614827500592642, 51.500447225869664], [5.618729654078107, 51.4986385072549], [5.62203613878687, 51.49809012631609], [5.6260650818676, 51.49828502144461], [5.626929712251541, 51.49627470732535], [5.63093821012401, 51.495110213257576], [5.6348213333463395, 51.494882750447786], [5.641137963091261, 51.498303300572346], [5.644155572438305, 51.501237998189794], [5.646384536969977, 51.50209637308313], [5.650252721423169, 51.50374832939121], [5.652515585860738, 51.504010311834406], [5.656402824125294, 51.507308871581344], [5.663584274574272, 51.5022554336923], [5.6751045414237105, 51.49894710152892], [5.669950905924208, 51.5041377142076], [5.672667375607451, 51.505441167418695], [5.682960391480599, 51.50447920734752], [5.684143158788134, 51.507699584282335], [5.697389373825651, 51.50413010632587], [5.708180634800151, 51.50182724036287], [5.70783501994567, 51.499985831947235], [5.707692065128104, 51.4992241363399], [5.705994881811484, 51.49940102975187], [5.705047167309461, 51.49753252644938], [5.707315548222859, 51.497217834109115], [5.71211491263226, 51.49493176467921], [5.712668364940094, 51.49414313990223], [5.712073075769546, 51.49150009419773], [5.712983891565218, 51.49052550868777], [5.718743379204467, 51.48857906711519], [5.720684234925711, 51.48715765199561], [5.721716923852808, 51.48513107541051], [5.7229414690670515, 51.48288808231021], [5.7360902070219435, 51.47192704344044], [5.7350143603860735, 51.469186563401784], [5.723956636515752, 51.470085657636986], [5.72297274846772, 51.46729063896433], [5.722972706536942, 51.46729051963625], [5.717214337606793, 51.468237637353546], [5.717346700613643, 51.46552980443463], [5.721122092831808, 51.45576767218287], [5.721949135507928, 51.45445153531238], [5.7240715968809965, 51.45412756420442], [5.722847770829811, 51.45319020007781], [5.730000844341597, 51.44435530541515], [5.718178543039333, 51.444533146801284], [5.717758459113115, 51.44283527007412], [5.718437976963647, 51.44112730358793], [5.7182448482076795, 51.43873326528753], [5.709202684506964, 51.44006515327573], [5.698722954565572, 51.438041766278594], [5.693982874031763, 51.43923940847584], [5.68972458904134, 51.44298285197044], [5.682130364829935, 51.449382715888284], [5.672236974409423, 51.457714453187606], [5.668995494605955, 51.456849085387475], [5.6564675232340615, 51.45655921619137], [5.644341840771278, 51.45625758860658], [5.631598208529516, 51.45299972205039], [5.621389717195034, 51.45018030728934], [5.617294594439791, 51.44928675379551], [5.614519244250465, 51.449012125833455], [5.614511963508817, 51.450043853405695], [5.6114787135136215, 51.449753388812454], [5.60978737988706, 51.450058470583464], [5.608146157683271, 51.449716705417856], [5.608762546351241, 51.4515680780831], [5.604723590041721, 51.452799916500595], [5.603411768307736, 51.45398996921451], [5.601004323030408, 51.45217001981401], [5.597033514564589, 51.456496774870594], [5.596223526829512, 51.456173208057194], [5.592820998104201, 51.45833994968573], [5.590514733330173, 51.45776042221778], [5.584707567897407, 51.46050862678511], [5.587806946238265, 51.46347079455367], [5.584650648163118, 51.46414386141711], [5.582972737811852, 51.465548160286666], [5.592838112093406, 51.467124035222916], [5.605201316301571, 51.47098523325622], [5.603533362350802, 51.47258927478224], [5.5961064023898865, 51.474898823692264], [5.585783306016466, 51.47931163919692], [5.580444643741244, 51.485331704699725], [5.570154946384563, 51.496935847206665], [5.576728772117677, 51.49945274590943], [5.579932137190828, 51.49875966752633], [5.609652828737652, 51.50921692216262], [5.611236788493717, 51.507974747845154], [5.610560626421422, 51.50472540172628], [5.614827500592642, 51.500447225869664]]]]}, "properties": {"type": "boundary", "gemeente": "Helmond"}}, {"type": "Feature", "geometry": {"type": "MultiPolygon", "coordinates": [[[[5.444025786823965, 51.75331212423947], [5.443516677052455, 51.75104935191325], [5.447422046088963, 51.74530747892729], [5.451306462086235, 51.739799023938296], [5.451398345027552, 51.739682157886904], [5.450537979496248, 51.73937700099743], [5.45191019175918, 51.737599669992846], [5.454172689120101, 51.73545514913872], [5.451929129544039, 51.73400122358025], [5.453139060759524, 51.7323930695866], [5.454714237470561, 51.73286945049436], [5.4564506681310085, 51.731368198654074], [5.457895025503856, 51.72996437065174], [5.460073037343106, 51.73070748731261], [5.462591655759373, 51.72819908955684], [5.463187324440781, 51.72586616908958], [5.4648428437973, 51.726294767850675], [5.465433071530893, 51.726787671317965], [5.46629332771797, 51.7266568323974], [5.46686536941916, 51.72702001930121], [5.474243756334151, 51.728964627192425], [5.48013646554517, 51.72446392825981], [5.478827413651261, 51.724158165360144], [5.484784556067103, 51.71330794542452], [5.487772401654281, 51.712899306489405], [5.487819230802716, 51.712067623434876], [5.497705912509866, 51.71171049084264], [5.497321196911115, 51.71076564922615], [5.498918223238591, 51.71056566934043], [5.49823116521311, 51.70917719432493], [5.499655386570675, 51.70900825259861], [5.499067494241341, 51.707082712469834], [5.492385168665695, 51.70610052556458], [5.483074244113698, 51.70146343489835], [5.47829071313458, 51.70143112381675], [5.471053372945142, 51.69115142818452], [5.46940050970849, 51.69126867867941], [5.469848918444543, 51.689136564176856], [5.46032597396439, 51.68965123649367], [5.459845778876084, 51.69128813822221], [5.4587675652444325, 51.69202920531327], [5.456871846490848, 51.687590652030934], [5.452717879639534, 51.68847477418323], [5.451677929261465, 51.686751076139764], [5.4451666182639675, 51.6885810172688], [5.446623810467353, 51.69290211564009], [5.447403855119446, 51.695023211849396], [5.445997447044157, 51.69529791551976], [5.4413525531500255, 51.69465590852146], [5.4433493564209625, 51.69761786621693], [5.439596471037831, 51.69865122498608], [5.439329584505824, 51.70043420043002], [5.429807452105842, 51.70147850490639], [5.40606520937753, 51.69907501840847], [5.397714530522311, 51.69848831859965], [5.394523782911988, 51.69889267869481], [5.3857067314567, 51.70098478252815], [5.375678323196569, 51.70027516601372], [5.373115802525679, 51.69974075894934], [5.3715439911370355, 51.697968865587654], [5.3679969917907595, 51.69708614564968], [5.366215034750072, 51.69696742052763], [5.362462335510874, 51.69849575171638], [5.360710413324395, 51.698767627392485], [5.359273244739746, 51.69867894087063], [5.364294864709486, 51.690527478441275], [5.365632734088792, 51.68886321323549], [5.369856106421243, 51.684337406844506], [5.373306423809948, 51.681335023238674], [5.377109334848001, 51.67880158593927], [5.376586287723909, 51.678516730422814], [5.37246560704576, 51.68010840707055], [5.367812824176122, 51.68079398491373], [5.367011465792127, 51.680842415240456], [5.366472974333111, 51.68068857544741], [5.3573504763368724, 51.68200253846968], [5.357023485607762, 51.68106590659625], [5.355758944992817, 51.68129478249445], [5.353313108386024, 51.681451756073535], [5.352179618614826, 51.68108227188516], [5.350938492829746, 51.677144596504945], [5.355961196849376, 51.67400366155624], [5.353877547248395, 51.67314179374632], [5.354612370951237, 51.672506448700084], [5.352931549991036, 51.67181405348252], [5.353692044679303, 51.671073241378515], [5.34395882427951, 51.66744567180828], [5.341484803518335, 51.66618555242593], [5.342005793506573, 51.665301349354806], [5.338882343263691, 51.66399641847752], [5.327473962298879, 51.67336693851055], [5.319056647324833, 51.670371912022766], [5.318758352960163, 51.670870582851244], [5.308558122506475, 51.669063368621806], [5.303215783258446, 51.66720420308562], [5.300780020709462, 51.66822377256969], [5.298812542383781, 51.66729968865664], [5.29424743662934, 51.67219810609315], [5.292320851948832, 51.671668641325375], [5.29113070902877, 51.67195102410342], [5.291921513051522, 51.674458242600544], [5.291488747635165, 51.674805027279824], [5.289427786313518, 51.678714045689595], [5.288587328158805, 51.68186413610019], [5.287303406400113, 51.68225759958903], [5.274295714124052, 51.68367284485841], [5.265633368047959, 51.68472496739706], [5.260619327629241, 51.68401740216063], [5.257249024452283, 51.6840424980986], [5.25381358792193, 51.68439666776964], [5.247445626074893, 51.68338531976585], [5.238394233087019, 51.684532360315806], [5.234271435335331, 51.68549913025765], [5.231901483409612, 51.68925693763095], [5.226157511909529, 51.69003054393711], [5.226818664538953, 51.69085061830949], [5.228740413975459, 51.69135223027982], [5.248383305429322, 51.69500234574778], [5.248484207691999, 51.69509621705634], [5.248915698027496, 51.69713055318908], [5.2515690238640715, 51.69937154658661], [5.251333864555947, 51.699782616350966], [5.248928797101302, 51.70124412712311], [5.248173749057646, 51.70110267173993], [5.247012321855697, 51.70273513630611], [5.241120059291637, 51.70102528477041], [5.238987165753956, 51.7020436146065], [5.237273732153467, 51.70476100790088], [5.2357562114259535, 51.704652812330394], [5.241204018506137, 51.7139886406571], [5.229977239172924, 51.710569301834376], [5.229313331257369, 51.71228733210676], [5.228535489783669, 51.714767503299], [5.231063136639081, 51.72401599315545], [5.227517260375624, 51.72715057395534], [5.224883894873916, 51.72665519677148], [5.2217436595144076, 51.72938596053576], [5.219346012531271, 51.728150427163605], [5.215156074572686, 51.7313317334698], [5.210015350776884, 51.73394586846265], [5.210440859387681, 51.735479938670004], [5.2094952067069675, 51.73736780075816], [5.210374805674695, 51.737710873424305], [5.206494042694999, 51.74147697025359], [5.2118507923580255, 51.74273543794263], [5.216347318592878, 51.74345097195205], [5.222139233191712, 51.74338735915332], [5.231103619610922, 51.74130373611273], [5.244678334950195, 51.73442102400737], [5.2496794599284735, 51.733580495446624], [5.255466022755416, 51.734899455459846], [5.264141200518691, 51.73882785246337], [5.268538039775351, 51.73964722147007], [5.27572004093453, 51.74016971855955], [5.283284711390077, 51.739776635886486], [5.291652080506563, 51.73726251817217], [5.295996325721429, 51.73671767761973], [5.300338332707137, 51.73728724429718], [5.304360491059464, 51.73878378097859], [5.322040859514832, 51.74652344951399], [5.35351397184112, 51.75547708468439], [5.355565614792946, 51.7533917876509], [5.355904348774959, 51.7514348157967], [5.363998043727925, 51.75150664712978], [5.374292233876584, 51.75332394083525], [5.390814973599497, 51.75998199045003], [5.411819654410802, 51.76217071582583], [5.423230387315109, 51.76322773148329], [5.4362183397447685, 51.76472514329099], [5.438815906608295, 51.76503015967976], [5.444025786823965, 51.75331212423947]]]]}, "properties": {"type": "boundary", "gemeente": "'s-Hertogenbosch"}}, {"type": "Feature", "geometry": {"type": "MultiPolygon", "coordinates": [[[[5.185699657898542, 51.74191732592199], [5.19552423592171, 51.74027295945356], [5.206494042695107, 51.7414769702535], [5.210374805674803, 51.7377108734242], [5.209495206707077, 51.73736780075805], [5.21044085938779, 51.735479938670004], [5.2100153507769935, 51.73394586846262], [5.2151560745727945, 51.731331733469766], [5.2193460125313775, 51.72815042716358], [5.2217436595144076, 51.72938596053576], [5.224883894874022, 51.72665519677148], [5.227517260375624, 51.727150573955264], [5.23106313663919, 51.7240159931554], [5.228535489783669, 51.71476750329899], [5.229313331257476, 51.71228733210676], [5.229977239172924, 51.710569301834376], [5.241204018506137, 51.7139886406571], [5.2357562114259535, 51.704652812330394], [5.237273732153467, 51.70476100790088], [5.238987165753956, 51.7020436146065], [5.241120059291637, 51.70102528477041], [5.247012321855697, 51.70273513630611], [5.248173749057646, 51.70110267173993], [5.248928797101302, 51.70124412712311], [5.251333864555947, 51.699782616350966], [5.2515690238640715, 51.69937154658661], [5.248915698027496, 51.69713055318908], [5.248484207691999, 51.69509621705634], [5.248383305429322, 51.69500234574778], [5.228740413975459, 51.69135223027982], [5.226818664538953, 51.69085061830949], [5.226157511909529, 51.69003054393711], [5.225743515478463, 51.68386087538939], [5.223227318284924, 51.673781719893675], [5.207948147906375, 51.67395572944702], [5.20226415175715, 51.670610499246614], [5.204776373826238, 51.669821823590205], [5.174877874427752, 51.669193143489984], [5.166797940747543, 51.66904713777502], [5.161767067412894, 51.663447328496694], [5.15767250446161, 51.66327444237575], [5.156957879895074, 51.6577595594775], [5.154451625200086, 51.65491882245338], [5.1600653370343705, 51.63953542677998], [5.144938058375542, 51.64051146528621], [5.1377104467565, 51.640270951255964], [5.12925781046915, 51.63788112162307], [5.123065883736521, 51.6381942281549], [5.115875503616745, 51.63761003161543], [5.106136586008144, 51.635955605910155], [5.103229293197403, 51.65226397982897], [5.101625382593255, 51.66134416385116], [5.102717751825292, 51.66834928773335], [5.101994071321281, 51.66983693414945], [5.102311337757937, 51.67194263784119], [5.1015810789386755, 51.67244181595273], [5.104021656196075, 51.674899779020954], [5.101509223185994, 51.67683428539655], [5.106493048685529, 51.6773274311328], [5.1056656193351975, 51.683877615313904], [5.104883170533427, 51.690036246624175], [5.104202305339419, 51.69498327836614], [5.103052691455658, 51.702483358002276], [5.1115060275924975, 51.70357595681424], [5.108720435589849, 51.70903225079347], [5.106854606817911, 51.710860658360254], [5.105421137622698, 51.710955588952004], [5.10302719199555, 51.71255110588381], [5.101601255543701, 51.71320485138088], [5.098528111432402, 51.716930006869774], [5.095748943117746, 51.718271609352875], [5.093824799036189, 51.718614793867474], [5.093156908942029, 51.71920448148357], [5.090413180256499, 51.719314577410884], [5.083539592309037, 51.7209060786245], [5.081760054065951, 51.72234394463355], [5.092124218444968, 51.727583330368084], [5.101582829557089, 51.73121506563204], [5.118138371554978, 51.73570894881565], [5.126530995104428, 51.737314314705706], [5.128054496767985, 51.73760681815793], [5.163496461832797, 51.742702090654745], [5.168836666837189, 51.74307362346699], [5.1772599205581065, 51.74291751558785], [5.185699657898542, 51.74191732592199]]]]}, "properties": {"type": "boundary", "gemeente": "Heusden"}}, {"type": "Feature", "geometry": {"type": "MultiPolygon", "coordinates": [[[[5.11879878591786, 51.54591881770552], [5.1270601390387105, 51.53235365121701], [5.130195400152504, 51.53029774634667], [5.144965699536292, 51.521493642872706], [5.149204173927648, 51.52342167261289], [5.1523619147078215, 51.52107884601881], [5.163496491607867, 51.515391783116364], [5.1702064484332775, 51.51113520288671], [5.1738533281735055, 51.510491742065796], [5.1765818863666295, 51.51121461594974], [5.179305308185738, 51.50859755024686], [5.183858250019418, 51.50874645621931], [5.184254109607591, 51.507958848386274], [5.190587667119443, 51.50758794634548], [5.195400455126264, 51.5097327901984], [5.203708613538093, 51.510092139329615], [5.214731521516207, 51.51172617179085], [5.224433944023607, 51.517148353164124], [5.226533291640955, 51.507473570731584], [5.232362290198492, 51.50891969235747], [5.235941700600549, 51.51390949795401], [5.251248873894054, 51.509630752524124], [5.250075351742551, 51.50800084058125], [5.250968207379725, 51.50620891919616], [5.2478911441175216, 51.506335988798895], [5.247109839081989, 51.49887847733452], [5.228443066712796, 51.498699913203964], [5.230605268584718, 51.4909385712292], [5.229966030185959, 51.489726679733536], [5.226154313070034, 51.48911073689405], [5.225255256848121, 51.48837424084747], [5.223119646434837, 51.48157371083238], [5.220434134213645, 51.47287942496353], [5.209729483789208, 51.4656129758681], [5.19102426603671, 51.430224903783845], [5.1910193877286535, 51.43021572710834], [5.1901818655420575, 51.430112304266764], [5.184980199199931, 51.42876393313786], [5.178152943843359, 51.43026093423101], [5.173457777113031, 51.428240131101035], [5.170765070658795, 51.42973299504494], [5.1585526741539764, 51.43217416922327], [5.157947723274363, 51.42883077338051], [5.15321101205163, 51.4283542406921], [5.152499293750749, 51.42896846684071], [5.119458625920509, 51.428274760427186], [5.102020065028805, 51.428922654082996], [5.104572116102999, 51.4313488150649], [5.080306641988367, 51.46926252731641], [5.078563628978523, 51.4714444020625], [5.04974017238531, 51.471108032881766], [5.049864820685157, 51.47182571929286], [5.04879112616982, 51.471913416591], [5.051579606791475, 51.48713182204792], [5.068367248566794, 51.485334618569496], [5.0692924453044155, 51.486835745240946], [5.062722297195616, 51.49285210340591], [5.076914353631374, 51.50079637122861], [5.072997313817985, 51.50287488980805], [5.088186203416194, 51.51129735539804], [5.0960347117381835, 51.50991204291887], [5.098440901575719, 51.51536044946797], [5.095023029734698, 51.51725144727472], [5.100946571518955, 51.52051954936195], [5.098750035966105, 51.52200630212992], [5.100489386825017, 51.522969565748596], [5.098140385545055, 51.524952224135326], [5.105059997409609, 51.52817573435843], [5.100058650933112, 51.53145482265209], [5.104527993557578, 51.533836459737806], [5.105652111284477, 51.533337237655175], [5.109588243856091, 51.536805246337956], [5.10867823663866, 51.53723208283817], [5.110644631377667, 51.53890220655386], [5.109819882957535, 51.53938301478905], [5.112520245759335, 51.540023110372815], [5.113660097961691, 51.54100690408728], [5.113485859654677, 51.54234949070915], [5.11879878591786, 51.54591881770552]]]]}, "properties": {"type": "boundary", "gemeente": "Hilvarenbeek"}}, {"type": "Feature", "geometry": {"type": "MultiPolygon", "coordinates": [[[[5.104021656196075, 51.674899779020954], [5.1015810789386755, 51.67244181595273], [5.102311337757937, 51.67194263784119], [5.101994071321281, 51.66983693414945], [5.102717751825292, 51.66834928773335], [5.101625382593255, 51.66134416385116], [5.103229293197403, 51.65226397982897], [5.106136586008144, 51.635955605910155], [5.101367509509885, 51.63271163650168], [5.098184182103971, 51.6288223593919], [5.098118805709779, 51.62824339700991], [5.099848721242178, 51.62785136820366], [5.101216381936757, 51.620405686388054], [5.102958168749412, 51.6169109428075], [5.101322727777745, 51.61658028716718], [5.099157151014563, 51.61770606528485], [5.09600280773533, 51.612465641661316], [5.093744804846786, 51.61124910271918], [5.0794381614966175, 51.61078403646361], [5.080181068580945, 51.60954209925356], [5.075541675746353, 51.60895213772866], [5.075539404694971, 51.60576756498719], [5.0740246575304475, 51.60568077167796], [5.074058318504189, 51.60948315310645], [5.072070580721161, 51.608322216066185], [5.071512138540996, 51.608267168433734], [5.070977196711706, 51.60863358764406], [5.070590022788458, 51.61029049053542], [5.061770831319585, 51.60934594466611], [5.060248423342583, 51.610778235019325], [5.045010372714543, 51.61109694243319], [5.044024478708921, 51.60735955995606], [5.042036014479232, 51.60613731664853], [5.0044915760571715, 51.60788662637481], [5.00241860781801, 51.61302555444557], [4.989360450879536, 51.64869448890356], [4.9893362306105455, 51.64879348723111], [4.987266423506483, 51.65460879264907], [4.988649436796117, 51.66071916208027], [4.992245825064556, 51.67625069095966], [5.0185280991170576, 51.66970262115601], [5.018524273026283, 51.669662969576606], [5.021269292234612, 51.66896728569325], [5.029146747149663, 51.666976078368904], [5.043732455691968, 51.66311675879472], [5.045285388243358, 51.66269357605426], [5.045238669191781, 51.66313102012797], [5.047246306456906, 51.66325064794472], [5.047364834812537, 51.66208455184539], [5.049177227869051, 51.66162310542726], [5.053226443054286, 51.66165059495479], [5.053818066602617, 51.661655762787284], [5.058403336248407, 51.6617266140902], [5.058743462898905, 51.663831986971445], [5.058682244053903, 51.66533730099947], [5.0579701959531675, 51.66831580212617], [5.061013233097019, 51.66828988669935], [5.060621244915976, 51.67111286535904], [5.067324043252237, 51.67097817900807], [5.070174485246088, 51.67083601953978], [5.07204274723974, 51.670762817065075], [5.080264792732182, 51.671388764928714], [5.089742039676171, 51.67475184205621], [5.0949976944136015, 51.674584995498556], [5.101509223185994, 51.67683428539655], [5.104021656196075, 51.674899779020954]]]]}, "properties": {"type": "boundary", "gemeente": "Loon op Zand"}}, {"type": "Feature", "geometry": {"type": "MultiPolygon", "coordinates": [[[[5.547913123958448, 51.538075463096376], [5.554379721154113, 51.51898771836716], [5.5576512659187305, 51.50936930181521], [5.566550579957322, 51.50167202972558], [5.576728772117677, 51.49945274590943], [5.570154946384563, 51.496935847206665], [5.580444643741244, 51.485331704699725], [5.585783306016466, 51.47931163919692], [5.5961064023898865, 51.474898823692264], [5.603533362350802, 51.47258927478224], [5.605201316301571, 51.47098523325622], [5.592838112093406, 51.467124035222916], [5.582972737811852, 51.465548160286666], [5.584650648163118, 51.46414386141711], [5.587806946238265, 51.46347079455367], [5.584707567897407, 51.46050862678511], [5.578999835386718, 51.45507867531755], [5.571172156573936, 51.44773119847342], [5.566163705413769, 51.44148355539519], [5.548775958900657, 51.434714884994065], [5.548678054512007, 51.43467691694369], [5.548851891046963, 51.43450220538429], [5.546778322834378, 51.433674966912996], [5.545885854096665, 51.43657880534765], [5.544383150660387, 51.43721446390156], [5.543563296651066, 51.43871023242465], [5.543924269886139, 51.439602638169106], [5.54262529426951, 51.43997905361732], [5.5426581623861155, 51.43923808168389], [5.541257712311365, 51.43971934440751], [5.5407095767252885, 51.44051387640003], [5.541317257667848, 51.4404639419616], [5.541404449063762, 51.441042697654225], [5.53851091525342, 51.44353560090189], [5.539407566029951, 51.44456618046692], [5.538521167259158, 51.44561355429611], [5.540150241558863, 51.447974694247016], [5.539078067075447, 51.44844553935766], [5.538825251116369, 51.449442470942294], [5.534470035475575, 51.45156617397306], [5.531585019419581, 51.455540305219074], [5.531691524198, 51.455618869002606], [5.532528464433121, 51.457205101323616], [5.531003458914916, 51.45724509621662], [5.529839025846025, 51.45869821520753], [5.524917320792594, 51.459493844118], [5.521870254145838, 51.46109454747392], [5.521067771267646, 51.46101602135762], [5.520953451132151, 51.46155146353627], [5.51827074036885, 51.462628100059845], [5.518112777887916, 51.46295194142228], [5.518984558926758, 51.462909538980206], [5.517581147037974, 51.46434717344729], [5.516929215499669, 51.464240360716964], [5.515892540819475, 51.46512997655978], [5.514936796448431, 51.46497527266048], [5.51438860322677, 51.46555628186374], [5.51411827808603, 51.46652179429357], [5.512865013657282, 51.46660010453192], [5.511580452802367, 51.46749692500468], [5.5090404416628145, 51.46942581438616], [5.510108848265404, 51.46987372972919], [5.508095267169668, 51.47116935797712], [5.5080887549703546, 51.47446147707875], [5.508349076081495, 51.47555441692086], [5.508750393974184, 51.4770594459083], [5.507941162997604, 51.47856665073038], [5.509559727757516, 51.47923595653368], [5.506018899525201, 51.48230006946814], [5.505524089276245, 51.483564177608315], [5.506596083681953, 51.48375705935989], [5.508147066046706, 51.48542417776537], [5.508413297469653, 51.487683915468665], [5.5105726339529495, 51.487353636013964], [5.51245514232451, 51.48956142293815], [5.512490478223109, 51.491028001558114], [5.515554776961936, 51.49334124880373], [5.513385954650482, 51.495481140905405], [5.5133245008801905, 51.49625099764179], [5.511422830034645, 51.49692175879624], [5.510239083992367, 51.49728663183599], [5.5097909636702145, 51.49858714487796], [5.514938202652372, 51.4999812087587], [5.518597878435951, 51.50199538887116], [5.523981709644117, 51.50194582718307], [5.526115267983261, 51.50144593618979], [5.525972721103708, 51.50229233294791], [5.527833178289993, 51.5023186159794], [5.531618138229988, 51.5055603378345], [5.5327931018701095, 51.5052117390246], [5.538674535010712, 51.507595529682916], [5.542271107377784, 51.510626618900496], [5.546271560611993, 51.51269525399799], [5.544362261893795, 51.51568397722874], [5.541756763221634, 51.51807417626455], [5.54067351663576, 51.52066450532377], [5.5456330048872475, 51.51994929237628], [5.544028862542459, 51.52175759195947], [5.544746600619471, 51.52353695059802], [5.543160660221529, 51.52362966342149], [5.540193675445802, 51.526011352556324], [5.536810277649472, 51.526005772005696], [5.53673214650188, 51.5250515485645], [5.530862303582378, 51.52504825535061], [5.547436083628423, 51.53773161169731], [5.547913123958448, 51.538075463096376]]]]}, "properties": {"type": "boundary", "gemeente": "Nuenen, Gerwen en Nederwetten"}}, {"type": "Feature", "geometry": {"type": "MultiPolygon", "coordinates": [[[[5.298992811546303, 51.547848650275554], [5.308394647548246, 51.54597967272618], [5.324942132138855, 51.55120818569893], [5.333134854628034, 51.55110816640138], [5.337192329292411, 51.54640252146117], [5.343930843815842, 51.54447065373494], [5.350845122822791, 51.544235500204884], [5.356909640237133, 51.54471633965796], [5.368594668257442, 51.53148974864136], [5.365621227758387, 51.529980246625776], [5.3554580068614595, 51.52890260667123], [5.353730653377113, 51.52608365849307], [5.353569133760538, 51.523802389432205], [5.3539009208686705, 51.521186650730556], [5.351505708127971, 51.518006826862646], [5.349485062690112, 51.517168202299935], [5.350891346859289, 51.51212728488981], [5.350750049264704, 51.50755288934893], [5.351316419376212, 51.50605361443297], [5.3526053766068555, 51.50599195045807], [5.353324873235653, 51.501796172635885], [5.355180166590922, 51.4991589013092], [5.355573135440433, 51.49693427463055], [5.355886087557432, 51.49610660981421], [5.364609154086215, 51.49144631808286], [5.37501620742432, 51.48904898756553], [5.386013021959379, 51.486703175649055], [5.389735283800874, 51.48751654302882], [5.390032554921303, 51.48581335725808], [5.391015077180746, 51.485554534004145], [5.39104015516531, 51.4850370116939], [5.39051702541671, 51.485153962711394], [5.391185426524137, 51.47175611100003], [5.390824698294599, 51.4713340192449], [5.390684274461499, 51.47063786778246], [5.389574654201667, 51.47059883421608], [5.387112954573998, 51.46927128584532], [5.387536657468829, 51.46820553489552], [5.384676267849391, 51.4676597520197], [5.379149344855022, 51.46384206922087], [5.369445162449556, 51.4653163436374], [5.358387780967155, 51.46701508702783], [5.356000941862453, 51.46231448682478], [5.333815314072215, 51.46853636782918], [5.334726773585477, 51.46587456307695], [5.332625627978546, 51.465422005948156], [5.3345977395517385, 51.46293458993571], [5.331596688815178, 51.4628316984257], [5.330511018237322, 51.46384069701703], [5.328040738982601, 51.46422617088746], [5.325838750538617, 51.46379151675226], [5.325895094584755, 51.4628764094518], [5.324203494610274, 51.462722346564874], [5.32042255989366, 51.460867959224466], [5.318802711051512, 51.46148121290921], [5.315076319430702, 51.461371843480734], [5.314250596704597, 51.46078077640512], [5.303095524329296, 51.45914904605888], [5.303177139878267, 51.45858532564966], [5.298067188315708, 51.45462562912089], [5.297228730804751, 51.453137792077115], [5.294496581008097, 51.45528331734071], [5.2850172684416545, 51.45411143522884], [5.282248619840352, 51.452249881890225], [5.2792523799177555, 51.45021926310296], [5.271019352612126, 51.449032679008006], [5.2646618154939775, 51.44892763352397], [5.260441893964233, 51.44823524408036], [5.25887335071721, 51.44712440040585], [5.249024228118276, 51.44572057637084], [5.248395257383083, 51.44563090239505], [5.24881909551967, 51.443081780158614], [5.252481314278561, 51.43793907781205], [5.239061642117664, 51.433669395447716], [5.239168735353366, 51.43099038596503], [5.237596954230507, 51.43071409389488], [5.237703890111403, 51.42855876689352], [5.232699292117004, 51.426856528465244], [5.229284294423781, 51.42545194486093], [5.22373768499361, 51.42509754959011], [5.223139983172177, 51.427921142638105], [5.219542400476469, 51.42891865306034], [5.217484580400527, 51.430503769570834], [5.215770619176991, 51.43417983928001], [5.209936476106787, 51.43417113138693], [5.209217009788749, 51.436500439049844], [5.206675421634788, 51.43469542762268], [5.195419664287999, 51.43078301479216], [5.19102426603671, 51.430224903783845], [5.209729483789208, 51.4656129758681], [5.220434134213645, 51.47287942496353], [5.223119646434837, 51.48157371083238], [5.225255256848121, 51.48837424084747], [5.226154313070034, 51.48911073689405], [5.229966030185959, 51.489726679733536], [5.230605268584718, 51.4909385712292], [5.228443066712796, 51.498699913203964], [5.247109839081989, 51.49887847733452], [5.2478911441175216, 51.506335988798895], [5.250968207379725, 51.50620891919616], [5.250075351742551, 51.50800084058125], [5.251248873894054, 51.509630752524124], [5.235941700600549, 51.51390949795401], [5.232362290198492, 51.50891969235747], [5.226533291640955, 51.507473570731584], [5.224433944023607, 51.517148353164124], [5.230842892155418, 51.52093723588837], [5.234790495466757, 51.53099426447807], [5.244005947451678, 51.525750528916475], [5.24949459172806, 51.53163552838444], [5.253329810446635, 51.540332569762754], [5.261304140598454, 51.54068751822744], [5.269861260697596, 51.54620903478949], [5.276883589443898, 51.54486305761443], [5.277486490878935, 51.54873659115498], [5.2719317906450645, 51.549806867942856], [5.273270105355964, 51.552820664675735], [5.298992811546303, 51.547848650275554]]]]}, "properties": {"type": "boundary", "gemeente": "Oirschot"}}, {"type": "Feature", "geometry": {"type": "MultiPolygon", "coordinates": [[[[5.263999819331387, 51.61822957573146], [5.2688201412466285, 51.61253759715315], [5.26923891778771, 51.60960857541462], [5.275220530335009, 51.607841629097166], [5.2787429483597785, 51.6047903209479], [5.275663896528991, 51.60440533679301], [5.268812765237296, 51.60096700514047], [5.262196017738003, 51.599350028247116], [5.255451705151554, 51.59347265580417], [5.24794160198873, 51.589798008790865], [5.247240730928643, 51.58704035646834], [5.247206859524036, 51.58677971621887], [5.246177000680923, 51.579478013845396], [5.261453827693453, 51.56113030665501], [5.264411612210053, 51.557969257228706], [5.2688992380127075, 51.553726498879556], [5.273270105355964, 51.552820664675735], [5.2719317906450645, 51.549806867942856], [5.277486490878935, 51.54873659115498], [5.276883589443898, 51.54486305761443], [5.269861260697596, 51.54620903478949], [5.261304140598454, 51.54068751822744], [5.253329810446635, 51.540332569762754], [5.24949459172806, 51.53163552838444], [5.244005947451678, 51.525750528916475], [5.234790495466757, 51.53099426447807], [5.2308428921555254, 51.520937235888326], [5.224433944023607, 51.5171483531641], [5.214731521516207, 51.51172617179085], [5.203708613538201, 51.510092139329544], [5.195400455126371, 51.5097327901984], [5.19058766711955, 51.50758794634548], [5.184254109607698, 51.50795884838622], [5.183858250019418, 51.508746456219264], [5.179305308185845, 51.508597550246805], [5.17658188636663, 51.51121461594966], [5.173853328173614, 51.510491742065796], [5.170206448433385, 51.51113520288664], [5.163496491607868, 51.51539178311629], [5.152361914707929, 51.52107884601881], [5.149204173927648, 51.523421672612834], [5.144965699536292, 51.521493642872684], [5.13019540015261, 51.53029774634667], [5.135451013932574, 51.533579958429115], [5.13365561461767, 51.534999205066235], [5.141880201261086, 51.54209199940464], [5.138694109605873, 51.54595599428652], [5.143824114649445, 51.546225903138975], [5.147469085229463, 51.54680998643713], [5.147835233136934, 51.54711781438899], [5.141160820449145, 51.54953090659449], [5.139119637487726, 51.55069604168669], [5.137566459059206, 51.552076841915856], [5.137871828759624, 51.55909075100601], [5.139138188260918, 51.56132098955993], [5.137837454059262, 51.563199219676086], [5.142678276220251, 51.570366241706154], [5.144963651381288, 51.57387572461353], [5.14551939166142, 51.57450544853993], [5.147486170773215, 51.575569011673856], [5.14716443342662, 51.57680480976988], [5.148768902909638, 51.57771311883058], [5.15075956678404, 51.580097757221864], [5.159637195822708, 51.58556310957252], [5.1614391601711604, 51.58667142642053], [5.170304170644947, 51.59224105749372], [5.179538500788227, 51.59766431486776], [5.18688378805528, 51.60175056649207], [5.188949482767866, 51.603571754992394], [5.202033761613725, 51.611476968326414], [5.210710925641947, 51.61558825980472], [5.222394870120496, 51.621843746622496], [5.222009774154347, 51.61974795351264], [5.223953709494688, 51.61830682108956], [5.224114150348554, 51.61643899747049], [5.225928205411737, 51.6159583122916], [5.228191935536481, 51.61588899670918], [5.236939819063761, 51.6181369570277], [5.2375857365395335, 51.61896643912077], [5.239915054724388, 51.61882497297359], [5.241983917896316, 51.617923739046844], [5.242374085996258, 51.617988463352525], [5.244371847124026, 51.61854958313182], [5.246668446765705, 51.620833933940865], [5.246170924719572, 51.62265452461463], [5.25549905837059, 51.62492826009692], [5.260419603506289, 51.621102139918335], [5.263999819331387, 51.61822957573146]]]]}, "properties": {"type": "boundary", "gemeente": "Oisterwijk"}}, {"type": "Feature", "geometry": {"type": "MultiPolygon", "coordinates": [[[[4.862651449344261, 51.67706693869309], [4.866202802966606, 51.67610606159851], [4.8712475963832995, 51.67582032446203], [4.872019596442225, 51.67517486883092], [4.875786423634847, 51.674733455460355], [4.876549560418933, 51.67333159505997], [4.879712630043064, 51.672043301507465], [4.880228084301092, 51.67183560044778], [4.880499767668692, 51.67420803901124], [4.896834865062217, 51.674774586558826], [4.898720409262925, 51.674183460073834], [4.906931237450014, 51.674943632075625], [4.9065508660590975, 51.675953205580186], [4.9128263306054984, 51.67659011404267], [4.91378021354687, 51.675049012664296], [4.917520297990274, 51.675258523802874], [4.925031707417059, 51.67300936085739], [4.926774950826361, 51.669087477722194], [4.930942295774261, 51.66710168281244], [4.931046935826169, 51.66355211755817], [4.933125568535783, 51.65988418797546], [4.932999649083869, 51.658893510049204], [4.934409698581541, 51.657253703988616], [4.9324593872606135, 51.6558237155507], [4.93290575970306, 51.65157648775397], [4.93281512775501, 51.650697745524866], [4.930353774040147, 51.64954143654605], [4.930105286932932, 51.64795481413864], [4.929279606334964, 51.64853236470074], [4.92894574250482, 51.646673161496444], [4.913191083038699, 51.634022823583265], [4.911146944490054, 51.63124827870435], [4.910027487846828, 51.629460116172126], [4.9105371652477965, 51.62742601137838], [4.91211673252455, 51.62682553319596], [4.91182190201378, 51.62636500539099], [4.905018546879772, 51.624532508968926], [4.904278608657657, 51.624332639036986], [4.915553833600899, 51.62243290412635], [4.913558183067358, 51.61963773184025], [4.909898989061763, 51.61832715816431], [4.9113261646027615, 51.6180618422908], [4.91116668439337, 51.61615661448092], [4.911881065927067, 51.6153992980914], [4.917442212967951, 51.608540762091856], [4.918498392491431, 51.60136744317041], [4.91615008561564, 51.600811618792754], [4.916268138114384, 51.6000155773334], [4.91377447462484, 51.59970729829263], [4.91311269817799, 51.60039665136033], [4.911634560239125, 51.6000671956433], [4.9137852974216605, 51.59809048832777], [4.89992195005327, 51.59267526830599], [4.899899460920969, 51.59266742278476], [4.890244949400097, 51.58903610682767], [4.889619788299114, 51.58881114521868], [4.868965530723121, 51.58100250938333], [4.869170795145967, 51.57844197530657], [4.86423794702776, 51.579088943822775], [4.854397387085848, 51.57937055019077], [4.845729496409624, 51.583450367320154], [4.842621309080552, 51.58582945760581], [4.842020045508966, 51.596027064056884], [4.841370654577517, 51.596259681526526], [4.834722137285876, 51.597346551630814], [4.834072112714356, 51.59741179261348], [4.839802446625456, 51.601681541065], [4.839891959092271, 51.6024575172012], [4.843551399648885, 51.60387626382162], [4.839078255594874, 51.6089343080033], [4.842682606510629, 51.61698597343742], [4.828037905752747, 51.62457830519386], [4.82603586336516, 51.62698452280781], [4.82377896550122, 51.627695401032184], [4.8218660568645255, 51.627274419560734], [4.821259770509934, 51.62955869774316], [4.82003473250533, 51.63062357681899], [4.81827261985918, 51.631615746296184], [4.8118446934509, 51.63290514116469], [4.8069691127668825, 51.63260722688172], [4.788912274994806, 51.634417785006725], [4.787505572583236, 51.63704809702735], [4.79648868188427, 51.64118704718647], [4.7943046992005085, 51.64174065883365], [4.781080485071055, 51.66388566177103], [4.796786899135885, 51.669515227823055], [4.8011973397513, 51.67020536145957], [4.806832574232829, 51.671272621306414], [4.816953875419321, 51.673649376207386], [4.821787281433087, 51.67474409183381], [4.82735096794748, 51.67696283675407], [4.828560858041247, 51.67644389883706], [4.8423672605290475, 51.679654201473454], [4.842684897507574, 51.679733657450335], [4.842264895767569, 51.68285575909612], [4.843390565382953, 51.686017555182666], [4.846210511825779, 51.68449170874265], [4.851059571198247, 51.68396482349413], [4.856621077781546, 51.6816680217363], [4.856579793732589, 51.680242831701314], [4.860679954891706, 51.67870876556573], [4.862651449344261, 51.67706693869309]]]]}, "properties": {"type": "boundary", "gemeente": "Oosterhout"}}, {"type": "Feature", "geometry": {"type": "MultiPolygon", "coordinates": [[[[5.535633252747029, 51.81657425331495], [5.540929170220455, 51.81630749070017], [5.545283912696751, 51.81743423846724], [5.548628087063894, 51.81980261390534], [5.551263958664546, 51.82413070757441], [5.552146561338473, 51.82496711015372], [5.554823670370219, 51.8265600526757], [5.558157760581539, 51.8275265978692], [5.567879196846722, 51.82778318726951], [5.5767913019785365, 51.82815172751314], [5.588847845983347, 51.829699509924], [5.597976081683884, 51.828049393833425], [5.606234787285733, 51.82529999452097], [5.617812352918065, 51.820055555856], [5.622159100307872, 51.81921100900851], [5.6258961546991415, 51.81922969964788], [5.635214153844164, 51.8195436668956], [5.641304018793936, 51.81789189913211], [5.644215426533185, 51.81603678385327], [5.646574085391037, 51.81303034669708], [5.6499006841608415, 51.806136921521656], [5.653913181215196, 51.80115180872446], [5.657493211374399, 51.798030067831576], [5.663350211798893, 51.79453438397146], [5.668406365664506, 51.792916923619615], [5.674102673279558, 51.79244960265377], [5.685789106955869, 51.79119307142961], [5.693715532893722, 51.78774086329385], [5.696500166035037, 51.78546656539747], [5.702308685438855, 51.7781434715464], [5.705975898099962, 51.776254952830655], [5.711229297618238, 51.775033704652486], [5.70104721974229, 51.76874698957629], [5.696035180386339, 51.76133956139175], [5.6908575225539595, 51.75913053332529], [5.686104863565627, 51.759274713524086], [5.680138980652161, 51.76135321845165], [5.676275048442546, 51.764773028685774], [5.674733977302627, 51.76800950898887], [5.672259990303092, 51.76561604544073], [5.669964248442036, 51.762604304995165], [5.667692029683259, 51.75381303252954], [5.667222025888522, 51.75225614518849], [5.663505850900111, 51.754325408685055], [5.66026150659854, 51.755702148230405], [5.652546789341577, 51.761986570277976], [5.6487284380302665, 51.76426570897596], [5.645417725948267, 51.76289110813053], [5.633773139333657, 51.76083293623992], [5.635774892071649, 51.758324971735966], [5.626727751540189, 51.756941885789935], [5.624337977840786, 51.75651573655785], [5.620488142490151, 51.75600008988802], [5.617220528511644, 51.75520206135291], [5.615048719009406, 51.75616004188489], [5.6124695685197565, 51.75477419950366], [5.6020295770462605, 51.75167718862297], [5.597323651762004, 51.750597724874076], [5.596605355914008, 51.74741322580657], [5.576384845618472, 51.74489136365309], [5.577476544595642, 51.735760829107306], [5.579917261190409, 51.73293886205086], [5.58222440169377, 51.73274983331862], [5.580880593397783, 51.73144800372033], [5.576005753863132, 51.731531886969655], [5.573760222499719, 51.731059169937], [5.570132417403953, 51.73102841286894], [5.560169689595685, 51.73235967613023], [5.553918426281266, 51.73480172214659], [5.543294889315211, 51.73846475938631], [5.533918572820849, 51.740596602067214], [5.529138157221646, 51.740440218290026], [5.516846507627171, 51.738695110453754], [5.510282565597014, 51.73808400027824], [5.509937148792969, 51.73734203530946], [5.5095528444786055, 51.73727545096913], [5.508994498730631, 51.737178710458714], [5.508732519768571, 51.73793041818194], [5.507705749913566, 51.73782188301441], [5.504614216761144, 51.73667787124314], [5.4990000384451285, 51.73547866855445], [5.495305536392669, 51.73467924002449], [5.478716647104751, 51.73021643294112], [5.474243756334151, 51.728964627192425], [5.46686536941916, 51.72702001930121], [5.46629332771797, 51.7266568323974], [5.465433071530893, 51.726787671317965], [5.4648428437973, 51.726294767850675], [5.463187324440781, 51.72586616908958], [5.462591655759373, 51.72819908955684], [5.460073037343106, 51.73070748731261], [5.457895025503856, 51.72996437065174], [5.4564506681310085, 51.731368198654074], [5.454714237470561, 51.73286945049436], [5.453139060759524, 51.7323930695866], [5.451929129544039, 51.73400122358025], [5.454172689120101, 51.73545514913872], [5.45191019175918, 51.737599669992846], [5.450537979496248, 51.73937700099743], [5.451398345027552, 51.739682157886904], [5.451306462086235, 51.739799023938296], [5.447422046088963, 51.74530747892729], [5.443516677052455, 51.75104935191325], [5.444025786823965, 51.75331212423947], [5.438815906608295, 51.76503015967976], [5.4362183397447685, 51.76472514329099], [5.423230387315109, 51.76322773148329], [5.411819654410802, 51.76217071582583], [5.390814973599497, 51.75998199045003], [5.374292233876584, 51.75332394083525], [5.363998043727925, 51.75150664712978], [5.355904348774959, 51.7514348157967], [5.355565614792946, 51.7533917876509], [5.35351397184112, 51.75547708468439], [5.357567768671958, 51.757890177106965], [5.359927020433124, 51.76058727733352], [5.360429296888923, 51.7686801891005], [5.3625385588891215, 51.77946354407178], [5.369038573435095, 51.78981606330267], [5.370193670584913, 51.791096765743575], [5.375602733688203, 51.79616010304658], [5.383490135065522, 51.804633565419074], [5.3944090246865635, 51.812722920602425], [5.398384420946322, 51.81715539300394], [5.400053589104096, 51.81941733510817], [5.401705853394265, 51.82089265375083], [5.406057695419837, 51.82242004540065], [5.410409109452826, 51.82254509131651], [5.414884903486066, 51.82129002678053], [5.4182710025597345, 51.818557760580376], [5.422291743160937, 51.814558312577574], [5.429254595117038, 51.81136727713493], [5.439403348614874, 51.809709322982364], [5.44955361412744, 51.809677387645955], [5.464479758495674, 51.81118642712993], [5.467485372633149, 51.81180246834108], [5.474213937776241, 51.81464120833848], [5.476930874320761, 51.81718286211697], [5.4783481318345695, 51.820053952402056], [5.479672145197982, 51.82437140706301], [5.481839073231371, 51.82706617986822], [5.4858478713780245, 51.829408831659265], [5.490189554396464, 51.83050843124429], [5.496005531533503, 51.8306042832885], [5.50325440211869, 51.8287637146478], [5.5080780840092975, 51.826143236998526], [5.514213324845796, 51.82074374691468], [5.51773358160672, 51.81928376972305], [5.527883586528763, 51.818481063935145], [5.535633252747029, 51.81657425331495]]]]}, "properties": {"type": "boundary", "gemeente": "Oss"}}, {"type": "Feature", "geometry": {"type": "MultiPolygon", "coordinates": [[[[4.536615837041054, 51.56577643337833], [4.530904771880825, 51.55988769190085], [4.528689070517361, 51.555486635911265], [4.528068338093091, 51.55199885485891], [4.530357936130193, 51.54925569385707], [4.533481998651933, 51.54926951080249], [4.542421831243043, 51.55108712393013], [4.545083299180883, 51.55164560994436], [4.544639711678525, 51.552948315654035], [4.54537044634325, 51.553908865492104], [4.546444378704862, 51.55365068131698], [4.547310175058462, 51.552361476073656], [4.550492797894602, 51.55271180888165], [4.566841392276185, 51.555963152604946], [4.568020226208571, 51.55619941431121], [4.582011191423852, 51.5590479118055], [4.581750349202834, 51.560266811586644], [4.582878652076283, 51.56041919596512], [4.584895928859945, 51.55963497908596], [4.591760968246714, 51.56103172178843], [4.591857484224225, 51.560899521229956], [4.592000028048735, 51.56024642410043], [4.596818886039979, 51.56002095248011], [4.60165842582785, 51.55869495547054], [4.606570940012871, 51.556023146887284], [4.608136000266291, 51.55424167255591], [4.610107517163623, 51.553602934068], [4.611002957118765, 51.55433853839794], [4.615790163529959, 51.553179482209615], [4.62479544474671, 51.552385637619956], [4.6258090384187085, 51.54741161412682], [4.627016362308569, 51.54808117832271], [4.62878209414061, 51.546627135706636], [4.630077440414724, 51.54716183872717], [4.631775491752562, 51.543881583545364], [4.632776950742465, 51.54424923859601], [4.635285425225741, 51.54235145081709], [4.636083190570579, 51.54318904866721], [4.637868107347543, 51.542326026726485], [4.640109804570329, 51.54342321634757], [4.638715571391459, 51.52441268415791], [4.63105924338659, 51.52331139772975], [4.627659012543615, 51.52246776482622], [4.624986047700962, 51.521090143044866], [4.626401166603048, 51.51892067620689], [4.621506762339062, 51.51744385116739], [4.621617565995476, 51.51626193386113], [4.619404737523792, 51.516172008774156], [4.62053842998322, 51.51073618918115], [4.61820106947248, 51.510672245123544], [4.618196968350239, 51.50961524944764], [4.6170861948943145, 51.50970684436392], [4.61637876202145, 51.508087298088036], [4.615019337863631, 51.50894689503609], [4.610783819103192, 51.508338593188206], [4.5795726636591, 51.51071269909411], [4.589730331743401, 51.496737403339914], [4.583709044498097, 51.495764029048324], [4.579179002714667, 51.49340615194023], [4.576176745303011, 51.4925393751511], [4.573975345718203, 51.488468495328945], [4.5758071179183855, 51.48813949769577], [4.572298282320806, 51.48267479973488], [4.5560998042817165, 51.4856342128639], [4.548159821727274, 51.47331244968049], [4.538183534469934, 51.48239756326251], [4.486680519988836, 51.47735254841723], [4.485405442381348, 51.481622293851174], [4.492860596677274, 51.4832910479004], [4.490312380105593, 51.486991382272805], [4.497892209480413, 51.5014326119253], [4.498095341556094, 51.50181179872331], [4.496652498018198, 51.50830032526489], [4.498516047694892, 51.50986331276178], [4.502178563349064, 51.51672340540971], [4.502687200258687, 51.51674894464636], [4.5143312421571675, 51.51789542531308], [4.513562638371038, 51.52160139885642], [4.515952804559337, 51.52152019059943], [4.51764988162402, 51.5253881722301], [4.519657285063853, 51.52540129919721], [4.520136195709167, 51.52655802159862], [4.519578301693269, 51.527081297080834], [4.521188680339103, 51.528950501469716], [4.520418040990732, 51.52899122408401], [4.521967770818238, 51.531775614028746], [4.521407532633875, 51.533094937226785], [4.523190806235292, 51.542556849348664], [4.515794948498036, 51.54299795545089], [4.515832443281681, 51.54208777975228], [4.514443271220294, 51.54190105590443], [4.511314724899094, 51.5439824468392], [4.5067889927039975, 51.54363249070064], [4.498829835407191, 51.54478510394764], [4.498788484891968, 51.54570444820054], [4.497471630718548, 51.546273320274196], [4.498080558711006, 51.5499421498712], [4.500203575768758, 51.558536424510805], [4.50163423400578, 51.5632708439964], [4.504153327183697, 51.56298515118831], [4.5049550849296045, 51.566026432248314], [4.508712979841388, 51.56554873478942], [4.5094495555939735, 51.56855879393949], [4.536615837041054, 51.56577643337833]]]]}, "properties": {"type": "boundary", "gemeente": "Rucphen"}}, {"type": "Feature", "geometry": {"type": "MultiPolygon", "coordinates": [[[[5.439596471037831, 51.69865122498608], [5.4433493564209625, 51.69761786621693], [5.4413525531500255, 51.69465590852146], [5.445997447044157, 51.69529791551976], [5.447403855119446, 51.695023211849396], [5.446623810467353, 51.69290211564009], [5.4451666182639675, 51.6885810172688], [5.451677929261465, 51.686751076139764], [5.452717879639534, 51.68847477418323], [5.456871846490848, 51.687590652030934], [5.448825850059875, 51.66955192830388], [5.445630269970964, 51.66641659101868], [5.445041486960144, 51.66427871550771], [5.43940957564154, 51.66487414121039], [5.432608289720499, 51.66417700709422], [5.431592160613752, 51.663186599383884], [5.431662421813252, 51.660894343099784], [5.4284227291097675, 51.65647143890213], [5.423528292012003, 51.65385094174839], [5.423388794169756, 51.65378288712228], [5.422484939845525, 51.65399761325207], [5.422229269540552, 51.653593691558704], [5.414643285887846, 51.65570235510312], [5.4150946702131915, 51.65407893563853], [5.411424512300805, 51.654458023882356], [5.411263905863339, 51.65397022238112], [5.413473856743874, 51.65374616235899], [5.412620340753133, 51.65277861928833], [5.411079848265201, 51.652691254288726], [5.410977869572837, 51.65155104034109], [5.412562842470293, 51.65098504959554], [5.412295895297787, 51.650303012186946], [5.4060570207654015, 51.65021466022116], [5.405958807827159, 51.64831154145144], [5.401947759166602, 51.64794290980123], [5.400041143549099, 51.64656673181188], [5.396153812306191, 51.64532049850743], [5.395369887440618, 51.64617472050911], [5.389822826155406, 51.645630775948234], [5.385159492419591, 51.646418839926575], [5.384191008941606, 51.64590544050415], [5.380095343865158, 51.64635602877333], [5.379110587672154, 51.64734941593767], [5.37809752729331, 51.64663840414114], [5.3798976958531375, 51.64570560633822], [5.379069063803325, 51.645550545993885], [5.37959119536089, 51.644151325116816], [5.377168557519521, 51.64353894697886], [5.376240626300257, 51.64462979572642], [5.375438370777695, 51.64445007452692], [5.376033549402472, 51.64332865847862], [5.371867246805649, 51.641930773920826], [5.375295231394416, 51.63998928110451], [5.377890714170924, 51.63949433202204], [5.379398966903963, 51.639933304742485], [5.3800880871675325, 51.639187972207765], [5.383185424079511, 51.638450846492916], [5.378686346089277, 51.6386704110745], [5.373189755715224, 51.63703561464887], [5.371360141137058, 51.637225663750385], [5.371174299160533, 51.63300342759701], [5.374996853143003, 51.63369316154794], [5.383283996525259, 51.631603588720395], [5.383210082020944, 51.62848550273149], [5.38407734095792, 51.62838743506221], [5.383578238903208, 51.62770775952345], [5.387243954396922, 51.625926313450684], [5.384453893540009, 51.62546710725949], [5.383851769268682, 51.624085569859446], [5.38588707245514, 51.62345404281201], [5.384507633975308, 51.62335967852647], [5.385916292086266, 51.620905688344415], [5.3889563982161945, 51.62128953319642], [5.3886143388302905, 51.61772583375674], [5.3910142835825265, 51.61654809303027], [5.3905217569912836, 51.61432901286664], [5.392413726457026, 51.612360389608625], [5.39071507643115, 51.611780047542446], [5.394855315611896, 51.605841723930695], [5.390422661410052, 51.605423351774206], [5.380527839919325, 51.60290162286363], [5.378343589303217, 51.602545984745255], [5.374138224221952, 51.60173007884793], [5.363137455039722, 51.601778841155244], [5.352928100730587, 51.600690405527786], [5.350984289745812, 51.60396580755318], [5.3458660279269905, 51.60273768847754], [5.342833696287433, 51.60022365165859], [5.341384789252578, 51.60146810364884], [5.340832911801673, 51.60434979306199], [5.335962720520055, 51.60309304370023], [5.332130229820336, 51.611136272373585], [5.334861853501123, 51.61363957492217], [5.339047461458743, 51.61386047631422], [5.343176621424654, 51.61686756067476], [5.343810114581847, 51.62297133954728], [5.338404129358156, 51.6221268327789], [5.317731170319812, 51.63463372790218], [5.320424002519901, 51.635654644281495], [5.321189967104215, 51.63696157932717], [5.319557544000071, 51.63849119173984], [5.318670579313215, 51.64205427217672], [5.319695635769848, 51.645489330304315], [5.319149572696756, 51.64997471185451], [5.316876172394785, 51.65224115212726], [5.314508843014123, 51.652471317276635], [5.312573047771021, 51.65394546982059], [5.311738293120209, 51.6581287694713], [5.306193377793517, 51.661110833664274], [5.303796535602572, 51.66399281436359], [5.303970466502553, 51.66554813982364], [5.30894798157173, 51.667940568581784], [5.319056647324833, 51.670371912022766], [5.327473962298879, 51.67336693851055], [5.338882343263691, 51.66399641847752], [5.342005793506573, 51.665301349354806], [5.341484803518335, 51.66618555242593], [5.34395882427951, 51.66744567180828], [5.353692044679303, 51.671073241378515], [5.352931549991036, 51.67181405348252], [5.354612370951237, 51.672506448700084], [5.353877547248395, 51.67314179374632], [5.355961196849376, 51.67400366155624], [5.350938492829746, 51.677144596504945], [5.352179618614826, 51.68108227188516], [5.353313108386024, 51.681451756073535], [5.355758944992817, 51.68129478249445], [5.357023485607762, 51.68106590659625], [5.3573504763368724, 51.68200253846968], [5.366472974333111, 51.68068857544741], [5.367011465792127, 51.680842415240456], [5.367812824176122, 51.68079398491373], [5.37246560704576, 51.68010840707055], [5.376586287723909, 51.678516730422814], [5.377109334848001, 51.67880158593927], [5.373306423809948, 51.681335023238674], [5.369856106421243, 51.684337406844506], [5.365632734088792, 51.68886321323549], [5.364294864709486, 51.690527478441275], [5.359273244739746, 51.69867894087063], [5.360710413324395, 51.698767627392485], [5.362462335510874, 51.69849575171638], [5.366215034750072, 51.69696742052763], [5.3679969917907595, 51.69708614564968], [5.3715439911370355, 51.697968865587654], [5.373115802525679, 51.69974075894934], [5.375678323196569, 51.70027516601372], [5.3857067314567, 51.70098478252815], [5.394523782911988, 51.69889267869481], [5.397714530522311, 51.69848831859965], [5.40606520937753, 51.69907501840847], [5.429807452105842, 51.70147850490639], [5.439329584505824, 51.70043420043002], [5.439596471037831, 51.69865122498608]]]]}, "properties": {"type": "boundary", "gemeente": "Sint-Michielsgestel"}}, {"type": "Feature", "geometry": {"type": "MultiPolygon", "coordinates": [[[[5.739388921170542, 51.374683878904214], [5.74021506946697, 51.369792988129824], [5.745458789377222, 51.371105433569625], [5.770447366697549, 51.333804222913066], [5.760091533708227, 51.33183754574618], [5.747062976230706, 51.329362119758564], [5.741051694252834, 51.32821442048059], [5.714361748590486, 51.32314695086272], [5.701728812549884, 51.32074319533656], [5.672109279349915, 51.31509345691277], [5.670787131912606, 51.31622577075235], [5.671969725815949, 51.323681871208436], [5.670120760086563, 51.325617894834515], [5.666767812835956, 51.32672451305797], [5.666123294572535, 51.32826791930892], [5.65951355616067, 51.3431332518431], [5.654705991138144, 51.35387686669221], [5.653647937728936, 51.35625056867437], [5.638940957878929, 51.38912335554162], [5.638918844780135, 51.389172764101694], [5.639000739659702, 51.39797085749112], [5.637871489402737, 51.40670708770175], [5.639014851314392, 51.422456106633994], [5.639041283000329, 51.42253783789898], [5.644075906570965, 51.440853070727215], [5.64612059769005, 51.441424939763635], [5.6482431626566925, 51.441521365596834], [5.653281214069234, 51.44659463840621], [5.6564675232340615, 51.45655921619137], [5.668995494605955, 51.456849085387475], [5.672236974409423, 51.457714453187606], [5.682130364829935, 51.449382715888284], [5.68972458904134, 51.44298285197044], [5.693982874031763, 51.43923940847584], [5.699978166663596, 51.4221539781865], [5.700499293107173, 51.4207092237103], [5.70071633070635, 51.4185476243414], [5.702876683862478, 51.412540837333125], [5.703852147495113, 51.411072208973245], [5.7074212289104755, 51.40815919407981], [5.722899847419384, 51.39884603008974], [5.72303579297748, 51.39843189527826], [5.7337233265989855, 51.39187253943638], [5.736343036579224, 51.38937102240053], [5.73839559861732, 51.38056294216273], [5.739388921170542, 51.374683878904214]]]]}, "properties": {"type": "boundary", "gemeente": "Someren"}}, {"type": "Feature", "geometry": {"type": "MultiPolygon", "coordinates": [[[[5.487943248359266, 51.541362221306116], [5.488814049248772, 51.53328481058069], [5.493447701210592, 51.5266851480122], [5.494252323716092, 51.527205968076295], [5.496451155104476, 51.52704830787419], [5.49827016872096, 51.52852923639467], [5.501896887291169, 51.527436725628455], [5.501857063097044, 51.52672645625273], [5.502570205767456, 51.52729276462892], [5.503723795045031, 51.52649604282117], [5.5033414721185325, 51.525788767292354], [5.499922520420301, 51.52520313364761], [5.5001074973415145, 51.52137669391457], [5.5054519902093695, 51.521666868445834], [5.506563593781837, 51.52303629542835], [5.508339737838579, 51.5238273059698], [5.508930065257564, 51.52268661811693], [5.513029122060073, 51.52429596023903], [5.514550019026117, 51.52324868863301], [5.519780445833988, 51.52246429666535], [5.521063462530823, 51.52290202394417], [5.521602002152939, 51.52244816626235], [5.522612264388053, 51.52343039924711], [5.525046524988671, 51.52186858611703], [5.530862303582378, 51.52504825535061], [5.53673214650188, 51.5250515485645], [5.536810277649472, 51.526005772005696], [5.540193675445802, 51.526011352556324], [5.543160660221529, 51.52362966342149], [5.544746600619471, 51.52353695059802], [5.544028862542459, 51.52175759195947], [5.5456330048872475, 51.51994929237628], [5.54067351663576, 51.52066450532377], [5.541756763221634, 51.51807417626455], [5.544362261893795, 51.51568397722874], [5.546271560611993, 51.51269525399799], [5.542271107377784, 51.510626618900496], [5.538674535010712, 51.507595529682916], [5.5327931018701095, 51.5052117390246], [5.531618138229988, 51.5055603378345], [5.527833178289993, 51.5023186159794], [5.525972721103708, 51.50229233294791], [5.526115267983261, 51.50144593618979], [5.523981709644117, 51.50194582718307], [5.518597878435951, 51.50199538887116], [5.514938202652372, 51.4999812087587], [5.5097909636702145, 51.49858714487796], [5.510239083992367, 51.49728663183599], [5.511422830034645, 51.49692175879624], [5.4963762707819255, 51.49677769768874], [5.496212563874503, 51.49677587163906], [5.4791432442936845, 51.49661265634563], [5.476446162843051, 51.497067949812084], [5.4721317245123, 51.495741846048766], [5.468736548330827, 51.49579171136153], [5.468248523550653, 51.49684355588559], [5.463893668428809, 51.496978117645014], [5.451295804966515, 51.495463769359915], [5.449781817675037, 51.4952489987366], [5.442569049096646, 51.49392684934114], [5.440703284211112, 51.49605892121693], [5.447506209549496, 51.51206857961344], [5.433368935856748, 51.52439668297776], [5.426582665117945, 51.53127646378098], [5.42750365423313, 51.53166595673864], [5.426432401432794, 51.53273243769754], [5.4254618937934325, 51.53241243922014], [5.423841440999266, 51.53405475706386], [5.429833415624854, 51.53496978981513], [5.431571269528803, 51.533346539272245], [5.434422984578357, 51.534327699102604], [5.4374109185004444, 51.533972446225285], [5.457008506070477, 51.53801136149797], [5.468282491557522, 51.54064640779681], [5.4827481683540515, 51.541570738686474], [5.487144372967937, 51.541847970854455], [5.487943248359266, 51.541362221306116]]]]}, "properties": {"type": "boundary", "gemeente": "Son en Breugel"}}, {"type": "Feature", "geometry": {"type": "MultiPolygon", "coordinates": [[[[4.371213253012015, 51.65620928283379], [4.375902639663619, 51.65190294722865], [4.376397145387787, 51.65193340166754], [4.380769242489915, 51.650584608635064], [4.386668388055689, 51.6461808418352], [4.392436281971088, 51.644814436468415], [4.3971693764621556, 51.643051244301795], [4.399904586767616, 51.63880536111413], [4.409108250472301, 51.63271953215625], [4.413492358210674, 51.631164290458926], [4.421207331677879, 51.63081856523257], [4.423859207337504, 51.63026517150045], [4.42500188221458, 51.62946608794763], [4.428815928189497, 51.6232708997497], [4.437827797793441, 51.6171193601182], [4.4357044502943825, 51.61517485451579], [4.433765391486305, 51.6159396506092], [4.4319349028355015, 51.61391141791324], [4.432463477876362, 51.612891311654224], [4.431546440452457, 51.61084520873166], [4.426674699272712, 51.61174041433532], [4.4280181103574385, 51.60540534792465], [4.429337814598166, 51.59387877766137], [4.429922395167518, 51.59024791441706], [4.4329256748311545, 51.58279735644881], [4.443998796864382, 51.56909559444595], [4.441953453515915, 51.56738519253742], [4.44107762130259, 51.55849173916147], [4.438380876355334, 51.55639134411346], [4.429031694450958, 51.555701334977435], [4.428204082771982, 51.553598463260116], [4.426877696626192, 51.55238280212346], [4.411467797817089, 51.5515985681097], [4.3780895862546805, 51.54431465269251], [4.3735971776780795, 51.544002981988214], [4.361581873198113, 51.54591277215457], [4.317976898859876, 51.55121562966762], [4.2971598189980975, 51.55365751319331], [4.296233350349674, 51.55385941188902], [4.2978133223952195, 51.55591299820325], [4.298165343472823, 51.5589480799834], [4.273128981826448, 51.564437858318286], [4.268394621630334, 51.564851400308676], [4.2672692394909495, 51.56494496795422], [4.267504251010183, 51.56631013001561], [4.26762223433827, 51.56801011949523], [4.25202656575459, 51.570657679014744], [4.242975351353366, 51.56297978298762], [4.242935718814866, 51.55912526168687], [4.2397250165191105, 51.550918397309125], [4.236118791231364, 51.55036572959092], [4.2355855862638405, 51.55272387566626], [4.232443704040317, 51.55905482766137], [4.22812115727498, 51.56371629634473], [4.198891682775802, 51.58597545055218], [4.195718210448394, 51.58897529631072], [4.192231761761919, 51.59390171473688], [4.190817279572274, 51.59738468643664], [4.190162549587056, 51.60095405849403], [4.190573771974457, 51.606056014030166], [4.191685086769127, 51.609337158138544], [4.197659673645216, 51.618048160138144], [4.205021013069081, 51.623561627655484], [4.2144667740151, 51.62766423439621], [4.227822508299649, 51.631022799384446], [4.237323821986144, 51.63401462828544], [4.240418159821153, 51.633211684171066], [4.238276396103388, 51.632491238572214], [4.240972000595844, 51.632051872602986], [4.252923168485438, 51.63232664945762], [4.2532549466939065, 51.63077248743019], [4.258694435106169, 51.631470461287336], [4.259266672005131, 51.63313976683246], [4.264406548511208, 51.63592173236079], [4.271575451593119, 51.637942967045156], [4.27443414686198, 51.638148285308056], [4.2762041895406435, 51.63727837507033], [4.282432393383923, 51.639808664565344], [4.290189018018071, 51.64051504969841], [4.292903280254879, 51.6413919169667], [4.2921777364800775, 51.638912034300716], [4.295317325856939, 51.638963386237094], [4.294937307589511, 51.64200571398108], [4.295662798465536, 51.64235038100241], [4.298795174530304, 51.64187848364936], [4.309282857964696, 51.64526587072544], [4.3174458304513115, 51.64627777277191], [4.332119867998929, 51.64474390064074], [4.337118234794343, 51.645199015752134], [4.350268994357416, 51.64811864833714], [4.36106042498575, 51.652473658721874], [4.36877360558131, 51.657136223559796], [4.371213253012015, 51.65620928283379]]]]}, "properties": {"type": "boundary", "gemeente": "Steenbergen"}}, {"type": "Feature", "geometry": {"type": "MultiPolygon", "coordinates": [[[[5.1789677631250735, 51.64166120251971], [5.1795769371641445, 51.63989284565959], [5.184008942495436, 51.64067749268938], [5.1918209211714474, 51.6394771228185], [5.1919909395116175, 51.63808994003923], [5.191292013292964, 51.6368864518446], [5.1922294998417975, 51.634446036303174], [5.19297822895476, 51.63426152815295], [5.19366056675822, 51.630613465520895], [5.195883794577855, 51.627979565234305], [5.201218934908512, 51.62396183944354], [5.20276769167352, 51.62262164293049], [5.20787595431523, 51.62040457896665], [5.207809525265844, 51.620201281829836], [5.2107109256418385, 51.61558825980472], [5.202033761613725, 51.611476968326414], [5.188949482767866, 51.603571754992394], [5.18688378805528, 51.60175056649213], [5.17953850078812, 51.59766431486776], [5.170304170644947, 51.59224105749372], [5.161439160171053, 51.58667142642053], [5.159637195822708, 51.58556310957257], [5.15075956678404, 51.580097757221864], [5.148768902909477, 51.57771311883068], [5.14716443342662, 51.57680480976988], [5.147486170773215, 51.57556901167393], [5.1455193916613124, 51.57450544853993], [5.144963651381181, 51.5738757246135], [5.142678276220143, 51.57036624170623], [5.137837454059155, 51.563199219676164], [5.13913818826081, 51.56132098955993], [5.137871828759624, 51.55909075100601], [5.137566459059206, 51.552076841915856], [5.139119637487726, 51.55069604168669], [5.141160820449145, 51.54953090659449], [5.147835233136827, 51.54711781438899], [5.147469085229463, 51.54680998643713], [5.143824114649338, 51.546225903138975], [5.138694109605766, 51.54595599428652], [5.141880201260977, 51.54209199940471], [5.13365561461767, 51.53499920506631], [5.135451013932574, 51.533579958429115], [5.13019540015261, 51.53029774634667], [5.127060139038816, 51.53235365121695], [5.118798785917966, 51.54591881770551], [5.113485859654677, 51.54234949070915], [5.113660097961691, 51.54100690408728], [5.112520245759335, 51.540023110372815], [5.109819882957535, 51.53938301478905], [5.106096192707655, 51.53742681633191], [5.102823216337551, 51.53604260789974], [5.096473851773774, 51.534966647415324], [5.085482342915523, 51.53559265985946], [5.083464696143604, 51.535823780545265], [5.0738264401526605, 51.53671649237952], [5.073526337340407, 51.536743811071254], [5.064679584923657, 51.53742541422988], [5.062911816853306, 51.53784380008185], [5.061878856246188, 51.5377103221317], [5.060322255863735, 51.537868972324034], [5.0554608286688145, 51.536080685605185], [5.051709553290574, 51.535058428060694], [5.052771754110418, 51.53241611386628], [5.052273818468386, 51.529763496974304], [5.050784375588891, 51.52995200708953], [5.0448243690647665, 51.53064239391138], [5.044363383612257, 51.530832529236896], [5.032724606999455, 51.53016753199245], [5.030500326157065, 51.52950702343697], [5.027519823040249, 51.53343798717462], [5.022499129216801, 51.538459421357004], [5.02050304906026, 51.538953845245544], [5.001567607348122, 51.53748763669731], [4.993406835146246, 51.53841080729486], [4.987628243067364, 51.540022641016094], [4.975459450871443, 51.540132697355936], [4.976664919269756, 51.5424183427369], [4.979564536104628, 51.54420151860593], [4.9784539075771965, 51.544814454926765], [4.969235442874527, 51.5489936470397], [4.964127687573416, 51.54991194930928], [4.9534784277603725, 51.550528209981145], [4.952981674329857, 51.553413041431604], [4.951179590251657, 51.55804814039859], [4.951144708332477, 51.56091741626756], [4.954368090105057, 51.5622536953864], [4.964182409591511, 51.56524263362485], [4.966953848612163, 51.56731116365953], [4.966567163280753, 51.567828287601245], [4.967831351239013, 51.56872180971479], [4.968100472175639, 51.56932171154624], [4.968989724618785, 51.57130462775062], [4.966777953432077, 51.573662392861415], [4.969196773215474, 51.57726883359602], [4.970274713937864, 51.57722406880296], [4.972338892033045, 51.585152534269014], [4.973398924809634, 51.59207386674946], [4.972859109266173, 51.59730559210425], [4.967773707419493, 51.59768536338122], [4.968736253943715, 51.602057407148486], [4.967843019588627, 51.602858904086126], [4.961164012621451, 51.60617738915675], [4.948807103539312, 51.61037664686562], [4.947845803982191, 51.611170258694315], [4.9502478914676935, 51.612393672445286], [4.9502650545373, 51.61241183161145], [4.9529306700389455, 51.614723111476515], [4.957861524534564, 51.61375847480002], [4.960781049214362, 51.61348652245449], [4.96532334118447, 51.612935113260896], [4.9775530202234, 51.6090905445289], [4.982359336855484, 51.608665507205295], [4.983513145759679, 51.60736402286819], [4.99154377623003, 51.607916085784005], [5.0044915760571715, 51.60788662637481], [5.042036014479232, 51.60613731664853], [5.044024478708921, 51.60735955995606], [5.045010372714543, 51.61109694243319], [5.060248423342583, 51.610778235019325], [5.061770831319585, 51.60934594466611], [5.070590022788458, 51.61029049053537], [5.070977196711812, 51.60863358764406], [5.071512138541104, 51.608267168433734], [5.072070580721161, 51.608322216066185], [5.074058318504189, 51.60948315310645], [5.0740246575304475, 51.60568077167796], [5.075539404694971, 51.60576756498719], [5.075541675746353, 51.60895213772866], [5.080181068580945, 51.60954209925356], [5.0794381614966175, 51.61078403646361], [5.093744804846786, 51.61124910271918], [5.09600280773533, 51.612465641661316], [5.099157151014563, 51.61770606528485], [5.101322727777745, 51.61658028716718], [5.102958168749412, 51.6169109428075], [5.101216381936757, 51.620405686388054], [5.099848721242178, 51.62785136820366], [5.098118805709779, 51.62824339700991], [5.098184182103971, 51.6288223593919], [5.101367509509885, 51.63271163650168], [5.106136586008144, 51.635955605910155], [5.115875503616745, 51.63761003161543], [5.123065883736521, 51.6381942281549], [5.12925781046915, 51.63788112162307], [5.1377104467565, 51.640270951255964], [5.144938058375542, 51.64051146528621], [5.1600653370343705, 51.63953542677998], [5.172059306765452, 51.638896320489046], [5.1783933174522225, 51.639680624368644], [5.1779282948585115, 51.641623736383266], [5.1789677631250735, 51.64166120251971]]]]}, "properties": {"type": "boundary", "gemeente": "Tilburg"}}, {"type": "Feature", "geometry": {"type": "MultiPolygon", "coordinates": [[[[5.516416524277723, 51.37833513150059], [5.527179381178737, 51.366940654910195], [5.494142847129581, 51.35548633257034], [5.493827263584837, 51.35403783457688], [5.49428633611694, 51.353291866728306], [5.496667494395769, 51.35264964975568], [5.496028849572073, 51.34650733572785], [5.487723737922693, 51.34312306309469], [5.487003945208233, 51.342277913809355], [5.481866717833097, 51.340839860078574], [5.478344639619625, 51.338711147087636], [5.477630872489447, 51.337230214630395], [5.473602098220587, 51.33398267943578], [5.4760202363202195, 51.331216166279525], [5.477167116904928, 51.32751987148407], [5.480784790646259, 51.32444128417696], [5.480236373841712, 51.32405454321414], [5.48293004775456, 51.32134085944019], [5.489054520775565, 51.31836814485232], [5.490087640458016, 51.316678397160786], [5.491370384122408, 51.31422179556191], [5.490677631445313, 51.310298434911225], [5.489192596379771, 51.30647062830503], [5.4857323410488155, 51.302432334550495], [5.484857824341888, 51.29999940313661], [5.483014998498153, 51.30016413939981], [5.483197776506535, 51.29864497808938], [5.479567451754267, 51.2968482191875], [5.477612469415494, 51.294967617370084], [5.476886058521112, 51.29139080035282], [5.470229393794854, 51.2881493331636], [5.4648347621414315, 51.28456480575437], [5.4417801358043105, 51.28210537455114], [5.440608676722461, 51.27858638479764], [5.438369895229852, 51.27602570153614], [5.437717672138611, 51.276027070568986], [5.433296343386742, 51.27633267156542], [5.417410260005171, 51.26228527296579], [5.403795942071134, 51.27346950535326], [5.400895592284906, 51.27446153059812], [5.398010146027124, 51.277670213918725], [5.387802403185216, 51.2852384774313], [5.397200816287438, 51.290619837352914], [5.397084310533567, 51.291475845974084], [5.392663711937484, 51.29398958288983], [5.394864950138125, 51.296270877013676], [5.393424077481578, 51.299650375341436], [5.395462738568928, 51.30600822535723], [5.394761533036631, 51.30634576629931], [5.39445835696851, 51.30899382626609], [5.395904010856183, 51.31017710840779], [5.397671205475095, 51.314320158003966], [5.4007178423612014, 51.31350056609597], [5.4107842319176145, 51.319976486926734], [5.412860108919442, 51.320517695572896], [5.413651192232923, 51.31864601508632], [5.416486046966388, 51.319391341454946], [5.419849299980057, 51.3180179021754], [5.423926415578913, 51.31250704278675], [5.4257977323392375, 51.31198976847294], [5.4273738816706825, 51.31438905112893], [5.433921286725363, 51.324320313789], [5.424289385709859, 51.330759429497995], [5.423033803384734, 51.33258093583927], [5.422818556403917, 51.336266289521426], [5.421950442755257, 51.338556119308755], [5.421200584163762, 51.338376864032526], [5.421399927702263, 51.34069325780346], [5.424977984441456, 51.34437087843481], [5.425181277519792, 51.34537347704814], [5.422711685365418, 51.348323951638996], [5.422903818231593, 51.3498480732246], [5.423526589976461, 51.352239390520936], [5.421545482930101, 51.354187899338584], [5.420978566971286, 51.35665081145197], [5.419702152714876, 51.35924974520754], [5.41988074760122, 51.36510300398018], [5.420980753223168, 51.36929913936859], [5.418869951641559, 51.37180702449808], [5.421359574895657, 51.37431689515101], [5.423206142224526, 51.37486606850017], [5.42316379801214, 51.37438946354567], [5.424501125741324, 51.37407033668205], [5.4248966407235395, 51.372624048462406], [5.426832789837178, 51.37262077804462], [5.427067211243313, 51.37180426055115], [5.429380958406943, 51.37100478455118], [5.429054034062969, 51.370214101624555], [5.431265389319222, 51.36997470370519], [5.4319552471019765, 51.36913399339424], [5.435405283198956, 51.368132970039504], [5.436299878872104, 51.36623912322816], [5.439220314245862, 51.366252053053344], [5.441884763951165, 51.36747792517853], [5.445232885474957, 51.368150589765584], [5.461056511855061, 51.36947070257945], [5.471254109341909, 51.37083160321318], [5.491874308730494, 51.37405445056079], [5.496476057978801, 51.37313698020198], [5.5018029330339715, 51.37416492974605], [5.508478365402348, 51.37276535563375], [5.516416524277723, 51.37833513150059]]]]}, "properties": {"type": "boundary", "gemeente": "Valkenswaard"}}, {"type": "Feature", "geometry": {"type": "MultiPolygon", "coordinates": [[[[5.379129199158134, 51.43660967300228], [5.3796850642896255, 51.43509207749627], [5.387373081128623, 51.43780131937358], [5.389219975977198, 51.43763541164469], [5.3911416596553385, 51.43652155743478], [5.393803723671298, 51.43457736347353], [5.396338757060822, 51.433923118928554], [5.3976452832446125, 51.43364232751266], [5.400793605504244, 51.43296722939114], [5.404921560753731, 51.43712767948804], [5.407435814164058, 51.436013609530924], [5.408999861059468, 51.43445952670416], [5.410698123449173, 51.435061468239546], [5.412072386060875, 51.431340867215965], [5.414633433178057, 51.430166018145165], [5.416738027064864, 51.43171536160573], [5.417167165413648, 51.431487612932564], [5.419942720037602, 51.43285259236331], [5.424284657994138, 51.431533271390805], [5.426330140772895, 51.4304072126359], [5.427908090876297, 51.42217071730092], [5.427806337161554, 51.42185762926272], [5.427371675191788, 51.4170127513676], [5.42942438578276, 51.41156056820704], [5.429850507728089, 51.40617734927648], [5.428650988186556, 51.40521315219916], [5.4253818980690856, 51.404422422040554], [5.427275530022172, 51.40265328404024], [5.423852573004024, 51.39964788281017], [5.42436220329003, 51.399119445475314], [5.423406349083408, 51.39871799737382], [5.423981282019401, 51.398383939882855], [5.422094443208187, 51.396739067580356], [5.422188719420986, 51.39508095462632], [5.423034868199306, 51.394972732860346], [5.421598394489053, 51.39287004299257], [5.419632893739741, 51.39221133239911], [5.420167833301866, 51.39185734532067], [5.417804240169141, 51.3901840122704], [5.418250850629658, 51.3897415138655], [5.417571926606432, 51.389089562715924], [5.418336848874977, 51.38909000678457], [5.41777192042486, 51.38795339055636], [5.419400819432727, 51.387216863328355], [5.420060106875123, 51.38620697577529], [5.420743172282875, 51.38628993474696], [5.4202256785522565, 51.38562489123482], [5.421114867726608, 51.38572795080619], [5.420318061979546, 51.385033380230745], [5.421654271759085, 51.38446912842176], [5.4217999876733804, 51.38340956669395], [5.4178364239070556, 51.38208722839219], [5.413480710053717, 51.383904667899955], [5.410272615482039, 51.38124769404379], [5.409811988824507, 51.38010454579556], [5.4084125773777085, 51.37981812510116], [5.396514075536951, 51.38081982536424], [5.395890603426616, 51.379328951778405], [5.3931517323873015, 51.377476625690065], [5.390861053611292, 51.377591447505445], [5.388905831905988, 51.376459762375575], [5.374033536522192, 51.3885651004923], [5.37248350007645, 51.392246128004615], [5.372281181673835, 51.39274156501195], [5.37021140493326, 51.39762146929591], [5.370685835927362, 51.39804769660197], [5.36761637625256, 51.40007088000123], [5.354378050675733, 51.40877241777905], [5.335135709527903, 51.40740240761191], [5.331592248015217, 51.40628546147299], [5.323663246247734, 51.406186958637356], [5.321788875075119, 51.40869137633436], [5.317147623427834, 51.41491365866287], [5.3158945877048795, 51.418910772106926], [5.316088677169957, 51.41940904398936], [5.319995427380555, 51.419927715602974], [5.3193703043223115, 51.42379507625396], [5.339841048517052, 51.42555769513666], [5.343368628689757, 51.42743599469356], [5.342367597283644, 51.43106750686754], [5.345533530765004, 51.43092217510616], [5.346253953201745, 51.42895598137333], [5.352855544299625, 51.43282523856372], [5.3541925399122, 51.43299962240598], [5.355793537766247, 51.43410993864799], [5.356915625114699, 51.43820324856746], [5.362251380639574, 51.43605523191278], [5.362225343356241, 51.435464076492835], [5.366898099520703, 51.4362050822227], [5.366821106297604, 51.43744826679767], [5.367798953635473, 51.43836502495942], [5.371247753529182, 51.43890852715103], [5.373197255789224, 51.437607975634506], [5.379129199158134, 51.43660967300228]]]]}, "properties": {"type": "boundary", "gemeente": "Veldhoven"}}, {"type": "Feature", "geometry": {"type": "MultiPolygon", "coordinates": [[[[5.238394233087019, 51.684532360315806], [5.247445626074893, 51.68338531976585], [5.25381358792193, 51.68439666776964], [5.257249024452283, 51.6840424980986], [5.260619327629241, 51.68401740216063], [5.265633368047959, 51.68472496739706], [5.274295714124052, 51.68367284485841], [5.287303406400113, 51.68225759958903], [5.288587328158805, 51.68186413610019], [5.289427786313518, 51.678714045689595], [5.291488747635165, 51.674805027279824], [5.291921513051522, 51.674458242600544], [5.29113070902877, 51.67195102410342], [5.292320851948832, 51.671668641325375], [5.29424743662934, 51.67219810609315], [5.298812542383781, 51.66729968865664], [5.300780020709462, 51.66822377256969], [5.303215783258446, 51.66720420308562], [5.308558122506475, 51.669063368621806], [5.318758352960163, 51.670870582851244], [5.319056647324833, 51.670371912022766], [5.30894798157173, 51.667940568581784], [5.303970466502553, 51.66554813982364], [5.303796535602572, 51.66399281436359], [5.306193377793517, 51.661110833664274], [5.311738293120209, 51.6581287694713], [5.312573047771021, 51.65394546982059], [5.314508843014123, 51.652471317276635], [5.316876172394785, 51.65224115212726], [5.319149572696756, 51.64997471185451], [5.319695635769848, 51.645489330304315], [5.318670579313215, 51.64205427217672], [5.319557544000071, 51.63849119173984], [5.321189967104215, 51.63696157932717], [5.320424002519901, 51.635654644281495], [5.317731170319812, 51.63463372790218], [5.310954674632695, 51.63367223501492], [5.308274505364639, 51.633034361566786], [5.30617537826664, 51.62990409177723], [5.306805430832275, 51.627825070360394], [5.304331999304916, 51.62492364517722], [5.299645118926189, 51.625709274580764], [5.297578890134276, 51.62509884900706], [5.295071759953256, 51.62289339924377], [5.294666452664315, 51.62133469035114], [5.29092280977302, 51.62132730870084], [5.28552009716244, 51.62292771745313], [5.2817235465814685, 51.622533353075106], [5.280566681119426, 51.62225373358585], [5.279784411699829, 51.62016027816273], [5.277717422520984, 51.61917964102967], [5.278341681936057, 51.61829654611472], [5.2758304578239175, 51.61576119432738], [5.2714330760195045, 51.615458144738895], [5.270803354609879, 51.61443674459048], [5.271733371571885, 51.61283556206129], [5.26882014124652, 51.61253759715317], [5.26399981933128, 51.61822957573151], [5.2604196035061825, 51.621102139918335], [5.255499058370483, 51.624928260097], [5.246170924719572, 51.62265452461463], [5.246668446765598, 51.62083393394087], [5.244371847123919, 51.61854958313188], [5.242374085996258, 51.617988463352596], [5.241983917896206, 51.617923739046915], [5.239915054724388, 51.61882497297364], [5.237585736539425, 51.61896643912082], [5.236939819063761, 51.6181369570277], [5.2281919355363735, 51.61588899670921], [5.225928205411737, 51.6159583122916], [5.224114150348447, 51.61643899747049], [5.22395370949458, 51.61830682108956], [5.22200977415424, 51.61974795351264], [5.222394870120387, 51.62184374662254], [5.2107109256418385, 51.61558825980472], [5.207809525265844, 51.620201281829836], [5.20787595431523, 51.62040457896665], [5.20276769167352, 51.62262164293049], [5.201218934908512, 51.62396183944354], [5.195883794577855, 51.627979565234305], [5.19366056675822, 51.630613465520895], [5.19297822895476, 51.63426152815295], [5.1922294998417975, 51.634446036303174], [5.191292013292964, 51.6368864518446], [5.1919909395116175, 51.63808994003923], [5.1918209211714474, 51.6394771228185], [5.184008942495436, 51.64067749268938], [5.1795769371641445, 51.63989284565959], [5.1789677631250735, 51.64166120251971], [5.1779282948585115, 51.641623736383266], [5.1783933174522225, 51.639680624368644], [5.172059306765452, 51.638896320489046], [5.1600653370343705, 51.63953542677998], [5.154451625200086, 51.65491882245338], [5.156957879895074, 51.6577595594775], [5.15767250446161, 51.66327444237575], [5.161767067412894, 51.663447328496694], [5.166797940747543, 51.66904713777502], [5.174877874427752, 51.669193143489984], [5.204776373826238, 51.669821823590205], [5.20226415175715, 51.670610499246614], [5.207948147906375, 51.67395572944702], [5.223227318284924, 51.673781719893675], [5.225743515478463, 51.68386087538939], [5.226157511909529, 51.69003054393711], [5.231901483409612, 51.68925693763095], [5.234271435335331, 51.68549913025765], [5.238394233087019, 51.684532360315806]]]]}, "properties": {"type": "boundary", "gemeente": "Vught"}}, {"type": "Feature", "geometry": {"type": "MultiPolygon", "coordinates": [[[[5.46932047109924, 51.40534931859113], [5.477103451031423, 51.40487542129833], [5.480068899383394, 51.40473646512598], [5.48037104356204, 51.40468881444877], [5.482314960462643, 51.4046526693341], [5.490046718628216, 51.40445148842362], [5.499849963755356, 51.40385740710054], [5.503623502582543, 51.401521931806286], [5.504636179754758, 51.40011332699961], [5.504872939083721, 51.40015448086188], [5.512002825040589, 51.38381094396976], [5.516416524277723, 51.37833513150059], [5.508478365402348, 51.37276535563375], [5.5018029330339715, 51.37416492974605], [5.496476057978801, 51.37313698020198], [5.491874308730494, 51.37405445056079], [5.471254109342016, 51.37083160321318], [5.461056511855061, 51.36947070257945], [5.445232885474957, 51.368150589765584], [5.441884763951272, 51.36747792517853], [5.439220314245862, 51.366252053053344], [5.436299878872104, 51.36623912322816], [5.435405283198956, 51.368132970039504], [5.431955247102031, 51.36913399339424], [5.431265389319222, 51.36997470370519], [5.429054034062969, 51.370214101624555], [5.4293809584069965, 51.37100478455119], [5.427067211243313, 51.37180426055115], [5.426832789837178, 51.37262077804462], [5.4248966407235395, 51.372624048462406], [5.424501125741324, 51.37407033668205], [5.423163798012246, 51.374389463545675], [5.423206142224526, 51.37486606850017], [5.424235619702193, 51.376552783742234], [5.42383237253661, 51.3776009969609], [5.424850652854452, 51.379192995951875], [5.425551446852125, 51.3792418716806], [5.424082281795005, 51.380293974804516], [5.4217999876733804, 51.38340956669395], [5.421654271759085, 51.38446912842176], [5.420318061979598, 51.385033380230745], [5.421114867726717, 51.38572795080619], [5.420225678552362, 51.38562489123481], [5.420743172282875, 51.38628993474696], [5.4200601068751775, 51.38620697577529], [5.419400819432727, 51.387216863328355], [5.41777192042486, 51.38795339055636], [5.418336848874977, 51.38909000678457], [5.4175719266064855, 51.389089562715924], [5.418250850629658, 51.3897415138655], [5.417804240169141, 51.3901840122704], [5.420167833301973, 51.39185734532067], [5.419632893739848, 51.39221133239911], [5.421598394489053, 51.39287004299257], [5.423034868199306, 51.394972732860346], [5.422188719420986, 51.39508095462632], [5.422094443208187, 51.396739067580356], [5.423981282019401, 51.398383939882855], [5.423406349083408, 51.39871799737382], [5.42436220329003, 51.399119445475314], [5.423852573004024, 51.39964788281017], [5.427275530022278, 51.40265328404024], [5.429902104776725, 51.40280973972073], [5.430964211433381, 51.4026370217767], [5.431190385793947, 51.40206240530764], [5.435354760120991, 51.40336304559656], [5.435748299785207, 51.40418936339578], [5.436187751484121, 51.40497602569019], [5.453508384795581, 51.40529279114894], [5.461799757616559, 51.40495961997805], [5.461977529717958, 51.40495376205621], [5.46932047109924, 51.40534931859113]]]]}, "properties": {"type": "boundary", "gemeente": "Waalre"}}, {"type": "Feature", "geometry": {"type": "MultiPolygon", "coordinates": [[[[5.027653979056744, 51.71106094134707], [5.041760432728756, 51.71088230751469], [5.053629579712255, 51.71181736127903], [5.062456423518612, 51.71384242423594], [5.0690987124472615, 51.71628112918068], [5.075058090168356, 51.718876674209135], [5.081760054065844, 51.72234394463354], [5.083539592308929, 51.72090607862451], [5.09041318025639, 51.719314577410934], [5.093156908942029, 51.719204481483615], [5.09382479903608, 51.71861479386752], [5.095748943117637, 51.71827160935287], [5.098528111432294, 51.716930006869774], [5.101601255543595, 51.713204851380965], [5.103027191995442, 51.71255110588381], [5.10542113762259, 51.71095558895203], [5.106854606817801, 51.71086065836025], [5.108720435589849, 51.70903225079347], [5.11150602759239, 51.70357595681425], [5.103052691455658, 51.702483358002276], [5.104202305339314, 51.694983278366145], [5.104883170533427, 51.690036246624175], [5.1056656193351975, 51.683877615313904], [5.106493048685529, 51.6773274311328], [5.101509223185994, 51.67683428539655], [5.0949976944136015, 51.674584995498556], [5.089742039676171, 51.67475184205621], [5.080264792732182, 51.671388764928714], [5.07204274723974, 51.670762817065075], [5.070174485246088, 51.67083601953978], [5.067324043252237, 51.67097817900807], [5.060621244915976, 51.67111286535904], [5.061013233097019, 51.66828988669935], [5.0579701959531675, 51.66831580212617], [5.058682244053903, 51.66533730099947], [5.058743462898905, 51.663831986971445], [5.058403336248407, 51.6617266140902], [5.053818066602617, 51.661655762787284], [5.053226443054286, 51.66165059495479], [5.049177227869051, 51.66162310542726], [5.047364834812537, 51.66208455184539], [5.047246306456906, 51.66325064794472], [5.045238669191781, 51.66313102012797], [5.045285388243358, 51.66269357605426], [5.043732455691968, 51.66311675879472], [5.029146747149663, 51.666976078368904], [5.021269292234612, 51.66896728569325], [5.018524273026283, 51.669662969576606], [5.0185280991170576, 51.66970262115601], [4.992245825064556, 51.67625069095966], [4.988649436796117, 51.66071916208027], [4.987266423506483, 51.65460879264907], [4.976871377344459, 51.653596933353505], [4.957896166917812, 51.651531848746366], [4.957627206904902, 51.66030728558596], [4.956442927453322, 51.66401743005859], [4.953731427901113, 51.67076911563237], [4.947506010442406, 51.67694358397382], [4.945810798910475, 51.67706619220783], [4.945135282015654, 51.67796939426083], [4.944347626890906, 51.678343395596514], [4.944247861132737, 51.67888572447774], [4.9435751547871405, 51.67891800314934], [4.933168782836527, 51.67675001600895], [4.930759208296552, 51.68351023513656], [4.930361735373233, 51.68428095350335], [4.929108372926409, 51.68813514514618], [4.926957160799814, 51.69426279880801], [4.921006238342443, 51.71140934075828], [4.9179902962036435, 51.7199595133562], [4.921424633379926, 51.720442963521705], [4.935951817505733, 51.72242687751419], [4.94556262441657, 51.723041643194044], [4.95848350514494, 51.72262895265654], [4.96998611441406, 51.72109959263146], [4.9886363704171695, 51.7168711639414], [5.009451992070496, 51.712819055015444], [5.027653979056744, 51.71106094134707]]]]}, "properties": {"type": "boundary", "gemeente": "Waalwijk"}}, {"type": "Feature", "geometry": {"type": "MultiPolygon", "coordinates": [[[[4.29909959308402, 51.46680067005549], [4.299511982894999, 51.466024464127884], [4.299564258358412, 51.46639289325849], [4.3014462382708425, 51.466620626730375], [4.303916945800515, 51.466642841702686], [4.304181786438638, 51.465815512642564], [4.30735826104603, 51.46621660965012], [4.30847133599431, 51.465407065236526], [4.311166015782685, 51.46017305024054], [4.312238518877135, 51.46012669515067], [4.320010055964425, 51.460589079585716], [4.3224766932289755, 51.46029963916283], [4.324190407928539, 51.46140683651328], [4.324215216973261, 51.462291151182214], [4.327960471816416, 51.464241326683016], [4.336514036520693, 51.45980033894949], [4.340182317050763, 51.462547962032865], [4.344307591677308, 51.46058665511803], [4.359768246167241, 51.45791270456518], [4.366965092452525, 51.45671851838564], [4.383411600341445, 51.45511489452968], [4.391082408226364, 51.45148689439655], [4.3848378459061506, 51.449315580617366], [4.38270854215657, 51.450232028207274], [4.381487447205152, 51.44832484431923], [4.379805371998715, 51.44775581710834], [4.379327499172837, 51.446788583970644], [4.386639324704051, 51.44524291581427], [4.392033439019254, 51.44637593693416], [4.396525524316012, 51.442150882335135], [4.397046724512203, 51.44091076552598], [4.395484270340335, 51.43976979850327], [4.395414523362683, 51.43551232949399], [4.3988175551072155, 51.435243311221306], [4.397204883553859, 51.43159750731041], [4.392512537742244, 51.43251314219674], [4.3923050679119875, 51.431461703544095], [4.394604557805747, 51.431522594031954], [4.394228383189622, 51.42972061243851], [4.395200850464678, 51.426902212441604], [4.391329888369806, 51.42735242409984], [4.390526362503149, 51.42426648865164], [4.389722620078217, 51.42445941427765], [4.383659524475914, 51.421076193031936], [4.391514577447935, 51.40832744952014], [4.391610595643372, 51.40817156503472], [4.431691316122387, 51.375048812474574], [4.425080622181966, 51.371289345955596], [4.427754058132948, 51.3696788316829], [4.429815374153793, 51.36737471889765], [4.431351316501212, 51.363852906475444], [4.421853454405075, 51.365230357137435], [4.407397252454639, 51.3600754874621], [4.39739336026839, 51.35650339065082], [4.389099225635836, 51.355248895772974], [4.3845432973460285, 51.35435179502247], [4.384039035317112, 51.35523045522379], [4.378758596674006, 51.354920823663576], [4.369800848673672, 51.35670316485611], [4.368240176241733, 51.35610356305117], [4.366526842849436, 51.3573055215827], [4.350964816661147, 51.3582591813024], [4.350889747863341, 51.358682792300485], [4.341353948334465, 51.3575632427971], [4.3372923857098336, 51.36964412699463], [4.335164917767562, 51.37564872025715], [4.334505304773384, 51.37764122791952], [4.27742499436554, 51.37603538274371], [4.2745639392811485, 51.38165672430373], [4.273698090805425, 51.383150026661625], [4.268382460096888, 51.38354604015119], [4.26634942785184, 51.3865407843173], [4.268633988680765, 51.388126592374036], [4.269061346695051, 51.400347498532625], [4.263732422431688, 51.416449171013326], [4.26644699046827, 51.41997952403949], [4.27585167195854, 51.42504940587016], [4.265431661594671, 51.43968064016345], [4.268272169137544, 51.44026416325015], [4.283173122270434, 51.43966689755341], [4.2871331324272175, 51.443969665562406], [4.290251315587325, 51.44518272253203], [4.293733286788425, 51.44537598371724], [4.2950818773150825, 51.448822777545715], [4.297461867847019, 51.45011259042801], [4.297664385594927, 51.458339228633726], [4.297684409974487, 51.466221827184974], [4.29909959308402, 51.46680067005549]]]]}, "properties": {"type": "boundary", "gemeente": "Woensdrecht"}}, {"type": "Feature", "geometry": {"type": "MultiPolygon", "coordinates": [[[[4.72248967870144, 51.53515822064254], [4.7250783357670265, 51.532919098319226], [4.725500665569308, 51.53310071822468], [4.728174645468746, 51.5336610612431], [4.728864177012306, 51.53484180842748], [4.730013003100104, 51.53519345710223], [4.7301989542837415, 51.53641704434859], [4.732031185644597, 51.536341208918955], [4.735618239737854, 51.53369373500477], [4.738798434854532, 51.53226703827651], [4.739732249834141, 51.5321098142651], [4.7414636082604185, 51.53285804700737], [4.741801271595054, 51.53109640312435], [4.740118385520493, 51.527858218656675], [4.741133504768988, 51.5263146029025], [4.743234451453678, 51.52539388397137], [4.74398329404819, 51.518761370193126], [4.7434833364504145, 51.510909753663775], [4.742157206373423, 51.50563143522694], [4.735651427735579, 51.491747782382575], [4.733996015900716, 51.48554827214478], [4.729151268970874, 51.4839072642852], [4.724745335578407, 51.478778722657985], [4.720602671877791, 51.47345502525861], [4.715989042241926, 51.47106606259223], [4.716897496608391, 51.46886475148539], [4.703248175210508, 51.46696846578315], [4.702750252214753, 51.46608321505367], [4.7040555235560335, 51.46546548413982], [4.69934509127981, 51.46086110589141], [4.699313717358459, 51.459972457143834], [4.693096293462776, 51.45173013556341], [4.686439957015828, 51.45127102564134], [4.666615733880791, 51.44423769945169], [4.669689050171846, 51.42636285190367], [4.6644717569880045, 51.426158861766694], [4.656418036245625, 51.42499368278059], [4.651715986440351, 51.42688558163478], [4.646649401876039, 51.423395386560884], [4.641289792923997, 51.422014645180795], [4.637473170396186, 51.42301530148687], [4.6339355405811755, 51.425075164701056], [4.630093854868183, 51.42591709291594], [4.597054199484212, 51.430120509632374], [4.588247514327631, 51.43135765806857], [4.5824872573797455, 51.4313775616046], [4.582218413733359, 51.431933712074205], [4.574727445410563, 51.43284847306028], [4.535408023944598, 51.42302946147305], [4.52989556127723, 51.44952030705809], [4.548159821727274, 51.47331244968049], [4.5560998042817165, 51.4856342128639], [4.572298282320806, 51.48267479973488], [4.5758071179183855, 51.48813949769577], [4.573975345718203, 51.488468495328945], [4.576176745303011, 51.4925393751511], [4.579179002714667, 51.49340615194023], [4.583709044498097, 51.495764029048324], [4.589730331743401, 51.496737403339914], [4.5795726636591, 51.51071269909411], [4.610783819103192, 51.508338593188206], [4.615019337863631, 51.50894689503609], [4.61637876202145, 51.508087298088036], [4.6170861948943145, 51.50970684436392], [4.618196968350239, 51.50961524944764], [4.61820106947248, 51.510672245123544], [4.62053842998322, 51.51073618918115], [4.619404737523792, 51.516172008774156], [4.621617565995476, 51.51626193386113], [4.621506762339062, 51.51744385116739], [4.626401166603048, 51.51892067620689], [4.624986047700962, 51.521090143044866], [4.627659012543615, 51.52246776482622], [4.63105924338659, 51.52331139772975], [4.638715571391459, 51.52441268415791], [4.638157250994703, 51.51720526578938], [4.643061005738595, 51.51814742423023], [4.6509260745746515, 51.52128733100458], [4.6523840758380945, 51.52192665434039], [4.65421660277313, 51.524145176495615], [4.660423406990099, 51.526392184644415], [4.681079234511878, 51.5406954279424], [4.687076568250091, 51.54260309442701], [4.69418663591267, 51.54484852028184], [4.7039967271139025, 51.54979862119866], [4.728416981089035, 51.53687760691602], [4.72248967870144, 51.53515822064254]]]]}, "properties": {"type": "boundary", "gemeente": "Zundert"}}, {"type": "Feature", "geometry": {"type": "MultiPolygon", "coordinates": [[[[5.788341412410398, 51.59419081252057], [5.8005849813033254, 51.57862130637857], [5.809579671026198, 51.57408064654189], [5.8202150491382465, 51.56867318420119], [5.822784323793747, 51.56829084438616], [5.838237327944308, 51.5664140788781], [5.847684814172318, 51.52529472992203], [5.851017611630761, 51.510843564590566], [5.852572421603483, 51.504143923476626], [5.801336931866167, 51.49389478662964], [5.79902700202595, 51.49409658954014], [5.7916403080295344, 51.491479975783484], [5.773825496507878, 51.488647997295914], [5.76825530790076, 51.4889704477627], [5.755900189333946, 51.487826237690484], [5.742607652767452, 51.48556063294846], [5.738148754865604, 51.48523609995593], [5.735333611760837, 51.48430906172762], [5.731792360366568, 51.486031880130284], [5.730427743216652, 51.48621718670262], [5.7286163954044165, 51.486093962178344], [5.725638728367635, 51.48436311347724], [5.72347418605207, 51.48421017006503], [5.721716923852808, 51.48513107541051], [5.720684234925711, 51.48715765199561], [5.718743379204467, 51.48857906711519], [5.712983891565218, 51.49052550868777], [5.712073075769546, 51.49150009419773], [5.712668364940094, 51.49414313990223], [5.71211491263226, 51.49493176467921], [5.707315548222859, 51.497217834109115], [5.705047167309461, 51.49753252644938], [5.705994881811484, 51.49940102975187], [5.707692065128104, 51.4992241363399], [5.70783501994567, 51.499985831947235], [5.708180634800151, 51.50182724036287], [5.697389373825651, 51.50413010632587], [5.684143158788134, 51.507699584282335], [5.686004134950282, 51.512735583455274], [5.684069167096884, 51.51322741037591], [5.685288036387252, 51.51516846721349], [5.684519611440131, 51.5177788349881], [5.681574694656609, 51.51838906075762], [5.676737241705471, 51.52435386466596], [5.674537764394119, 51.52577523015622], [5.680653370516299, 51.52589588378756], [5.681301449380556, 51.52636143881741], [5.6777021117750515, 51.52725732768824], [5.67837301345511, 51.528356868382396], [5.682173305058272, 51.52764024654422], [5.677451878659423, 51.530856467037125], [5.674528808824673, 51.53326124421436], [5.666854594727971, 51.54066655246589], [5.660477919636235, 51.5513255597615], [5.659449581476444, 51.55375883396679], [5.652484713534623, 51.56967815582707], [5.654378901050877, 51.57125477813537], [5.656093396306459, 51.57367765753499], [5.6564850141265595, 51.57426838162875], [5.656516421876218, 51.57479447974727], [5.6542427588567055, 51.57640015980347], [5.652671961518826, 51.578316826113515], [5.651356154644651, 51.58235983797428], [5.65805288328488, 51.58315101454974], [5.660200878696349, 51.582977578686204], [5.68552844645133, 51.58373588795972], [5.687101521731144, 51.58380636560589], [5.699384902366693, 51.58411619223851], [5.706137295955016, 51.587086431478774], [5.709049962904304, 51.58555198162224], [5.709787231920315, 51.585835409912725], [5.709392255318621, 51.58625820191163], [5.709971720784143, 51.58634792462167], [5.729478033488592, 51.58981117178504], [5.732619694033267, 51.59037497636401], [5.7586136287050245, 51.59394611545604], [5.786677425482314, 51.59820781951749], [5.788341412410398, 51.59419081252057]]]]}, "properties": {"type": "boundary", "gemeente": "Gemert-Bakel"}}, {"type": "Feature", "geometry": {"type": "MultiPolygon", "coordinates": [[[[4.592907062956385, 51.62443681744451], [4.59613041633472, 51.62410947085685], [4.6012332159655385, 51.62523903097257], [4.604351563817321, 51.62086028122992], [4.603565018497847, 51.61720382857853], [4.606706687472078, 51.616616397094674], [4.608913734548851, 51.61495466858514], [4.609294594794107, 51.61316391423134], [4.610932524736468, 51.612202868182806], [4.610729717870978, 51.60954136065438], [4.613891673597842, 51.60803812668218], [4.61060603507511, 51.60314239687555], [4.6086723083052945, 51.60216508493963], [4.5968044249156605, 51.59034853462737], [4.5982516004618885, 51.58562041126032], [4.598557724664415, 51.58437831413861], [4.595978895944621, 51.575683943586256], [4.595963021151339, 51.57336329076487], [4.5946705056378905, 51.56674049445808], [4.590645420612464, 51.565978766357546], [4.590420226799372, 51.56494026204915], [4.592222135490774, 51.5612894003416], [4.591760968246714, 51.56103172178843], [4.584895928859945, 51.55963497908596], [4.582878652076283, 51.56041919596512], [4.581750349202834, 51.560266811586644], [4.582011191423852, 51.5590479118055], [4.568020226208571, 51.55619941431121], [4.566841392276185, 51.555963152604946], [4.550492797894602, 51.55271180888165], [4.547310175058462, 51.552361476073656], [4.546444378704862, 51.55365068131698], [4.54537044634325, 51.553908865492104], [4.544639711678525, 51.552948315654035], [4.545083299180883, 51.55164560994436], [4.542421831243043, 51.55108712393013], [4.533481998651933, 51.54926951080249], [4.530357936130193, 51.54925569385707], [4.528068338093091, 51.55199885485891], [4.528689070517361, 51.555486635911265], [4.530904771880825, 51.55988769190085], [4.536615837041054, 51.56577643337833], [4.5094495555939735, 51.56855879393949], [4.508712979841388, 51.56554873478942], [4.5049550849296045, 51.566026432248314], [4.504153327183697, 51.56298515118831], [4.50163423400578, 51.5632708439964], [4.500203575768758, 51.558536424510805], [4.4868513038100994, 51.56043990734064], [4.480992975319008, 51.56097447315176], [4.474013700409337, 51.56074798094628], [4.473007931340849, 51.56221321325701], [4.469914344468025, 51.5630437549027], [4.466392684892245, 51.56204083655061], [4.465795836467719, 51.56104325602579], [4.457535047947589, 51.56145926147501], [4.456949757837384, 51.5626129704185], [4.453246683678808, 51.563543807973616], [4.453010675694433, 51.56667620403777], [4.448577430984436, 51.56573265149763], [4.444674211442685, 51.56923498048119], [4.443998796864382, 51.56909559444595], [4.4329256748311545, 51.58279735644881], [4.429922395167518, 51.59024791441706], [4.429337814598166, 51.59387877766137], [4.4280181103574385, 51.60540534792465], [4.426674699272712, 51.61174041433532], [4.431546440452457, 51.61084520873166], [4.432463477876362, 51.612891311654224], [4.4319349028355015, 51.61391141791324], [4.433765391486305, 51.6159396506092], [4.4357044502943825, 51.61517485451579], [4.437827797793441, 51.6171193601182], [4.443536452696124, 51.61508875974906], [4.454843678519293, 51.61420738957865], [4.461370447627814, 51.61437994123697], [4.471442175040153, 51.615966215712255], [4.476027684880199, 51.61836007912679], [4.4804384862163715, 51.619718849727455], [4.484278623815073, 51.62008298324112], [4.4877443771240575, 51.61964210167663], [4.4924403303904095, 51.61753274264068], [4.49616171621975, 51.6131747459533], [4.5021696121289345, 51.60874604574564], [4.507988182880774, 51.6070953654832], [4.513755892464727, 51.60674772967533], [4.516554446683831, 51.60713206781101], [4.519132314708096, 51.60783428361866], [4.525486517780622, 51.61270243245118], [4.530866808876503, 51.615948032838716], [4.536894450640335, 51.617150415473155], [4.543204232308425, 51.61766794740342], [4.5491341882079706, 51.61989164412814], [4.5532535861280685, 51.62246587559975], [4.554567851190871, 51.624876819055295], [4.556695358804813, 51.62688677035882], [4.56043741514719, 51.62881766329738], [4.571077166170765, 51.63039972984553], [4.577682153157049, 51.629632889141305], [4.589187073208171, 51.625202510163184], [4.592907062956385, 51.62443681744451]]]]}, "properties": {"type": "boundary", "gemeente": "Halderberge"}}, {"type": "Feature", "geometry": {"type": "MultiPolygon", "coordinates": [[[[5.637871489402737, 51.40670708770175], [5.639000739659702, 51.39797085749112], [5.638918844780135, 51.389172764101694], [5.638940957878929, 51.38912335554162], [5.653647937728936, 51.35625056867437], [5.654705991138144, 51.35387686669221], [5.647527168194491, 51.3520752699854], [5.648772869361387, 51.35016700113236], [5.642601762719965, 51.348396335002086], [5.639924336731418, 51.34673658483796], [5.6395360355877395, 51.343102005958215], [5.640636159925726, 51.341861384119284], [5.640191066199713, 51.3395737131015], [5.639201691473914, 51.33997200289452], [5.636722186031015, 51.34083747932931], [5.636635849322885, 51.33783329284728], [5.642892925081245, 51.33729444804005], [5.644230349774837, 51.33652486806813], [5.644111396116127, 51.33348373071664], [5.641276158298973, 51.33407648745582], [5.6385903242338244, 51.33185889610259], [5.634455253800861, 51.33339781467289], [5.633126539364866, 51.331313633889714], [5.634929173169194, 51.33021771794747], [5.631293657038056, 51.32754036632216], [5.621145879090158, 51.33118798935116], [5.618966096268403, 51.32894928262599], [5.610051108530091, 51.33082295482221], [5.6053151104229, 51.331804517381045], [5.602431832006047, 51.33099186957948], [5.585458850405712, 51.32620526576226], [5.567925242619587, 51.32108658172919], [5.537593689898916, 51.307556797759496], [5.528487857088665, 51.30275040383794], [5.515772333953798, 51.29520191821493], [5.484857824341888, 51.29999940313661], [5.4857323410488155, 51.302432334550495], [5.489192596379771, 51.30647062830503], [5.490677631445313, 51.310298434911225], [5.491370384122408, 51.31422179556191], [5.490087640458016, 51.316678397160786], [5.489054520775565, 51.31836814485232], [5.48293004775456, 51.32134085944019], [5.480236373841712, 51.32405454321414], [5.480784790646259, 51.32444128417696], [5.477167116904928, 51.32751987148407], [5.4760202363202195, 51.331216166279525], [5.473602098220587, 51.33398267943578], [5.477630872489447, 51.337230214630395], [5.478344639619625, 51.338711147087636], [5.481866717833097, 51.340839860078574], [5.487003945208233, 51.342277913809355], [5.487723737922693, 51.34312306309469], [5.496028849572073, 51.34650733572785], [5.496667494395769, 51.35264964975568], [5.49428633611694, 51.353291866728306], [5.493827263584837, 51.35403783457688], [5.494142847129581, 51.35548633257034], [5.527179381178737, 51.366940654910195], [5.516416524277723, 51.37833513150059], [5.512002825040589, 51.38381094396976], [5.504872939083721, 51.40015448086188], [5.505183452161954, 51.40341706870417], [5.507611822384471, 51.40453187838004], [5.525813999940007, 51.40469679286858], [5.535578898791439, 51.40460556513235], [5.536378934114561, 51.40319313457904], [5.543212261574651, 51.40403594844151], [5.543750188754706, 51.404664975830485], [5.557697477993277, 51.405455374204756], [5.560777829232263, 51.4061596780484], [5.561367410699555, 51.4049002871278], [5.5624276910653085, 51.40529928780869], [5.564248429631648, 51.40487984378039], [5.56642102846913, 51.405539366679015], [5.565971910946491, 51.40734828182908], [5.56918666359233, 51.408778956636496], [5.585363779766338, 51.414285734201016], [5.598675731230126, 51.41833293005074], [5.639014851314392, 51.422456106633994], [5.637871489402737, 51.40670708770175]]]]}, "properties": {"type": "boundary", "gemeente": "Heeze-Leende"}}, {"type": "Feature", "geometry": {"type": "MultiPolygon", "coordinates": [[[[5.659449581476444, 51.55375883396679], [5.660477919636235, 51.5513255597615], [5.666854594727971, 51.54066655246589], [5.674528808824673, 51.53326124421436], [5.677451878659423, 51.530856467037125], [5.682173305058272, 51.52764024654422], [5.67837301345511, 51.528356868382396], [5.6777021117750515, 51.52725732768824], [5.681301449380556, 51.52636143881741], [5.680653370516299, 51.52589588378756], [5.674537764394119, 51.52577523015622], [5.676737241705471, 51.52435386466596], [5.681574694656609, 51.51838906075762], [5.684519611440131, 51.5177788349881], [5.685288036387252, 51.51516846721349], [5.684069167096884, 51.51322741037591], [5.686004134950282, 51.512735583455274], [5.684143158788134, 51.507699584282335], [5.682960391480599, 51.50447920734752], [5.672667375607451, 51.505441167418695], [5.669950905924208, 51.5041377142076], [5.6751045414237105, 51.49894710152892], [5.663584274574272, 51.5022554336923], [5.656402824125294, 51.507308871581344], [5.652515585860738, 51.504010311834406], [5.650252721423169, 51.50374832939121], [5.646384536969977, 51.50209637308313], [5.644155572438305, 51.501237998189794], [5.641137963091261, 51.498303300572346], [5.6348213333463395, 51.494882750447786], [5.63093821012401, 51.495110213257576], [5.626929712251541, 51.49627470732535], [5.6260650818676, 51.49828502144461], [5.62203613878687, 51.49809012631609], [5.618729654078107, 51.4986385072549], [5.614827500592642, 51.500447225869664], [5.610560626421422, 51.50472540172628], [5.611236788493717, 51.507974747845154], [5.609652828737652, 51.50921692216262], [5.579932137190828, 51.49875966752633], [5.576728772117677, 51.49945274590943], [5.566550579957322, 51.50167202972558], [5.5576512659187305, 51.50936930181521], [5.554379721154113, 51.51898771836716], [5.547913123958448, 51.538075463096376], [5.547436083628423, 51.53773161169731], [5.543041512292792, 51.540000270775266], [5.545206075985656, 51.54168653974073], [5.537945964899936, 51.5513183240748], [5.5330817557200485, 51.55780323062469], [5.545238369848636, 51.5580959951779], [5.555335955620732, 51.55852421945785], [5.58433976241796, 51.56273098696403], [5.607414973937789, 51.5596926247007], [5.614223995379492, 51.55460432186892], [5.618191285247858, 51.55584113421739], [5.61923288530331, 51.553995679269086], [5.621794237095543, 51.55326814608674], [5.625668903948521, 51.55509892723611], [5.640334049140845, 51.56441787670841], [5.652484713534623, 51.56967815582707], [5.659449581476444, 51.55375883396679]]]]}, "properties": {"type": "boundary", "gemeente": "Laarbeek"}}, {"type": "Feature", "geometry": {"type": "MultiPolygon", "coordinates": [[[[5.170765070658795, 51.42973299504494], [5.173457777113031, 51.428240131101035], [5.178152943843359, 51.43026093423101], [5.184980199199931, 51.42876393313786], [5.1901818655420575, 51.430112304266764], [5.1910193877286535, 51.43021572710834], [5.190850974773345, 51.41821077095843], [5.1947488704557285, 51.39995510979722], [5.1999205521054686, 51.391707309325334], [5.200958897962734, 51.39006585362507], [5.197402162061221, 51.38401776743025], [5.199268394353775, 51.382307984412094], [5.193013792767259, 51.378263972407964], [5.188508003732845, 51.377620346176165], [5.187987365058487, 51.37451303270557], [5.185414285649442, 51.37584065309195], [5.183215397454857, 51.37578603071824], [5.184346675522714, 51.37476309331729], [5.190658728086974, 51.37190496779421], [5.192101519080327, 51.36676922851399], [5.190604472079887, 51.36622665477737], [5.19213764781661, 51.36479660225289], [5.197422699693527, 51.362724577813395], [5.195391473376015, 51.3622913776839], [5.1964244492510545, 51.36158715190192], [5.1919422462034905, 51.361467764717354], [5.191913348367866, 51.35627365099747], [5.192339151448961, 51.35073731442171], [5.194494220660828, 51.351075409727244], [5.196292586915371, 51.34984201804315], [5.196068321003498, 51.34799559631575], [5.193865015095397, 51.34522599405434], [5.204697576930303, 51.32543835828489], [5.20025489811164, 51.32266107956677], [5.196564590531753, 51.32035910877828], [5.190556140330618, 51.32007003227392], [5.173062696061986, 51.31577153692941], [5.162639734652828, 51.31031650962191], [5.134353219981445, 51.31550038439676], [5.131710781155985, 51.34677444262664], [5.126282421481206, 51.350228335498194], [5.11940161448093, 51.35563960500152], [5.116570199917978, 51.36111794254882], [5.071181331257485, 51.39348741500962], [5.095455963778515, 51.42250060299206], [5.102020065028805, 51.428922654082996], [5.119458625920509, 51.428274760427186], [5.152499293750749, 51.42896846684071], [5.15321101205163, 51.4283542406921], [5.157947723274363, 51.42883077338051], [5.1585526741539764, 51.43217416922327], [5.170765070658795, 51.42973299504494]]]]}, "properties": {"type": "boundary", "gemeente": "Reusel-De Mierden"}}, {"type": "Feature", "geometry": {"type": "MultiPolygon", "coordinates": [[[[4.444674211442685, 51.56923498048119], [4.448577430984436, 51.56573265149763], [4.453010675694433, 51.56667620403777], [4.453246683678808, 51.563543807973616], [4.456949757837384, 51.5626129704185], [4.457535047947589, 51.56145926147501], [4.465795836467719, 51.56104325602579], [4.466392684892245, 51.56204083655061], [4.469914344468025, 51.5630437549027], [4.473007931340849, 51.56221321325701], [4.474013700409337, 51.56074798094628], [4.480992975319008, 51.56097447315176], [4.4868513038100994, 51.56043990734064], [4.500203575768758, 51.558536424510805], [4.498080558711006, 51.5499421498712], [4.497471630718548, 51.546273320274196], [4.498788484891968, 51.54570444820054], [4.498829835407191, 51.54478510394764], [4.5067889927039975, 51.54363249070064], [4.511314724899094, 51.5439824468392], [4.514443271220294, 51.54190105590443], [4.515832443281681, 51.54208777975228], [4.515794948498036, 51.54299795545089], [4.523190806235292, 51.542556849348664], [4.521407532633875, 51.533094937226785], [4.521967770818238, 51.531775614028746], [4.520418040990732, 51.52899122408401], [4.521188680339103, 51.528950501469716], [4.519578301693269, 51.527081297080834], [4.520136195709167, 51.52655802159862], [4.519657285063853, 51.52540129919721], [4.51764988162402, 51.5253881722301], [4.515952804559337, 51.52152019059943], [4.513562638371038, 51.52160139885642], [4.5143312421571675, 51.51789542531308], [4.502687200258687, 51.51674894464636], [4.502178563349064, 51.51672340540971], [4.498516047694892, 51.50986331276178], [4.496652498018198, 51.50830032526489], [4.498095341556094, 51.50181179872331], [4.497892209480413, 51.5014326119253], [4.490312380105593, 51.486991382272805], [4.492860596677274, 51.4832910479004], [4.485405442381348, 51.481622293851174], [4.486680519988836, 51.47735254841723], [4.480241163108015, 51.47828136293545], [4.476491230915439, 51.478266806650005], [4.47164537028031, 51.476250352214464], [4.467340730570521, 51.47298359651718], [4.466714514667193, 51.471990586257924], [4.464904638494614, 51.471134587475916], [4.464720347628804, 51.471013089543895], [4.464559273694429, 51.47115293717641], [4.457048854062203, 51.46981634443874], [4.447009792894548, 51.46897260173177], [4.442558923210296, 51.46868909743341], [4.442445171068836, 51.46863829200281], [4.391082408226364, 51.45148689439655], [4.383411600341445, 51.45511489452968], [4.366965092452525, 51.45671851838564], [4.361395944662923, 51.47121880280895], [4.362667486452728, 51.471685140376756], [4.361631496104365, 51.476371407435025], [4.371654092847917, 51.4790928762165], [4.3718219482825695, 51.48390592774676], [4.372642494124756, 51.48777215059742], [4.363878533570273, 51.49118646320268], [4.358171533717297, 51.49260300778541], [4.351588620126649, 51.499928084559826], [4.349539163021183, 51.503480689422034], [4.351179249196783, 51.503850237675856], [4.354396509380543, 51.50577814347512], [4.353958374414148, 51.50645066663508], [4.35055357405876, 51.5057007036114], [4.352462755314511, 51.51429909557372], [4.351596219044228, 51.51770048767055], [4.350139182408122, 51.51837292141297], [4.342193472836541, 51.518049475638264], [4.340814087000345, 51.52178870410106], [4.3404561558988535, 51.52266924213022], [4.342776439983089, 51.526389316438774], [4.337644867037634, 51.52756273189791], [4.329885309041882, 51.52823935042488], [4.329534336367383, 51.52932441103521], [4.325648539297795, 51.529613770880296], [4.3284125924593715, 51.53072634578367], [4.3287246783787126, 51.53175263429629], [4.327573791135819, 51.535193819794095], [4.3146231000907305, 51.54107508363055], [4.3069085061015056, 51.54350476069955], [4.3082803945760455, 51.546716317524535], [4.316308047795754, 51.54549668415607], [4.317976898859876, 51.55121562966762], [4.361581873198113, 51.54591277215457], [4.3735971776780795, 51.544002981988214], [4.3780895862546805, 51.54431465269251], [4.411467797817089, 51.5515985681097], [4.426877696626192, 51.55238280212346], [4.428204082771982, 51.553598463260116], [4.429031694450958, 51.555701334977435], [4.438380876355334, 51.55639134411346], [4.44107762130259, 51.55849173916147], [4.441953453515915, 51.56738519253742], [4.443998796864382, 51.56909559444595], [4.444674211442685, 51.56923498048119]]]]}, "properties": {"type": "boundary", "gemeente": "Roosendaal"}}, {"type": "Feature", "geometry": {"type": "MultiPolygon", "coordinates": [[[[5.65951355616067, 51.3431332518431], [5.666123294572535, 51.32826791930892], [5.666767812835956, 51.32672451305797], [5.670120760086563, 51.325617894834515], [5.671969725815949, 51.323681871208436], [5.670787131912606, 51.31622577075235], [5.672109279349915, 51.31509345691277], [5.651874478721763, 51.297740976540844], [5.643995028792012, 51.29057478360616], [5.6259705472731, 51.27360086431536], [5.623479144688221, 51.2491080619745], [5.623465938153279, 51.24899719612184], [5.618780315704083, 51.22942460428177], [5.602194376132078, 51.22585537103575], [5.59441314289956, 51.224179755222465], [5.594319333652198, 51.226073047145334], [5.566044036433282, 51.220908807137825], [5.5604493510802095, 51.22232672978665], [5.556171277348539, 51.24033648587811], [5.554864963104182, 51.2444966602358], [5.5566022403852875, 51.250849947764685], [5.555984442664191, 51.25438886102687], [5.557369260118232, 51.25718181462787], [5.556636049060858, 51.25747488147501], [5.55676758680481, 51.26005959318228], [5.557303910540319, 51.260051668037505], [5.557929005766622, 51.26246317661166], [5.556693618921912, 51.26312700018735], [5.557175679188508, 51.26429856379204], [5.5562131942558475, 51.266643314923684], [5.544587285556528, 51.271187295644175], [5.528683745725622, 51.28175593600961], [5.519004763970265, 51.28947465328895], [5.515779031141415, 51.295198465405846], [5.515772333953798, 51.29520191821493], [5.528487857088665, 51.30275040383794], [5.537593689898916, 51.307556797759496], [5.567925242619587, 51.32108658172919], [5.585458850405712, 51.32620526576226], [5.602431832006047, 51.33099186957948], [5.6053151104229, 51.331804517381045], [5.610051108530091, 51.33082295482221], [5.618966096268403, 51.32894928262599], [5.621145879090158, 51.33118798935116], [5.631293657038056, 51.32754036632216], [5.634929173169194, 51.33021771794747], [5.633126539364866, 51.331313633889714], [5.634455253800861, 51.33339781467289], [5.6385903242338244, 51.33185889610259], [5.641276158298973, 51.33407648745582], [5.644111396116127, 51.33348373071664], [5.644230349774837, 51.33652486806813], [5.642892925081245, 51.33729444804005], [5.636635849322885, 51.33783329284728], [5.636722186031015, 51.34083747932931], [5.639201691473914, 51.33997200289452], [5.640191066199713, 51.3395737131015], [5.640636159925726, 51.341861384119284], [5.6395360355877395, 51.343102005958215], [5.639924336731418, 51.34673658483796], [5.642601762719965, 51.348396335002086], [5.648772869361387, 51.35016700113236], [5.647527168194491, 51.3520752699854], [5.654705991138144, 51.35387686669221], [5.65951355616067, 51.3431332518431]]]]}, "properties": {"type": "boundary", "gemeente": "Cranendonck"}}, {"type": "Feature", "geometry": {"type": "MultiPolygon", "coordinates": [[[[4.59596560466314, 51.701084233159605], [4.569524321428474, 51.69639732970794], [4.567226853326673, 51.6953340799805], [4.554902078215941, 51.69321528367175], [4.545346048588458, 51.69331507334799], [4.545140832649166, 51.69200097294826], [4.5439277136029, 51.691805706873566], [4.543069399925184, 51.69381132740804], [4.544329252737295, 51.69512673176353], [4.554929606883733, 51.69685438708413], [4.572305111922862, 51.700072724374195], [4.579640949995911, 51.70003514790252], [4.589802833853665, 51.70234706872222], [4.5994737705412385, 51.70304858208603], [4.600467111017903, 51.702696560010466], [4.59596560466314, 51.701084233159605]]], [[[4.645136408235521, 51.719067474099944], [4.650865217951057, 51.710112162396754], [4.65463159576802, 51.708985399948254], [4.656511214611076, 51.70729786660484], [4.657403247450541, 51.70220442740556], [4.659688775918677, 51.69684588649679], [4.666939606849462, 51.68649387319969], [4.673227473909389, 51.68898706993348], [4.679190405683086, 51.68643612627504], [4.681121288780195, 51.68784818452178], [4.692818081327696, 51.68168005001821], [4.695036687791773, 51.68335744123432], [4.697313343476119, 51.68771772926621], [4.704533822738602, 51.68050670715631], [4.702030369084536, 51.679894001997134], [4.70460547184729, 51.67632175204541], [4.706624993415749, 51.67675337101467], [4.7098787404172455, 51.6732720669652], [4.684992190175054, 51.66628997246549], [4.694232627003918, 51.6583065775144], [4.696783007889783, 51.654594268135945], [4.689171752909489, 51.65241658959009], [4.692561795578675, 51.64755198124899], [4.695451305600943, 51.64710606638884], [4.699059645934107, 51.63807332867014], [4.698737973306571, 51.63797483421005], [4.6909587218466555, 51.637358100562466], [4.682753995931867, 51.6336365833373], [4.678512559959238, 51.632594168754466], [4.672257122865685, 51.63262311526585], [4.6650716433471295, 51.63431935673135], [4.658175819130874, 51.63458683609103], [4.643917034171021, 51.632378959607436], [4.638024264456086, 51.629713826882394], [4.636646370180318, 51.62864439955179], [4.635700815970906, 51.62629338448759], [4.634342255311802, 51.62544323818352], [4.629206195175834, 51.62404844279831], [4.62443538155739, 51.62426575786677], [4.622751973561368, 51.62469087282909], [4.616820566226275, 51.627623681831025], [4.611321179258136, 51.62850310644584], [4.606290910443791, 51.62772032017571], [4.6012332159655385, 51.62523903097257], [4.59613041633472, 51.62410947085685], [4.592907062956385, 51.62443681744451], [4.589187073208171, 51.625202510163184], [4.577682153157049, 51.629632889141305], [4.571077166170765, 51.63039972984553], [4.56043741514719, 51.62881766329738], [4.556695358804813, 51.62688677035882], [4.554567851190871, 51.624876819055295], [4.5532535861280685, 51.62246587559975], [4.5491341882079706, 51.61989164412814], [4.543204232308425, 51.61766794740342], [4.536894450640335, 51.617150415473155], [4.530866808876503, 51.615948032838716], [4.525486517780622, 51.61270243245118], [4.519132314708096, 51.60783428361866], [4.516554446683831, 51.60713206781101], [4.513755892464727, 51.60674772967533], [4.507988182880774, 51.6070953654832], [4.5021696121289345, 51.60874604574564], [4.49616171621975, 51.6131747459533], [4.4924403303904095, 51.61753274264068], [4.4877443771240575, 51.61964210167663], [4.484278623815073, 51.62008298324112], [4.4804384862163715, 51.619718849727455], [4.476027684880199, 51.61836007912679], [4.471442175040153, 51.615966215712255], [4.461370447627814, 51.61437994123697], [4.454843678519293, 51.61420738957865], [4.443536452696124, 51.61508875974906], [4.437827797793441, 51.6171193601182], [4.428815928189497, 51.6232708997497], [4.42500188221458, 51.62946608794763], [4.423859207337504, 51.63026517150045], [4.421207331677879, 51.63081856523257], [4.413492358210674, 51.631164290458926], [4.409108250472301, 51.63271953215625], [4.399904586767616, 51.63880536111413], [4.3971693764621556, 51.643051244301795], [4.392436281971088, 51.644814436468415], [4.386668388055689, 51.6461808418352], [4.380769242489915, 51.650584608635064], [4.376397145387787, 51.65193340166754], [4.376667052046544, 51.65209683104078], [4.374877698852877, 51.6536779888022], [4.375232730111515, 51.653752132519806], [4.377534829294243, 51.65272094152432], [4.378010704817694, 51.6530503460863], [4.372876258837735, 51.65694742763803], [4.3771430766328, 51.65929945045169], [4.375710962556477, 51.660530122505214], [4.378187276165214, 51.66132587564301], [4.383470166368677, 51.66540718695533], [4.385612692936706, 51.66832498136191], [4.3877925667599715, 51.668834357243604], [4.393535824656235, 51.67782007173121], [4.392249206800194, 51.678789110744496], [4.3921782123875674, 51.680078148725144], [4.3939858880414855, 51.68049849740555], [4.3997251300004185, 51.68360021990483], [4.407209153146843, 51.68790477353921], [4.404933965974193, 51.68957438353282], [4.398025508935518, 51.686025965011915], [4.396751197247059, 51.685938447020405], [4.3896544982289925, 51.68164835323582], [4.391541552546176, 51.68424291669582], [4.4016042648620255, 51.68890968752949], [4.401443583935706, 51.690077326099335], [4.403043420412942, 51.691745964087644], [4.401664347784851, 51.69274179354966], [4.395021631940526, 51.69048347966951], [4.391966603359968, 51.690539890457536], [4.391988784667829, 51.69092584080034], [4.395518152710512, 51.690900167745944], [4.400575266173038, 51.69366208539789], [4.398779692419419, 51.69339025502968], [4.397200985737634, 51.694299180025396], [4.394180700939518, 51.692783530285425], [4.3936751400904175, 51.69199222827253], [4.393179278744379, 51.6922223774499], [4.394488043435261, 51.693764961326984], [4.403637838170424, 51.698712919061066], [4.405400213969499, 51.69864362731358], [4.4009661330066, 51.69631284325352], [4.4028796306324285, 51.69459794995618], [4.406650500093019, 51.69695068588792], [4.407218883817829, 51.698628760019844], [4.407757453074916, 51.69866700856428], [4.4070255265182725, 51.696953138526105], [4.402358602170301, 51.69310187902087], [4.403743445101692, 51.692110629341414], [4.413158605380362, 51.695097076845364], [4.422838470297404, 51.70020706441168], [4.426307781066033, 51.70078325506729], [4.429536381378853, 51.7007733993349], [4.423525952435934, 51.69978658623047], [4.411415967434784, 51.69327167707334], [4.4103981687035, 51.69248168495162], [4.412326454024508, 51.69107477330165], [4.412614521350472, 51.690896714572055], [4.419692434745566, 51.694496700573495], [4.4264361361805, 51.697221118701485], [4.43135440218692, 51.696627882497424], [4.436661104204525, 51.697639580810474], [4.4373613371822955, 51.69740256934303], [4.435012306288352, 51.697054380923106], [4.436134407692026, 51.696271696835886], [4.436775506034401, 51.69609024490831], [4.439692410853726, 51.69680589103446], [4.4435799767695405, 51.696178063805704], [4.443712448018741, 51.69606165330404], [4.441192481034371, 51.69543250144862], [4.442849913847582, 51.694564559007944], [4.442503861718902, 51.694097760808646], [4.442077000235637, 51.694082296508924], [4.442117212810747, 51.693114301572685], [4.443612367342557, 51.69323788732818], [4.44393759219653, 51.69477414909596], [4.442254847232573, 51.69539443970589], [4.443292809700171, 51.69566508125745], [4.44544561640554, 51.69475229216266], [4.45136569950696, 51.69178900771089], [4.462910382546506, 51.68894237009521], [4.490224166307063, 51.68297967217691], [4.493053918639394, 51.68333841147228], [4.49341854818936, 51.6841443917418], [4.507712303883121, 51.68313042394563], [4.519583532178244, 51.68370984112894], [4.524623336032349, 51.68450673245908], [4.52621350103792, 51.685813969051424], [4.527064887838972, 51.68283749064559], [4.525980715590133, 51.68029568099888], [4.526399289667401, 51.68033201501105], [4.526360253126407, 51.68099439506671], [4.526591813741289, 51.681007701851826], [4.526721352804959, 51.6808473127863], [4.52716377526242, 51.68093949990122], [4.527011422537218, 51.68113009522085], [4.527071208746134, 51.681623189107995], [4.527661118497072, 51.68283315958827], [4.527138596975063, 51.68506479719501], [4.52787797496039, 51.684850099134245], [4.527901630607165, 51.684533997067014], [4.528430649077463, 51.6844589504391], [4.52850730977188, 51.6847988886377], [4.529912160225821, 51.68468455992274], [4.530173722186126, 51.68606965737502], [4.5271678041266075, 51.686337190978286], [4.526876682626909, 51.685368084794185], [4.526543346809157, 51.68652812888654], [4.532168437322328, 51.686123398246025], [4.532676808150671, 51.6852802027526], [4.5354284725737, 51.68505363981565], [4.537617863032347, 51.685245756158935], [4.537556997575499, 51.68712366790272], [4.549374323596002, 51.68848060867432], [4.568748128593515, 51.692229896940106], [4.574101445553244, 51.692342101999834], [4.60165490039087, 51.696946766089816], [4.6193699785230615, 51.70558152625973], [4.621252759479477, 51.70482595461283], [4.622909159059853, 51.70390485323542], [4.623266736063805, 51.70425995583987], [4.620655183430569, 51.70593415915049], [4.619241497453034, 51.706233710848416], [4.626570587604664, 51.709087305007486], [4.6386542316237644, 51.71239825829774], [4.638913410100491, 51.71324035839677], [4.636430346657857, 51.71735061555129], [4.636854066548669, 51.71743541214341], [4.639352926319355, 51.713364342957284], [4.640387542671673, 51.71282413842445], [4.6430043710833635, 51.71333570786541], [4.647333846812604, 51.71288112952428], [4.643852122631023, 51.718827130708355], [4.6440335658433485, 51.71886320732838], [4.64449985083539, 51.71895591939715], [4.645136408235521, 51.719067474099944]]]]}, "properties": {"type": "boundary", "gemeente": "Moerdijk"}}, {"type": "Feature", "geometry": {"type": "MultiPolygon", "coordinates": [[[[4.782448506701075, 51.76656863118677], [4.7854032814059035, 51.75593312882988], [4.802500824366649, 51.757586686116746], [4.81286247964285, 51.756634514414976], [4.822275197740704, 51.75385694246273], [4.8280885832780545, 51.75378441360574], [4.833648399372866, 51.75400606222447], [4.841880428069004, 51.756686963797236], [4.846750133981173, 51.75705674733289], [4.851327523422689, 51.7561785433045], [4.853125209488237, 51.750748602386], [4.852480178801431, 51.74867998980243], [4.849410501515839, 51.74482754666147], [4.849830177156085, 51.74034561888919], [4.846929672449662, 51.733552786434664], [4.846936806129649, 51.72552438075938], [4.8406631116661725, 51.7163238639414], [4.836903926130041, 51.71261210653244], [4.829766146484343, 51.711586055409356], [4.823609656639465, 51.71128839184916], [4.824132797664203, 51.709541171471415], [4.8266684393783414, 51.704358510742196], [4.829656540782955, 51.69563507547629], [4.83194133393204, 51.69179117918411], [4.839623663038048, 51.68402089672539], [4.8423672605290475, 51.679654201473454], [4.828560858041247, 51.67644389883706], [4.82735096794748, 51.67696283675407], [4.821787281433087, 51.67474409183381], [4.816953875419321, 51.673649376207386], [4.806832574232829, 51.671272621306414], [4.8011973397513, 51.67020536145957], [4.796786899135885, 51.669515227823055], [4.781080485071055, 51.66388566177103], [4.7943046992005085, 51.64174065883365], [4.79648868188427, 51.64118704718647], [4.787505572583236, 51.63704809702735], [4.769581850288347, 51.62951003797002], [4.765685933286223, 51.62914051355097], [4.765017258444154, 51.6319103325828], [4.762651851499459, 51.63503385237906], [4.757368126192252, 51.6375756053281], [4.7490288253034745, 51.638979734997044], [4.745000380346151, 51.640439900741285], [4.738536670176624, 51.64281372944383], [4.731839970915229, 51.643056362125364], [4.704333474162816, 51.638246281988785], [4.699059645934107, 51.63807332867014], [4.695451305600943, 51.64710606638884], [4.692561795578675, 51.64755198124899], [4.689171752909489, 51.65241658959009], [4.696783007889783, 51.654594268135945], [4.694232627003918, 51.6583065775144], [4.684992190175054, 51.66628997246549], [4.7098787404172455, 51.6732720669652], [4.706624993415749, 51.67675337101467], [4.70460547184729, 51.67632175204541], [4.702030369084536, 51.679894001997134], [4.704533822738602, 51.68050670715631], [4.697313343476119, 51.68771772926621], [4.695036687791773, 51.68335744123432], [4.692818081327696, 51.68168005001821], [4.681121288780195, 51.68784818452178], [4.679190405683086, 51.68643612627504], [4.673227473909389, 51.68898706993348], [4.666939606849462, 51.68649387319969], [4.659688775918677, 51.69684588649679], [4.657403247450541, 51.70220442740556], [4.656511214611076, 51.70729786660484], [4.65463159576802, 51.708985399948254], [4.650865217951057, 51.710112162396754], [4.645136408235521, 51.719067474099944], [4.675222330342055, 51.72420963575232], [4.676303957828939, 51.72492389952648], [4.677285968845106, 51.72011049901403], [4.6985528178312475, 51.72199232400634], [4.721842103595269, 51.73427222618289], [4.733650398086917, 51.73650767520689], [4.737450241972898, 51.74130071638167], [4.74736317540777, 51.746622805380426], [4.747901149501378, 51.748771826274016], [4.750726379881731, 51.752289547561865], [4.763941817574672, 51.759068003180886], [4.772108684132662, 51.75932997065929], [4.7787962567913675, 51.764169073462384], [4.780653530500737, 51.76641921948895], [4.782448506701075, 51.76656863118677]]]]}, "properties": {"type": "boundary", "gemeente": "Drimmelen"}}, {"type": "Feature", "geometry": {"type": "MultiPolygon", "coordinates": [[[[5.543294889315211, 51.73846475938631], [5.553918426281266, 51.73480172214659], [5.560169689595685, 51.73235967613023], [5.570132417403953, 51.73102841286894], [5.573760222499719, 51.731059169937], [5.576005753863132, 51.731531886969655], [5.580880593397783, 51.73144800372033], [5.5877582279580436, 51.72595406218458], [5.600064450777372, 51.70848667998583], [5.599085612119733, 51.707155062707095], [5.595435776915343, 51.70752631661842], [5.597039842544195, 51.70198731562129], [5.60022766247947, 51.698289719842975], [5.600587901930803, 51.696572737847895], [5.598855165024314, 51.69587069905997], [5.5968366047755795, 51.690922348778194], [5.5889476019237625, 51.68481588504595], [5.586863219981602, 51.683052951376546], [5.5787833257481205, 51.68054568078239], [5.57641166435396, 51.6799714159596], [5.576964322084785, 51.678765326612684], [5.574492132503008, 51.678384349925004], [5.573015280359233, 51.67808986767601], [5.573521904820189, 51.67708993010317], [5.565906768891154, 51.66736864174658], [5.562238560558971, 51.6631520618272], [5.561965254296759, 51.66077708129464], [5.564047335888953, 51.66147045656203], [5.566393106934401, 51.66134415561779], [5.5677377147181915, 51.65933310968326], [5.568909139099642, 51.65956324332167], [5.571044773087185, 51.655197521059705], [5.567408293953866, 51.65350676062033], [5.5702991027966, 51.65143394609566], [5.567824208315845, 51.650352767053484], [5.565358112397384, 51.64836919580765], [5.54201052819934, 51.640310368662874], [5.5424109421216174, 51.63915600164265], [5.5431446121577945, 51.63909962853866], [5.542235414859904, 51.63453680067872], [5.533661371400623, 51.63551246007862], [5.532473600562112, 51.63447142240554], [5.5310930070087725, 51.63295263669077], [5.526214283494441, 51.63225585686104], [5.5243955289218265, 51.63043835126927], [5.516879024027107, 51.63182139669499], [5.504857666838228, 51.63607815693954], [5.504621875611936, 51.63300534739289], [5.497201260836613, 51.626685635984956], [5.468911383059141, 51.64169721498697], [5.465926941926696, 51.642900936606985], [5.4384986837338385, 51.64991781294862], [5.423388794169756, 51.65378288712228], [5.423528292012003, 51.65385094174839], [5.4284227291097675, 51.65647143890213], [5.431662421813252, 51.660894343099784], [5.431592160613752, 51.663186599383884], [5.432608289720499, 51.66417700709422], [5.43940957564154, 51.66487414121039], [5.445041486960144, 51.66427871550771], [5.445630269970964, 51.66641659101868], [5.448825850059875, 51.66955192830388], [5.456871846490848, 51.687590652030934], [5.4587675652444325, 51.69202920531327], [5.459845778876084, 51.69128813822221], [5.46032597396439, 51.68965123649367], [5.469848918444543, 51.689136564176856], [5.46940050970849, 51.69126867867941], [5.471053372945142, 51.69115142818452], [5.47829071313458, 51.70143112381675], [5.483074244113698, 51.70146343489835], [5.492385168665695, 51.70610052556458], [5.499067494241341, 51.707082712469834], [5.499655386570675, 51.70900825259861], [5.49823116521311, 51.70917719432493], [5.498918223238591, 51.71056566934043], [5.497321196911115, 51.71076564922615], [5.497705912509866, 51.71171049084264], [5.487819230802716, 51.712067623434876], [5.487772401654281, 51.712899306489405], [5.484784556067103, 51.71330794542452], [5.478827413651261, 51.724158165360144], [5.48013646554517, 51.72446392825981], [5.474243756334151, 51.728964627192425], [5.478716647104751, 51.73021643294112], [5.495305536392669, 51.73467924002449], [5.4990000384451285, 51.73547866855445], [5.504614216761144, 51.73667787124314], [5.507705749913566, 51.73782188301441], [5.508732519768571, 51.73793041818194], [5.508994498730631, 51.737178710458714], [5.5095528444786055, 51.73727545096913], [5.509937148792969, 51.73734203530946], [5.510282565597014, 51.73808400027824], [5.516846507627171, 51.738695110453754], [5.529138157221646, 51.740440218290026], [5.533918572820849, 51.740596602067214], [5.543294889315211, 51.73846475938631]]]]}, "properties": {"type": "boundary", "gemeente": "Bernheze"}}, {"type": "Feature", "geometry": {"type": "MultiPolygon", "coordinates": [[[[4.864260552479607, 51.55202019391893], [4.85270548941883, 51.545211514362336], [4.851818581194459, 51.54468375213743], [4.848356879530553, 51.54298442571424], [4.834858923369838, 51.53861760550846], [4.834615985447044, 51.53514859286953], [4.83611259831544, 51.534465588484025], [4.836794319020463, 51.53277094103956], [4.835703300331814, 51.53152665443168], [4.831324386351057, 51.52947272859729], [4.829260429304673, 51.52968948296599], [4.82976576796245, 51.527858850151155], [4.842351243559718, 51.52684510320335], [4.845060037252788, 51.528481590893804], [4.844738366078021, 51.53332774202558], [4.851049824600601, 51.53410231318099], [4.85456340536338, 51.5339266190233], [4.866231854536948, 51.538066630293144], [4.911062235839556, 51.51008123053715], [4.956643021796023, 51.51867647192859], [4.96257212904134, 51.52586426762512], [4.968750227618187, 51.52118147385693], [4.97759521591617, 51.521651461720566], [4.980868166995422, 51.51863076818977], [4.984553968766167, 51.51788195628788], [4.982495564640618, 51.51408790108019], [4.989917323954167, 51.5131494002716], [4.992297724296242, 51.51224744233149], [4.989654467376311, 51.50575492970668], [4.985775340293035, 51.499754407045565], [4.986739173034569, 51.495329132959796], [4.994642319744048, 51.497650551196315], [4.9967559267897315, 51.49677457316572], [4.992465785711554, 51.493945401953006], [4.997158239691926, 51.49204951359734], [4.997803174583596, 51.492844829751526], [5.000363288568075, 51.491862337939914], [4.997227819068428, 51.48853828375312], [4.992617839129638, 51.48745338745505], [4.991637235328989, 51.48618233691961], [4.993390384461716, 51.48547918483151], [4.9913357796627755, 51.484421044122556], [4.990095592592628, 51.48507795551613], [4.988419664777121, 51.48398453776397], [4.987992694343554, 51.483044610872206], [4.999175749444646, 51.48201575665066], [4.999787641047182, 51.48050180223213], [4.999301060369922, 51.47930626044556], [5.006410394577296, 51.47511004261072], [5.0083375570440785, 51.473299472888456], [5.01527183394799, 51.47632923720255], [5.016521823921038, 51.47543904012558], [5.010835354510199, 51.472307319823265], [5.007952548781974, 51.46672893521443], [5.0076846800745844, 51.46277967363043], [5.010557976822142, 51.459432853134295], [5.010461991003007, 51.458244304265996], [4.977134296270455, 51.460681552086285], [4.97671157060418, 51.46126385391898], [4.974773528414434, 51.460618846507884], [4.973653041295604, 51.459742821348456], [4.970076448978899, 51.458740814310396], [4.95671788436711, 51.45973594029482], [4.947161534441545, 51.458568666282176], [4.944661921939054, 51.45679029125626], [4.941632274428891, 51.45713671067694], [4.932121164742643, 51.45921292050565], [4.917972189336524, 51.46674091721816], [4.917047613435354, 51.46804093163334], [4.892556009402859, 51.47778365507707], [4.891293906622798, 51.47821651541441], [4.883076642468547, 51.47730832381678], [4.871696970897016, 51.4798072796277], [4.861949354657339, 51.47760973727156], [4.853928765705057, 51.47844195719099], [4.852878171318448, 51.479398697667456], [4.848018296682978, 51.480295259961174], [4.841877555612002, 51.48073578256061], [4.837649239823238, 51.481955223166736], [4.829277848252849, 51.48178591840703], [4.825356297812001, 51.48212592286373], [4.821142314762116, 51.483070253857896], [4.820167341182379, 51.48602911522311], [4.817418477527513, 51.48899175951945], [4.818217015298879, 51.49105147120105], [4.8175691065257595, 51.492925289204756], [4.815204739494149, 51.49481908748048], [4.805550267800761, 51.497405262406296], [4.8022513440502514, 51.497600040858615], [4.80190461412743, 51.49838155076086], [4.797257006892068, 51.49962593201157], [4.795910450845027, 51.49943803438249], [4.794945498611141, 51.49987943173941], [4.793945074429917, 51.49978519414636], [4.793463065414275, 51.49942695721571], [4.792493450755426, 51.49835802353826], [4.792180925384518, 51.49863009712138], [4.791291820046358, 51.49844744124782], [4.790865892805891, 51.49815869399077], [4.787758734753802, 51.49903817599477], [4.7861608903508355, 51.498837207520985], [4.785066691236078, 51.49974686146554], [4.7830603991889316, 51.49956424758786], [4.780734769989036, 51.504084708531444], [4.774844370189765, 51.504937868397], [4.774745500400168, 51.504847200779885], [4.773887472821711, 51.50495597623372], [4.773922034798417, 51.50509432543043], [4.773757000433148, 51.505114492738876], [4.760022737386879, 51.502372796503465], [4.7534715458671375, 51.5057957868988], [4.750947131777835, 51.50910677657089], [4.746994686294397, 51.515478607920905], [4.748933742254727, 51.518961655855705], [4.760184652988321, 51.51930824775178], [4.764469221579602, 51.524045804484146], [4.76754562593453, 51.52510533709816], [4.768632401493137, 51.52512902876679], [4.7700187428928915, 51.52364186360912], [4.77028503576991, 51.52439672509963], [4.769313106286011, 51.525381846888955], [4.770060015989041, 51.52735733921412], [4.777848064777583, 51.529389606735826], [4.778104605587018, 51.52944929100431], [4.794252489307759, 51.534897178878985], [4.798037789009539, 51.53514143326883], [4.80132550238607, 51.5360835146485], [4.799350442505434, 51.53706425574944], [4.824520003383749, 51.54783972008455], [4.830769008600781, 51.550351880711], [4.832903734936293, 51.54957971750186], [4.837396097991693, 51.54951324670479], [4.839779654822367, 51.55318585521177], [4.843702525201879, 51.55423650912863], [4.8629843838096605, 51.557269615403186], [4.86454459040156, 51.55350322768116], [4.864260552479607, 51.55202019391893]]]]}, "properties": {"type": "boundary", "gemeente": "Alphen-Chaam"}}, {"type": "Feature", "geometry": {"type": "MultiPolygon", "coordinates": [[[[5.413480710053717, 51.383904667899955], [5.4178364239070556, 51.38208722839219], [5.4217999876733804, 51.38340956669395], [5.424082281795005, 51.380293974804516], [5.425551446852125, 51.3792418716806], [5.424850652854344, 51.379192995951875], [5.42383237253661, 51.3776009969609], [5.424235619702193, 51.376552783742234], [5.423206142224526, 51.37486606850017], [5.421359574895657, 51.37431689515101], [5.418869951641559, 51.37180702449808], [5.420980753223168, 51.36929913936859], [5.41988074760122, 51.36510300398018], [5.419702152714876, 51.35924974520754], [5.420978566971286, 51.35665081145197], [5.421545482930101, 51.354187899338584], [5.423526589976461, 51.352239390520936], [5.422903818231593, 51.3498480732246], [5.422711685365418, 51.348323951638996], [5.425181277519792, 51.34537347704814], [5.424977984441456, 51.34437087843481], [5.421399927702263, 51.34069325780346], [5.421200584163762, 51.338376864032526], [5.421950442755257, 51.338556119308755], [5.422818556403917, 51.336266289521426], [5.423033803384734, 51.33258093583927], [5.424289385709859, 51.330759429497995], [5.433921286725363, 51.324320313789], [5.4273738816706825, 51.31438905112893], [5.4257977323392375, 51.31198976847294], [5.423926415578913, 51.31250704278675], [5.419849299980057, 51.3180179021754], [5.416486046966388, 51.319391341454946], [5.413651192232923, 51.31864601508632], [5.412860108919442, 51.320517695572896], [5.4107842319176145, 51.319976486926734], [5.4007178423612014, 51.31350056609597], [5.397671205475095, 51.314320158003966], [5.395904010856183, 51.31017710840779], [5.39445835696851, 51.30899382626609], [5.394761533036631, 51.30634576629931], [5.395462738568928, 51.30600822535723], [5.393424077481578, 51.299650375341436], [5.394864950138125, 51.296270877013676], [5.392663711937484, 51.29398958288983], [5.397084310533567, 51.291475845974084], [5.397200816287438, 51.290619837352914], [5.387802403185216, 51.2852384774313], [5.398010146027124, 51.277670213918725], [5.400895592284906, 51.27446153059812], [5.403795942071134, 51.27346950535326], [5.417410260005171, 51.26228527296579], [5.395943582160001, 51.26697119414012], [5.34613933688814, 51.27576402892769], [5.345747021962143, 51.27220362707498], [5.3441585786363826, 51.27019784462751], [5.342609612146264, 51.2657545755288], [5.339393345438277, 51.26406216380278], [5.336474686004695, 51.263066870111984], [5.315136241612532, 51.263454949462584], [5.296153076168458, 51.26148134242655], [5.263119273083824, 51.26680154826855], [5.237913832450825, 51.26135295180407], [5.225971644097607, 51.26825956999114], [5.242192254206023, 51.30521837789434], [5.24111814047076, 51.30566481300225], [5.242534998249393, 51.30600367418172], [5.243969005142692, 51.30938720633844], [5.259448374139266, 51.31147708311242], [5.26024952950102, 51.31549303441321], [5.263410041471824, 51.319281568738205], [5.292173022391222, 51.31823718499751], [5.308055260643657, 51.321828044881656], [5.309550755812068, 51.32104842934651], [5.31616667735282, 51.32368351152249], [5.316731817773475, 51.32345357976823], [5.318875843756266, 51.32485473921739], [5.322950729693877, 51.32869190285746], [5.32115785664355, 51.329569212338136], [5.32400906062103, 51.33290213728369], [5.326140766573795, 51.33189516390763], [5.326352805818341, 51.33262115954137], [5.331479668263412, 51.33360048972825], [5.3322023665315745, 51.33316518325377], [5.3378382329145335, 51.33480375002878], [5.341739260514172, 51.33582503102687], [5.347120228889645, 51.33745280853275], [5.341991167769716, 51.34421758937985], [5.346782630395527, 51.347515902896994], [5.3425875028999, 51.35267197918971], [5.3447434626108645, 51.35490742138042], [5.3457728408294605, 51.35751674046563], [5.348279277034977, 51.35963155830015], [5.351580651309175, 51.36070274125472], [5.35245006326057, 51.36182068679731], [5.355751220327913, 51.362531297431254], [5.364321095866573, 51.36697576200441], [5.370495203067915, 51.36931109717648], [5.3740656287138435, 51.36952805815904], [5.37563664899452, 51.36876222029356], [5.378210288651815, 51.36939326146898], [5.381132016731977, 51.371130560068025], [5.382604323591825, 51.37283096732693], [5.3880253338502175, 51.37526752763684], [5.388905831905988, 51.376459762375575], [5.390861053611292, 51.377591447505445], [5.3931517323873015, 51.377476625690065], [5.395890603426616, 51.379328951778405], [5.396514075536951, 51.38081982536424], [5.4084125773777085, 51.37981812510116], [5.409811988824507, 51.38010454579556], [5.410272615482039, 51.38124769404379], [5.413480710053717, 51.383904667899955]]]]}, "properties": {"type": "boundary", "gemeente": "Bergeijk"}}, {"type": "Feature", "geometry": {"type": "MultiPolygon", "coordinates": [[[[5.209217009788749, 51.436500439049844], [5.209936476106787, 51.43417113138693], [5.215770619176991, 51.43417983928001], [5.217484580400527, 51.430503769570834], [5.219542400476469, 51.42891865306034], [5.223139983172177, 51.427921142638105], [5.22373768499361, 51.42509754959011], [5.229284294423781, 51.42545194486093], [5.232699292117004, 51.426856528465244], [5.237703890111403, 51.42855876689352], [5.243379716306633, 51.42548247737529], [5.244781710268769, 51.42625379822484], [5.24944565738786, 51.42295375692143], [5.248775011934511, 51.422557587332186], [5.272902800582506, 51.409469801357055], [5.276392424039347, 51.4093479926463], [5.278385904554308, 51.40865021045907], [5.2814257637108355, 51.404994459340706], [5.290148038085116, 51.404080958088244], [5.296252524775597, 51.407751675088456], [5.298020567770933, 51.40715409132457], [5.299966692614511, 51.40778912757192], [5.302986115383791, 51.4075006267147], [5.307294186004412, 51.40611402977024], [5.3136490645802, 51.39944066062389], [5.310443188465108, 51.396054837321884], [5.310864872187723, 51.39071473759221], [5.307098587859018, 51.39061675126171], [5.306282451103798, 51.390958875598955], [5.302710634042827, 51.39071093203857], [5.2988147983441385, 51.38968159609792], [5.2894140920004284, 51.38892241856569], [5.29032270088582, 51.38612977477737], [5.285914544462078, 51.38446962593521], [5.279764953768864, 51.3753285934003], [5.279274304701337, 51.3738610108749], [5.277442969679017, 51.36877934334194], [5.277441908486219, 51.36877634640315], [5.275890448107215, 51.364395604742896], [5.275298088925175, 51.36272274819904], [5.278921725319421, 51.353769091103956], [5.279095884548428, 51.35333867771471], [5.285971818506845, 51.33633862353263], [5.263410041471824, 51.319281568738205], [5.26024952950102, 51.31549303441321], [5.259448374139266, 51.31147708311242], [5.243969005142692, 51.30938720633844], [5.242534998249393, 51.30600367418172], [5.24111814047076, 51.30566481300225], [5.20025489811164, 51.32266107956677], [5.204697576930303, 51.32543835828489], [5.193865015095397, 51.34522599405434], [5.196068321003498, 51.34799559631575], [5.196292586915371, 51.34984201804315], [5.194494220660828, 51.351075409727244], [5.192339151448961, 51.35073731442171], [5.191913348367866, 51.35627365099747], [5.1919422462034905, 51.361467764717354], [5.1964244492510545, 51.36158715190192], [5.195391473376015, 51.3622913776839], [5.197422699693527, 51.362724577813395], [5.19213764781661, 51.36479660225289], [5.190604472079887, 51.36622665477737], [5.192101519080327, 51.36676922851399], [5.190658728086974, 51.37190496779421], [5.184346675522714, 51.37476309331729], [5.183215397454857, 51.37578603071824], [5.185414285649442, 51.37584065309195], [5.187987365058487, 51.37451303270557], [5.188508003732845, 51.377620346176165], [5.193013792767259, 51.378263972407964], [5.199268394353775, 51.382307984412094], [5.197402162061221, 51.38401776743025], [5.200958897962734, 51.39006585362507], [5.1999205521054686, 51.391707309325334], [5.1947488704557285, 51.39995510979722], [5.190850974773345, 51.41821077095843], [5.1910193877286535, 51.43021572710834], [5.19102426603671, 51.430224903783845], [5.195419664287999, 51.43078301479216], [5.206675421634788, 51.43469542762268], [5.209217009788749, 51.436500439049844]]]]}, "properties": {"type": "boundary", "gemeente": "Bladel"}}, {"type": "Feature", "geometry": {"type": "MultiPolygon", "coordinates": [[[[5.584707567897407, 51.46050862678511], [5.590514733330173, 51.45776042221778], [5.592820998104201, 51.45833994968573], [5.596223526829512, 51.456173208057194], [5.597033514564589, 51.456496774870594], [5.601004323030408, 51.45217001981401], [5.603411768307736, 51.45398996921451], [5.604723590041721, 51.452799916500595], [5.608762546351241, 51.4515680780831], [5.608146157683271, 51.449716705417856], [5.60978737988706, 51.450058470583464], [5.6114787135136215, 51.449753388812454], [5.614511963508817, 51.450043853405695], [5.614519244250465, 51.449012125833455], [5.617294594439791, 51.44928675379551], [5.621389717195034, 51.45018030728934], [5.631598208529516, 51.45299972205039], [5.644341840771278, 51.45625758860658], [5.6564675232340615, 51.45655921619137], [5.653281214069234, 51.44659463840621], [5.6482431626566925, 51.441521365596834], [5.64612059769005, 51.441424939763635], [5.644075906570965, 51.440853070727215], [5.639041283000329, 51.42253783789898], [5.639014851314392, 51.422456106633994], [5.598675731230126, 51.41833293005074], [5.585363779766338, 51.414285734201016], [5.56918666359233, 51.408778956636496], [5.565971910946491, 51.40734828182908], [5.56642102846913, 51.405539366679015], [5.564248429631648, 51.40487984378039], [5.5624276910653085, 51.40529928780869], [5.561367410699555, 51.4049002871278], [5.560777829232263, 51.4061596780484], [5.557697477993277, 51.405455374204756], [5.543750188754706, 51.404664975830485], [5.543212261574651, 51.40403594844151], [5.536378934114561, 51.40319313457904], [5.535578898791439, 51.40460556513235], [5.525813999940007, 51.40469679286858], [5.525801285787643, 51.405151109251854], [5.525177362256089, 51.42789767040128], [5.530348357116959, 51.42720037491804], [5.530962470665897, 51.427424199038136], [5.532034542483071, 51.431988527486126], [5.534751822389695, 51.43168371083694], [5.534764151141869, 51.431690141005845], [5.540248749653677, 51.431334356203585], [5.546778322834378, 51.433674966912996], [5.548851891046963, 51.43450220538429], [5.548678054512007, 51.43467691694369], [5.548775958900657, 51.434714884994065], [5.566163705413769, 51.44148355539519], [5.571172156573936, 51.44773119847342], [5.578999835386718, 51.45507867531755], [5.584707567897407, 51.46050862678511]]]]}, "properties": {"type": "boundary", "gemeente": "Geldrop-Mierlo"}}, {"type": "Feature", "geometry": {"type": "MultiPolygon", "coordinates": [[[[5.414643285887846, 51.65570235510312], [5.422229269540552, 51.653593691558704], [5.422484939845525, 51.65399761325207], [5.423388794169756, 51.65378288712228], [5.4384986837338385, 51.64991781294862], [5.465926941926696, 51.642900936606985], [5.468911383059141, 51.64169721498697], [5.497201260836613, 51.626685635984956], [5.504621875611936, 51.63300534739289], [5.504857666838228, 51.63607815693954], [5.516879024027107, 51.63182139669499], [5.5243955289218265, 51.63043835126927], [5.526214283494441, 51.63225585686104], [5.5310930070087725, 51.63295263669077], [5.532473600562112, 51.63447142240554], [5.533661371400623, 51.63551246007862], [5.542235414859904, 51.63453680067872], [5.5431446121577945, 51.63909962853866], [5.5424109421216174, 51.63915600164265], [5.54201052819934, 51.640310368662874], [5.565358112397384, 51.64836919580765], [5.567824208315845, 51.650352767053484], [5.5702991027966, 51.65143394609566], [5.571650824619726, 51.65115438944188], [5.57276596527251, 51.65061221423372], [5.5797463056397625, 51.64591034170573], [5.583973890944898, 51.64459370064299], [5.58576459948898, 51.643869885199706], [5.5867757743905715, 51.643422535435185], [5.588355213626225, 51.64265317647119], [5.5864333886488655, 51.64007092071547], [5.58754204005441, 51.63762692861289], [5.593171709544203, 51.63350474681], [5.595068087243413, 51.63414828100779], [5.59873467869565, 51.63208862736724], [5.602272368849779, 51.62941332470738], [5.605627520087616, 51.632092568541815], [5.6074697850468365, 51.63377725104994], [5.623391164033028, 51.626659654272785], [5.626567324117126, 51.62340064654167], [5.6429272083992315, 51.60620891936873], [5.6453021279147935, 51.600823717857956], [5.648520557630955, 51.5936380816865], [5.6495006775639744, 51.58921645120164], [5.650682618602016, 51.58717586503314], [5.650367768752802, 51.58474379371568], [5.651356154644651, 51.58235983797428], [5.652671961518826, 51.578316826113515], [5.6542427588567055, 51.57640015980347], [5.656516421876218, 51.57479447974727], [5.6564850141265595, 51.57426838162875], [5.656093396306459, 51.57367765753499], [5.654378901050877, 51.57125477813537], [5.652484713534623, 51.56967815582707], [5.640334049140845, 51.56441787670841], [5.625668903948521, 51.55509892723611], [5.621794237095543, 51.55326814608674], [5.61923288530331, 51.553995679269086], [5.618191285247858, 51.55584113421739], [5.614223995379492, 51.55460432186892], [5.607414973937789, 51.5596926247007], [5.58433976241796, 51.56273098696403], [5.555335955620732, 51.55852421945785], [5.545238369848636, 51.5580959951779], [5.5330817557200485, 51.55780323062469], [5.537945964899936, 51.5513183240748], [5.545206075985656, 51.54168653974073], [5.543041512292792, 51.540000270775266], [5.547436083628423, 51.53773161169731], [5.530862303582378, 51.52504825535061], [5.525046524988671, 51.52186858611703], [5.522612264388053, 51.52343039924711], [5.521602002152939, 51.52244816626235], [5.521063462530823, 51.52290202394417], [5.519780445833988, 51.52246429666535], [5.514550019026117, 51.52324868863301], [5.513029122060073, 51.52429596023903], [5.508930065257564, 51.52268661811693], [5.508339737838579, 51.5238273059698], [5.506563593781837, 51.52303629542835], [5.5054519902093695, 51.521666868445834], [5.5001074973415145, 51.52137669391457], [5.499922520420301, 51.52520313364761], [5.5033414721185325, 51.525788767292354], [5.503723795045031, 51.52649604282117], [5.502570205767456, 51.52729276462892], [5.501857063097044, 51.52672645625273], [5.501896887291169, 51.527436725628455], [5.49827016872096, 51.52852923639467], [5.496451155104476, 51.52704830787419], [5.494252323716092, 51.527205968076295], [5.493447701210592, 51.5266851480122], [5.488814049248772, 51.53328481058069], [5.487943248359266, 51.541362221306116], [5.487144372967937, 51.541847970854455], [5.4827481683540515, 51.541570738686474], [5.468282491557522, 51.54064640779681], [5.457008506070477, 51.53801136149797], [5.4374109185004444, 51.533972446225285], [5.434422984578357, 51.534327699102604], [5.431571269528803, 51.533346539272245], [5.429833415624854, 51.53496978981513], [5.423841440999266, 51.53405475706386], [5.422976576617813, 51.533940323676596], [5.422156808372226, 51.53691040467942], [5.420302172288226, 51.538564837329005], [5.412043796488824, 51.542699613156984], [5.4109344521897516, 51.542268762123385], [5.405359047546221, 51.548352954451374], [5.404232095817282, 51.548291357666855], [5.404245432638857, 51.55443104052275], [5.402868130253357, 51.557882611258556], [5.405200149429122, 51.56202733169263], [5.401604385647626, 51.56191454780963], [5.400082728317445, 51.5624028014904], [5.3980083130408465, 51.565781138659574], [5.399474675432665, 51.56609783763875], [5.399342566436129, 51.572194247584484], [5.4024979604231484, 51.57171351936664], [5.402013959652694, 51.57384159476049], [5.403814658739877, 51.575907599825385], [5.395950742399972, 51.57660541347472], [5.3929662107625775, 51.575429800977695], [5.391449412818282, 51.57616386027883], [5.393681087031486, 51.579945168884116], [5.38894768577934, 51.58082702075444], [5.387824618837334, 51.58245351931997], [5.389665607798929, 51.58348380616144], [5.3840262984515705, 51.58684517390845], [5.381441830460047, 51.58760125543861], [5.38525928648102, 51.5895866872299], [5.3867006030374, 51.589080947048835], [5.389055443540524, 51.58911765440203], [5.389590392027044, 51.58967113296049], [5.38760748367237, 51.59043062493085], [5.3814423408881185, 51.59620344861483], [5.386211206765006, 51.600868660606814], [5.380527839919325, 51.60290162286363], [5.390422661410052, 51.605423351774206], [5.394855315611896, 51.605841723930695], [5.39071507643115, 51.611780047542446], [5.392413726457026, 51.612360389608625], [5.3905217569912836, 51.61432901286664], [5.3910142835825265, 51.61654809303027], [5.3886143388302905, 51.61772583375674], [5.3889563982161945, 51.62128953319642], [5.385916292086266, 51.620905688344415], [5.384507633975308, 51.62335967852647], [5.38588707245514, 51.62345404281201], [5.383851769268682, 51.624085569859446], [5.384453893540009, 51.62546710725949], [5.387243954396922, 51.625926313450684], [5.383578238903208, 51.62770775952345], [5.38407734095792, 51.62838743506221], [5.383210082020944, 51.62848550273149], [5.383283996525259, 51.631603588720395], [5.374996853143003, 51.63369316154794], [5.371174299160533, 51.63300342759701], [5.371360141137058, 51.637225663750385], [5.373189755715224, 51.63703561464887], [5.378686346089277, 51.6386704110745], [5.383185424079511, 51.638450846492916], [5.3800880871675325, 51.639187972207765], [5.379398966903963, 51.639933304742485], [5.377890714170924, 51.63949433202204], [5.375295231394416, 51.63998928110451], [5.371867246805649, 51.641930773920826], [5.376033549402472, 51.64332865847862], [5.375438370777695, 51.64445007452692], [5.376240626300257, 51.64462979572642], [5.377168557519521, 51.64353894697886], [5.37959119536089, 51.644151325116816], [5.379069063803325, 51.645550545993885], [5.3798976958531375, 51.64570560633822], [5.37809752729331, 51.64663840414114], [5.379110587672154, 51.64734941593767], [5.380095343865158, 51.64635602877333], [5.384191008941606, 51.64590544050415], [5.385159492419591, 51.646418839926575], [5.389822826155406, 51.645630775948234], [5.395369887440618, 51.64617472050911], [5.396153812306191, 51.64532049850743], [5.400041143549099, 51.64656673181188], [5.401947759166602, 51.64794290980123], [5.405958807827159, 51.64831154145144], [5.4060570207654015, 51.65021466022116], [5.412295895297787, 51.650303012186946], [5.412562842470293, 51.65098504959554], [5.410977869572837, 51.65155104034109], [5.411079848265201, 51.652691254288726], [5.412620340753133, 51.65277861928833], [5.413473856743874, 51.65374616235899], [5.411263905863339, 51.65397022238112], [5.411424512300805, 51.654458023882356], [5.4150946702131915, 51.65407893563853], [5.414643285887846, 51.65570235510312]]]]}, "properties": {"type": "boundary", "gemeente": "Meierijstad"}}, {"type": "Feature", "geometry": {"type": "MultiPolygon", "coordinates": [[[[4.9877559846751005, 51.82105951126233], [4.999281662628391, 51.820867931139006], [5.000362936658762, 51.820933538210376], [5.0093431010541964, 51.81751219716117], [5.010101670037172, 51.81660853756365], [5.010306503904102, 51.813010603159206], [5.012425695931918, 51.81064823958835], [5.015969349068918, 51.808222011176575], [5.0242458631178835, 51.804770813917486], [5.0261776852426685, 51.803965109257334], [5.03859649692293, 51.80096586698433], [5.044478682453054, 51.799326232695435], [5.0481453276496575, 51.79811401423224], [5.0525784529925675, 51.795290740008795], [5.057118372494395, 51.79069542427124], [5.0610426670192075, 51.78528274910155], [5.066965347298303, 51.780553167663975], [5.069854074461344, 51.77954876181264], [5.074247870869339, 51.77907003869142], [5.078538393042338, 51.77956371752655], [5.08195265951233, 51.780712627853475], [5.08720104535756, 51.78509549429459], [5.091437101778243, 51.78693306914678], [5.095889622763452, 51.787647613255615], [5.100276887706158, 51.78715055193274], [5.104857414949791, 51.78572509894638], [5.108969549730932, 51.783578109447156], [5.116087380206519, 51.77892358867282], [5.118644725032808, 51.77781260392015], [5.1375803445593125, 51.772905176443906], [5.13964865394044, 51.77021928764804], [5.138687164859358, 51.76745272414178], [5.136349774663297, 51.76391630732189], [5.135890303594542, 51.760319572592365], [5.137652150113067, 51.75762806295617], [5.142713523153048, 51.755210025451056], [5.138112330839101, 51.75072605839611], [5.1263356606247905, 51.7450212017104], [5.125591189066012, 51.74322631131216], [5.125984268398887, 51.73962887765198], [5.126607793733874, 51.73792864480817], [5.128054496767877, 51.737606818157936], [5.126530995104427, 51.737314314705806], [5.118138371554871, 51.73570894881565], [5.101582829556983, 51.73121506563204], [5.09212421844486, 51.727583330368084], [5.081760054065844, 51.72234394463354], [5.075058090168356, 51.718876674209135], [5.0690987124472615, 51.71628112918068], [5.062456423518612, 51.71384242423594], [5.053629579712255, 51.71181736127903], [5.041760432728756, 51.71088230751469], [5.027653979056744, 51.71106094134707], [5.009451992070496, 51.712819055015444], [4.9886363704171695, 51.7168711639414], [4.96998611441406, 51.72109959263146], [4.95848350514494, 51.72262895265654], [4.94556262441657, 51.723041643194044], [4.935951817505733, 51.72242687751419], [4.921424633379926, 51.720442963521705], [4.9179902962036435, 51.7199595133562], [4.901549501099998, 51.718672560116374], [4.890030497340011, 51.719768708132726], [4.890016286304466, 51.719769995268834], [4.873054035108818, 51.71999851101657], [4.841591608548225, 51.7134497221261], [4.836903926130041, 51.71261210653244], [4.8406631116661725, 51.7163238639414], [4.846936806129649, 51.72552438075938], [4.846929672449662, 51.733552786434664], [4.849830177156085, 51.74034561888919], [4.849410501515839, 51.74482754666147], [4.852480178801431, 51.74867998980243], [4.853125209488237, 51.750748602386], [4.851327523422689, 51.7561785433045], [4.846750133981173, 51.75705674733289], [4.841880428069004, 51.756686963797236], [4.833648399372866, 51.75400606222447], [4.8280885832780545, 51.75378441360574], [4.822275197740704, 51.75385694246273], [4.81286247964285, 51.756634514414976], [4.802500824366649, 51.757586686116746], [4.7854032814059035, 51.75593312882988], [4.782448506701075, 51.76656863118677], [4.780653530500737, 51.76641921948895], [4.7787962567913675, 51.764169073462384], [4.772108684132662, 51.75932997065929], [4.763941817574672, 51.759068003180886], [4.750726379881731, 51.752289547561865], [4.747901149501378, 51.748771826274016], [4.74736317540777, 51.746622805380426], [4.737450241972898, 51.74130071638167], [4.733650398086917, 51.73650767520689], [4.721842103595269, 51.73427222618289], [4.6985528178312475, 51.72199232400634], [4.677285968845106, 51.72011049901403], [4.676303957828939, 51.72492389952648], [4.681597301339642, 51.72841899216344], [4.693262561043502, 51.73228190974651], [4.703745299261103, 51.736927772249786], [4.724591109331198, 51.74790583950672], [4.7366302752697695, 51.75556870993272], [4.740769464554477, 51.758818539859526], [4.744787656553926, 51.76348776612197], [4.750568327316688, 51.775761837862916], [4.7552391143527135, 51.781611730643064], [4.765223905171916, 51.78920867214664], [4.765982562459639, 51.78963197671709], [4.7735384257694875, 51.79332463266451], [4.797193481392313, 51.79977023113224], [4.806874993305307, 51.80033654466081], [4.828871448560118, 51.7980208679861], [4.836107645100489, 51.79783935013376], [4.845983516663948, 51.798757203276146], [4.8544126330047455, 51.80068336520406], [4.859666436975152, 51.80268457229514], [4.884641732952628, 51.81647155176792], [4.885226097412282, 51.81676984488307], [4.8894001799475815, 51.818895156308756], [4.909125616122064, 51.825377551891684], [4.918598266434141, 51.82748229155393], [4.9269858264816015, 51.828306061930604], [4.936063346754613, 51.828314603407435], [4.942436784284885, 51.827243287075504], [4.960514960906441, 51.82504222741106], [4.96963225455016, 51.82365450280688], [4.9760988342905135, 51.82263318276574], [4.9877559846751005, 51.82105951126233]]]]}, "properties": {"type": "boundary", "gemeente": "Altena"}}, {"type": "Feature", "geometry": {"type": "MultiPolygon", "coordinates": [[[[5.769297840464843, 51.752346808227294], [5.779664799041812, 51.75221158300548], [5.790533590558997, 51.75350865299506], [5.809466780802178, 51.75653348530701], [5.821494372062451, 51.757444804981944], [5.842415093851802, 51.7588115545077], [5.852148775752871, 51.75931681614266], [5.864468022937352, 51.75768112600272], [5.870797878688957, 51.755334923397065], [5.871165363911774, 51.75513762682002], [5.879559565704614, 51.74991295212086], [5.880489986858888, 51.74689143796179], [5.881608468710826, 51.741545311580175], [5.8837808997516, 51.736528988835495], [5.88397819742559, 51.73543664999846], [5.885403152893246, 51.728313499526664], [5.8879580509361436, 51.72519147777581], [5.893781667170544, 51.72206298660046], [5.899565785803998, 51.72018921573019], [5.9120008439063145, 51.7178758373492], [5.919468536188002, 51.717670751017764], [5.933783758044251, 51.71613964052732], [5.946752388962163, 51.713431452825596], [5.951828490830435, 51.71169981335956], [5.9554153893982, 51.70913076167339], [5.956253580592954, 51.70660519036522], [5.956375128545352, 51.699632266359146], [5.961394031305663, 51.687098885469645], [5.961394052311975, 51.687098831434454], [5.961887113179792, 51.685857206414454], [5.96339380477208, 51.68165722973892], [5.964585438429341, 51.67557258370276], [5.9641378487780266, 51.667496897921026], [5.963452829137603, 51.66298771433678], [5.9634808202477725, 51.65732285851803], [5.964854503467601, 51.65273161603139], [5.967468350037525, 51.649284083467705], [5.9721266821771675, 51.64577104499668], [5.976605753366045, 51.64378236660264], [5.98212076676849, 51.64251895011953], [5.996015156049641, 51.636869573729676], [6.004469390405436, 51.63177588870045], [6.0199786196912655, 51.62192041801632], [6.022658226685541, 51.6188507805819], [6.023851781088479, 51.616124641345905], [6.023782686150563, 51.6030347185979], [6.026280156371247, 51.59557613083444], [6.030722151555024, 51.591517646942805], [6.033477201544799, 51.58960991873392], [6.038658962370649, 51.584130168790104], [6.039716515194243, 51.58161523352155], [6.0394083657692805, 51.57912795757148], [6.037816819550729, 51.57411403092279], [6.037868941927611, 51.56941023802319], [6.0414513721110135, 51.56364670887659], [6.048119255368445, 51.5584617980164], [6.046423572065401, 51.55764026873662], [6.044580449225957, 51.559014552663655], [6.042864634019179, 51.558693881541295], [6.044326218286334, 51.557446779732736], [6.040911396168515, 51.55662970510562], [6.037306399023765, 51.55814853407539], [6.034319114612897, 51.55749652878666], [6.03273370589898, 51.556684474313144], [6.033686206046101, 51.55544673677392], [6.031667340647173, 51.55233808667405], [6.018210532356849, 51.56333395094243], [6.011518024753619, 51.566648374451034], [6.011517953125637, 51.56664840989024], [6.005097603103311, 51.56982427621247], [6.004251398992397, 51.57024279414082], [6.003051184092006, 51.56985075872736], [5.991268385000795, 51.56608463166957], [5.9733853504471295, 51.56106262509624], [5.952379946313133, 51.5569726288751], [5.935443512275844, 51.5535995200548], [5.917839324659878, 51.55264055183335], [5.906661225379617, 51.55203022764784], [5.891464825880298, 51.56020405058703], [5.870891159710883, 51.56264359701917], [5.838237327944308, 51.5664140788781], [5.822784323793747, 51.56829084438616], [5.8202150491382465, 51.56867318420119], [5.809579671026198, 51.57408064654189], [5.8005849813033254, 51.57862130637857], [5.788341412410398, 51.59419081252057], [5.786677425482314, 51.59820781951749], [5.7586136287050245, 51.59394611545604], [5.750477308938238, 51.622682976154486], [5.747675180463749, 51.632667577308055], [5.7425454374335905, 51.65006132042463], [5.739060434090054, 51.66184388809841], [5.735274666405311, 51.67460236271158], [5.734358281384034, 51.67762159063279], [5.713813999969513, 51.69782134049648], [5.707105734028939, 51.70442226973405], [5.699959457225371, 51.711451285632045], [5.704850235874393, 51.72132270729636], [5.709336367555059, 51.72540408584095], [5.71313835286623, 51.726414793407415], [5.711876510465343, 51.727658800604864], [5.709416833864354, 51.728571562387046], [5.711363695628357, 51.729522620801156], [5.718061965639643, 51.73110327099212], [5.718197385492192, 51.73091020075206], [5.718393500977765, 51.730973967972425], [5.7188109028479595, 51.732926022877535], [5.709862166604288, 51.73180755766308], [5.709619747375689, 51.731827814440706], [5.709647097361093, 51.73222422974611], [5.708056925992411, 51.73195839456467], [5.706095029214031, 51.7321222882289], [5.7079107195458825, 51.73658210260864], [5.6981155716714165, 51.738507088587816], [5.699901236080757, 51.74190538815203], [5.70105837054424, 51.74213284690491], [5.701425333736947, 51.74421944806981], [5.701743653006877, 51.74549447741865], [5.703487428269476, 51.750459468655556], [5.699910323133462, 51.75046845812376], [5.701087547511538, 51.75536202593325], [5.694240786318476, 51.75548808810646], [5.6908575225539595, 51.75913053332529], [5.696035180386339, 51.76133956139175], [5.70104721974229, 51.76874698957629], [5.711229297618238, 51.775033704652486], [5.721904081292732, 51.77482628610211], [5.729744713005198, 51.772850844234995], [5.73202420953215, 51.77189363790143], [5.7356809545849226, 51.7689138901402], [5.7407785808869, 51.763247690096165], [5.745237868096722, 51.75914422075653], [5.751708716502655, 51.75604287376527], [5.757957846499698, 51.75418790660257], [5.769297840464843, 51.752346808227294]]]]}, "properties": {"type": "boundary", "gemeente": "Land van Cuijk"}}, {"type": "Feature", "geometry": {"type": "MultiPolygon", "coordinates": [[[[5.701087547511538, 51.75536202593325], [5.699910323133462, 51.75046845812376], [5.703487428269476, 51.750459468655556], [5.701743653006877, 51.74549447741865], [5.701425333736947, 51.74421944806981], [5.70105837054424, 51.74213284690491], [5.699901236080757, 51.74190538815203], [5.6981155716714165, 51.738507088587816], [5.7079107195458825, 51.73658210260864], [5.706095029214031, 51.7321222882289], [5.708056925992411, 51.73195839456467], [5.709647097361093, 51.73222422974611], [5.709619747375689, 51.731827814440706], [5.709862166604288, 51.73180755766308], [5.7188109028479595, 51.732926022877535], [5.718393500977765, 51.730973967972425], [5.718197385492192, 51.73091020075206], [5.718061965639643, 51.73110327099212], [5.711363695628357, 51.729522620801156], [5.709416833864354, 51.728571562387046], [5.711876510465343, 51.727658800604864], [5.71313835286623, 51.726414793407415], [5.709336367555059, 51.72540408584095], [5.704850235874393, 51.72132270729636], [5.699959457225371, 51.711451285632045], [5.707105734028939, 51.70442226973405], [5.713813999969513, 51.69782134049648], [5.734358281384034, 51.67762159063279], [5.735274666405311, 51.67460236271158], [5.739060434090054, 51.66184388809841], [5.7425454374335905, 51.65006132042463], [5.747675180463749, 51.632667577308055], [5.750477308938238, 51.622682976154486], [5.7400595151923675, 51.6224959940085], [5.709227814174056, 51.62575325522416], [5.685924017509455, 51.62811558321049], [5.681779690391707, 51.62781626224848], [5.681458860227709, 51.62903071332681], [5.680076945544931, 51.62837782437905], [5.674277902790572, 51.62813499803281], [5.674343687886832, 51.62743805845409], [5.672739193882714, 51.627356883878214], [5.672606269920884, 51.62868844649126], [5.666590150978134, 51.62845276534363], [5.664923657858443, 51.62833903547148], [5.664710179745388, 51.62898647847553], [5.658177606071561, 51.62802991828799], [5.651342793311898, 51.62669532753088], [5.650981498938981, 51.62571131680995], [5.6355734847697265, 51.625363397512984], [5.633673006253857, 51.624785173951445], [5.626567324117126, 51.62340064654167], [5.623391164033028, 51.626659654272785], [5.6074697850468365, 51.63377725104994], [5.605627520087616, 51.632092568541815], [5.602272368849779, 51.62941332470738], [5.59873467869565, 51.63208862736724], [5.595068087243413, 51.63414828100779], [5.593171709544203, 51.63350474681], [5.58754204005441, 51.63762692861289], [5.5864333886488655, 51.64007092071547], [5.588355213626225, 51.64265317647119], [5.5867757743905715, 51.643422535435185], [5.58576459948898, 51.643869885199706], [5.583973890944898, 51.64459370064299], [5.5797463056397625, 51.64591034170573], [5.57276596527251, 51.65061221423372], [5.571650824619726, 51.65115438944188], [5.5702991027966, 51.65143394609566], [5.567408293953866, 51.65350676062033], [5.571044773087185, 51.655197521059705], [5.568909139099642, 51.65956324332167], [5.5677377147181915, 51.65933310968326], [5.566393106934401, 51.66134415561779], [5.564047335888953, 51.66147045656203], [5.561965254296759, 51.66077708129464], [5.562238560558971, 51.6631520618272], [5.565906768891154, 51.66736864174658], [5.573521904820189, 51.67708993010317], [5.573015280359233, 51.67808986767601], [5.574492132503008, 51.678384349925004], [5.576964322084785, 51.678765326612684], [5.57641166435396, 51.6799714159596], [5.5787833257481205, 51.68054568078239], [5.586863219981602, 51.683052951376546], [5.5889476019237625, 51.68481588504595], [5.5968366047755795, 51.690922348778194], [5.598855165024314, 51.69587069905997], [5.600587901930803, 51.696572737847895], [5.60022766247947, 51.698289719842975], [5.597039842544195, 51.70198731562129], [5.595435776915343, 51.70752631661842], [5.599085612119733, 51.707155062707095], [5.600064450777372, 51.70848667998583], [5.5877582279580436, 51.72595406218458], [5.580880593397783, 51.73144800372033], [5.58222440169377, 51.73274983331862], [5.579917261190409, 51.73293886205086], [5.577476544595642, 51.735760829107306], [5.576384845618472, 51.74489136365309], [5.596605355914008, 51.74741322580657], [5.597323651762004, 51.750597724874076], [5.6020295770462605, 51.75167718862297], [5.6124695685197565, 51.75477419950366], [5.615048719009406, 51.75616004188489], [5.617220528511644, 51.75520206135291], [5.620488142490151, 51.75600008988802], [5.624337977840786, 51.75651573655785], [5.626727751540189, 51.756941885789935], [5.635774892071649, 51.758324971735966], [5.633773139333657, 51.76083293623992], [5.645417725948267, 51.76289110813053], [5.6487284380302665, 51.76426570897596], [5.652546789341577, 51.761986570277976], [5.66026150659854, 51.755702148230405], [5.663505850900111, 51.754325408685055], [5.667222025888522, 51.75225614518849], [5.667692029683259, 51.75381303252954], [5.669964248442036, 51.762604304995165], [5.672259990303092, 51.76561604544073], [5.674733977302627, 51.76800950898887], [5.676275048442546, 51.764773028685774], [5.680138980652161, 51.76135321845165], [5.686104863565627, 51.759274713524086], [5.6908575225539595, 51.75913053332529], [5.694240786318476, 51.75548808810646], [5.701087547511538, 51.75536202593325]]]]}, "properties": {"type": "boundary", "gemeente": "Maashorst"}}]}