{"type": "FeatureCollection", "features": [{"type": "Feature", "geometry": {"type": "MultiPolygon", "coordinates": [[[[6.645426203108695, 52.39646577327418], [6.647626676752703, 52.395454152876944], [6.651762398566258, 52.39871661189815], [6.66416936472344, 52.38951474397201], [6.667157810612782, 52.389928674493845], [6.671896554752498, 52.388851818896605], [6.676001573390996, 52.39574934088153], [6.684423426694894, 52.39092780949285], [6.68524819249529, 52.393108488399065], [6.6911132115818415, 52.392802930768184], [6.698635936236203, 52.39374142103291], [6.697882267855436, 52.39127437456076], [6.701041345911252, 52.38564764037026], [6.703466696665627, 52.381365123902356], [6.705303318913337, 52.37813205759032], [6.70702198768772, 52.377207804657864], [6.707083883650879, 52.377184733356664], [6.7082341951382105, 52.37689549536929], [6.713465869651789, 52.376489292732884], [6.712766561518268, 52.373837563694615], [6.715350427886965, 52.367325938505424], [6.715978301183836, 52.3659493430346], [6.718049942351353, 52.36216548844648], [6.719693927304267, 52.361289072164844], [6.72056375412959, 52.35232916568031], [6.709741477136643, 52.343434580846186], [6.713641988048493, 52.34226633331141], [6.720846248268837, 52.341207494980615], [6.721011073842105, 52.340127615385036], [6.715422935582702, 52.33647820366262], [6.709447582198683, 52.33059971824294], [6.706841783573597, 52.33225867802619], [6.696954471505843, 52.32980719058985], [6.69494582313681, 52.32682280169808], [6.706891335071594, 52.32103424122718], [6.704354494527776, 52.31973617821635], [6.705837993582343, 52.31802431250365], [6.6915938441593505, 52.314234467805356], [6.692320189375073, 52.31396742208369], [6.6894819643966015, 52.309588435418604], [6.690940854019304, 52.30839085597264], [6.68363721171731, 52.306204635310834], [6.66609579749619, 52.29825185321653], [6.657520374955619, 52.29485409754498], [6.6474651285869975, 52.293710801206274], [6.626066700517336, 52.28997379713213], [6.631782834413146, 52.30177979035842], [6.6187479154759865, 52.3061754254088], [6.611104309114026, 52.30752636468014], [6.616782467399623, 52.30910176111797], [6.616054095436306, 52.3099271744739], [6.6140088847032805, 52.309841824824666], [6.614914608825978, 52.31121840625842], [6.61279666534023, 52.31256719144317], [6.610136850842591, 52.31333907404651], [6.60922201353077, 52.312472153232825], [6.604763173984211, 52.31222533505717], [6.608293647715684, 52.31590087595867], [6.612506148651402, 52.31978355738702], [6.61902075211684, 52.326145209948685], [6.617276849353239, 52.328280018169444], [6.605511392302035, 52.334496292918715], [6.598958300755969, 52.34015821468564], [6.597705250284572, 52.34290023721659], [6.6046738553472775, 52.34489800353953], [6.608244752858812, 52.34911228655229], [6.610202906653128, 52.354308835721255], [6.612403845335561, 52.355737012289296], [6.614053226979251, 52.356269109597186], [6.614933310973971, 52.35889321986834], [6.615377136744925, 52.362845059089494], [6.6153771162706425, 52.362845115031064], [6.61341059688188, 52.3651049951637], [6.610926848621329, 52.365970871614884], [6.609368056685876, 52.36654599713691], [6.598851810185946, 52.38365885636443], [6.60946445882605, 52.389545028280324], [6.614803079984131, 52.38644793042939], [6.618349229496497, 52.38843029560297], [6.6358570085118105, 52.395283524404235], [6.640179660974893, 52.399080378668565], [6.645426203108695, 52.39646577327418]]]]}, "properties": {"type": "boundary", "gemeente": "Almelo"}}, {"type": "Feature", "geometry": {"type": "MultiPolygon", "coordinates": [[[[6.747609455775317, 52.33248000198896], [6.750679789101607, 52.32966519920163], [6.753772826064111, 52.33004411269561], [6.759035974160268, 52.33206046085604], [6.76213670757849, 52.330761431485755], [6.763052309230275, 52.3280303587751], [6.773842526663959, 52.31891035557046], [6.7780563886552265, 52.318128384871116], [6.785870992085459, 52.31819071808571], [6.785149701316218, 52.31736973664731], [6.798610760546775, 52.31512979191764], [6.802129664150324, 52.31454395115282], [6.802039592048872, 52.313585830647604], [6.8018896761870415, 52.311984424727626], [6.801348326295829, 52.308650894713196], [6.8013481887180145, 52.308650765120824], [6.798157851622468, 52.30763819017488], [6.7974521868862015, 52.30670052771955], [6.794102617093699, 52.306016383949526], [6.787892936793414, 52.30497526086192], [6.788383758421275, 52.303651104884665], [6.792551328441097, 52.30038647582524], [6.7850493566786, 52.299812413167956], [6.780609099766535, 52.29696997055835], [6.779989122376915, 52.29717285830078], [6.777675730381425, 52.295093080197354], [6.775517062066676, 52.2931521794959], [6.7734462857678395, 52.292399712877874], [6.7706482807846395, 52.29221961619875], [6.770131588112713, 52.29161512101939], [6.767481300496104, 52.2922993072171], [6.767090853911594, 52.29174636881027], [6.766683505844474, 52.290518722964855], [6.7632215620061995, 52.28840519747994], [6.759341357793466, 52.288027505053705], [6.754120600638657, 52.287129780474615], [6.752962108285597, 52.28756095943875], [6.750320354156339, 52.28512062614149], [6.747496735895928, 52.28443535361876], [6.742887162405427, 52.28311314313108], [6.732892529061063, 52.28981282913593], [6.727838597588651, 52.292055261390644], [6.723698032793207, 52.29606523797362], [6.7119927624511755, 52.303667930304115], [6.701088727185478, 52.30806880223727], [6.6974609000202445, 52.30861024823726], [6.690940854019304, 52.30839085597264], [6.6894819643966015, 52.309588435418604], [6.692320189375073, 52.31396742208369], [6.6915938441593505, 52.314234467805356], [6.705837993582343, 52.31802431250365], [6.704354494527776, 52.31973617821635], [6.706891335071594, 52.32103424122718], [6.69494582313681, 52.32682280169808], [6.696954471505843, 52.32980719058985], [6.706841783573597, 52.33225867802619], [6.709447582198683, 52.33059971824294], [6.715422935582702, 52.33647820366262], [6.721011073842105, 52.340127615385036], [6.720846248268837, 52.341207494980615], [6.7344978520000165, 52.33935470939085], [6.743685533558628, 52.3361093615074], [6.747609455775317, 52.33248000198896]]]]}, "properties": {"type": "boundary", "gemeente": "Borne"}}, {"type": "Feature", "geometry": {"type": "MultiPolygon", "coordinates": [[[[6.319680688581673, 52.59917130167171], [6.322016243920559, 52.59492693383944], [6.323412488241349, 52.59252736645241], [6.32580600044839, 52.588257370319695], [6.333812988541376, 52.57386007916422], [6.335753637523693, 52.57040031001587], [6.352837673761848, 52.54013769605003], [6.358367818010438, 52.529105953659545], [6.3607223681709275, 52.526880281950966], [6.361537060764512, 52.52482163746263], [6.353266568602823, 52.522898723207355], [6.351616383995128, 52.52355177658981], [6.345752543893486, 52.52023444612961], [6.343178433211679, 52.520026326190624], [6.3380313585231285, 52.52180950352162], [6.331515520048057, 52.522074897027416], [6.332006739895219, 52.51778008630035], [6.333672353698574, 52.51557348527831], [6.332199864776147, 52.512458367455054], [6.335645949637781, 52.509080967365115], [6.336801743909167, 52.50763516009152], [6.334669587425324, 52.506835058894204], [6.343611828911147, 52.482919612602906], [6.344049205665367, 52.48172044477346], [6.344009108738129, 52.48071740160148], [6.343315611704166, 52.46885797141122], [6.342616458473461, 52.45690571864001], [6.378377302552787, 52.45641876581176], [6.371316858333501, 52.44994208501928], [6.371061330253502, 52.449711519532336], [6.372124782053845, 52.44826147593883], [6.373154615228067, 52.44685717990037], [6.376187534188442, 52.44780761527083], [6.381158002022615, 52.440199275513656], [6.38110530881887, 52.44000490178313], [6.384150263056064, 52.439435000839644], [6.380573051395103, 52.42981644033775], [6.380398966586016, 52.42779946647799], [6.368319497564437, 52.427751968092544], [6.356254816516855, 52.42910466788368], [6.355537650685043, 52.42595483164936], [6.350057976428269, 52.42640766333673], [6.349579047148824, 52.424906023661336], [6.343345501077717, 52.425310480074906], [6.343136913514049, 52.42597088757268], [6.33711008095604, 52.42772287949888], [6.334331701252494, 52.424491503169335], [6.32852328924266, 52.42805977222845], [6.318944588918446, 52.43206759640738], [6.314438803316419, 52.43302849947193], [6.303720046787077, 52.431633372496435], [6.3022635168414185, 52.4314439413372], [6.3018347363130545, 52.43522881129242], [6.291825911331559, 52.43472173864681], [6.291581187141329, 52.435884382096916], [6.291714155157065, 52.435895317257646], [6.28931637545492, 52.44380825082539], [6.289948512910183, 52.446445062986655], [6.278637717708308, 52.447440447523256], [6.278238904430615, 52.45704346664667], [6.267766557693295, 52.45951131750811], [6.256432030872385, 52.46231864193683], [6.245413815050604, 52.46387526932887], [6.2362577437347415, 52.4656170801099], [6.218724400227659, 52.464833587243476], [6.2114191452778496, 52.464854846152626], [6.206097959786087, 52.46759296764468], [6.202420357002175, 52.46874462546361], [6.199747375468516, 52.46839693819262], [6.196861178249095, 52.46854103040142], [6.19385448766198, 52.46804664524393], [6.190950303419482, 52.46844125891547], [6.186673862116168, 52.46841794234593], [6.1780225436549605, 52.470635957795984], [6.177059531992259, 52.47058153401221], [6.1744857892871785, 52.46840156332094], [6.170092679239516, 52.468922579424046], [6.162496140377539, 52.47438869732054], [6.1713234127677765, 52.477257987262064], [6.17358461151426, 52.47680317279289], [6.174727896872198, 52.478213169718856], [6.17766156803689, 52.47785669645805], [6.1770105544568645, 52.47941026971504], [6.177529881535776, 52.47982268744843], [6.182200362253294, 52.479095519940465], [6.182832848218614, 52.48080693417609], [6.189528539776913, 52.48068379056632], [6.192137096590635, 52.48172821015362], [6.193667958872448, 52.482961732497024], [6.192388461910207, 52.485615763165306], [6.193683528473407, 52.48625104563415], [6.196520477636397, 52.489679759546085], [6.2009666131165275, 52.491056770353815], [6.200167914833465, 52.490882136473175], [6.198743325985482, 52.49281722956186], [6.199946116401132, 52.493176838495415], [6.19971297155875, 52.49527454299246], [6.197912417233423, 52.49575735926498], [6.196825159421314, 52.49553464164188], [6.189088849965289, 52.49900754108271], [6.1877179470777115, 52.50055669927013], [6.184071402884202, 52.50774132527295], [6.173322407374805, 52.51883047772394], [6.182953825419462, 52.519335633913926], [6.182965225703933, 52.51944914242745], [6.18257760812682, 52.519511628368754], [6.183109690875937, 52.52088756360988], [6.186110607795321, 52.52267257020655], [6.186140107583312, 52.52268996929458], [6.187851814444694, 52.5235158346954], [6.187442164144386, 52.52477944900505], [6.19297058497848, 52.53196645937641], [6.189631442600877, 52.53616026528839], [6.1969671137346545, 52.547238122985924], [6.2108108345737545, 52.567797937228356], [6.209478585775811, 52.56852504806096], [6.205657706947031, 52.57508091249093], [6.202137907398982, 52.584948694636466], [6.224054673867898, 52.58754918706962], [6.2357396105820735, 52.58900060257712], [6.258310941524143, 52.59202071636221], [6.259130506137695, 52.59359394369197], [6.270684850688049, 52.594983085044056], [6.27477629869282, 52.59478777075354], [6.274898208406028, 52.593705008879056], [6.281273347965339, 52.59450543842851], [6.283826063067213, 52.59479541162707], [6.283348632592738, 52.595724032481726], [6.2863265533212385, 52.59621201320989], [6.287078477764768, 52.59520730075876], [6.289302276772247, 52.59549081904739], [6.303063695630609, 52.59714137290741], [6.319680688581673, 52.59917130167171]]]]}, "properties": {"type": "boundary", "gemeente": "Dalfsen"}}, {"type": "Feature", "geometry": {"type": "MultiPolygon", "coordinates": [[[[6.235133569663451, 52.31445505265879], [6.255641203183795, 52.30580333233985], [6.267238455662445, 52.30080440135171], [6.306115714027143, 52.30059721396969], [6.326529564245219, 52.30163116051497], [6.327817328734294, 52.29018237456028], [6.327823442005299, 52.29014228896708], [6.328841849596825, 52.28110257984294], [6.350537656597737, 52.271448398607546], [6.3488567460164615, 52.269891450074496], [6.350831489877398, 52.26925353389788], [6.35212662459037, 52.27082655785324], [6.35348898431081, 52.27001811096827], [6.354883835787884, 52.26920086635395], [6.352842945051798, 52.2683501025835], [6.355376248236231, 52.26726530091847], [6.356718032745595, 52.26812786265109], [6.363488346604644, 52.26420822163526], [6.363062124917139, 52.26400992795361], [6.364543357607335, 52.26315633333123], [6.364834022458687, 52.26343295306617], [6.370775379789104, 52.260006099868576], [6.372944871803646, 52.26091085042969], [6.377162592814294, 52.258680993973506], [6.377222617834272, 52.25664826382647], [6.374809872969569, 52.25629756352192], [6.37488036794201, 52.255135609049574], [6.377286836888885, 52.254396137197325], [6.376343120413564, 52.25219260457317], [6.376542290966211, 52.25134909715536], [6.377205758950064, 52.25001730776214], [6.381224783704635, 52.247396529197815], [6.3811335725865765, 52.246603246234386], [6.381851643300315, 52.246112488483575], [6.377348629701445, 52.2447496270213], [6.366851457824859, 52.241531816171815], [6.351761471999548, 52.241697904143315], [6.349651644564615, 52.24124089256429], [6.349223115932068, 52.240104485105014], [6.33805695355873, 52.236222620559495], [6.338708399242045, 52.22715256820436], [6.325434085274158, 52.22699633876694], [6.320429230855108, 52.225668792859175], [6.297942274152358, 52.22552954137204], [6.296951781727865, 52.22900091837734], [6.293035028927576, 52.229512158022864], [6.292829176497507, 52.230826922663674], [6.291705650352023, 52.23087490137104], [6.286333149114828, 52.230361725300355], [6.277234978426666, 52.227935886582536], [6.271007050194301, 52.22790969026642], [6.2712908726470395, 52.226413362451986], [6.269400398121122, 52.22645712216066], [6.2647183918960945, 52.22724754443924], [6.260835305612395, 52.22907070524581], [6.257294698076005, 52.22727596507894], [6.238451827812268, 52.22758537441157], [6.233920004170776, 52.22903521920259], [6.227766140939393, 52.229754907687635], [6.22247922568729, 52.22887306453509], [6.216480304704186, 52.23147456841289], [6.214515342781639, 52.23132509854678], [6.216948558878173, 52.22647351074577], [6.203110209456761, 52.2292691361248], [6.190140399331254, 52.22921290951948], [6.189447198246262, 52.229343342414786], [6.1891357870496835, 52.2291664868505], [6.1868567164258055, 52.23097497813752], [6.186044464097878, 52.2314519455123], [6.1859903059855865, 52.23139745737484], [6.184836822222697, 52.23181991170434], [6.184974343643591, 52.231991159295376], [6.1825311367886, 52.233825023490915], [6.178384608276983, 52.23369851171697], [6.174214466272933, 52.23278136520554], [6.16734199214619, 52.23125256330051], [6.166269116059365, 52.231013848694026], [6.163028304263235, 52.228522196527734], [6.168435926027968, 52.22727908079653], [6.167865420808315, 52.22633867776221], [6.162499887949429, 52.22791701023546], [6.165723052483807, 52.22350341608535], [6.165276592966619, 52.22284238790098], [6.1686716472400605, 52.220699235056415], [6.165963204094934, 52.217755777168456], [6.164069049416788, 52.217440764149096], [6.162616284715061, 52.2183640235125], [6.1639860098933195, 52.221646083254164], [6.162173286204593, 52.2241662679238], [6.16015339135731, 52.22522326871328], [6.156509408377654, 52.22569471454119], [6.1475102322909025, 52.22777836530454], [6.1430796945987405, 52.23161850218702], [6.1417075287235035, 52.23417229052719], [6.1422370619013655, 52.2384560315027], [6.151166856735239, 52.242532678058346], [6.153845482381153, 52.24430630616813], [6.154199640959471, 52.245868702519964], [6.153337378521492, 52.24705483854873], [6.150020678493372, 52.24831605198598], [6.149418344362021, 52.247971866050804], [6.144510221633291, 52.24712244943898], [6.143502401255784, 52.246411841311804], [6.138897134073503, 52.24768834586408], [6.1367226050346275, 52.24904100399756], [6.123865933795872, 52.251481317577145], [6.123638144460857, 52.2536880999562], [6.125145420598682, 52.25682555858781], [6.130069554405039, 52.26069156956167], [6.1274471077807915, 52.261705167271856], [6.1239076833739565, 52.26450707159752], [6.122982458276017, 52.2692556367863], [6.121109830822532, 52.27202577806948], [6.112365227656947, 52.278305249568284], [6.111267643279123, 52.280720829869004], [6.111322196502677, 52.28821102938651], [6.105865060566663, 52.29240818072561], [6.101321017959444, 52.301224987262124], [6.101462873715745, 52.30121373904599], [6.108116740617464, 52.29901470997891], [6.108365601281927, 52.29765952607761], [6.118587362234115, 52.29889290722637], [6.129976507528869, 52.30159925705939], [6.130298645906616, 52.30166586984414], [6.140395362637484, 52.30376431019065], [6.163115704327215, 52.30740926579376], [6.171857352317416, 52.30878553756916], [6.182176622594573, 52.308910911055676], [6.181551460230381, 52.31485729578525], [6.183442560398025, 52.315029329120826], [6.1900668955415155, 52.31475544486097], [6.199513740143951, 52.31598318343452], [6.202473457828467, 52.31810568842837], [6.203691472245151, 52.32028089166446], [6.205620727594651, 52.32085514313155], [6.235355202766819, 52.31982010577962], [6.235133569663451, 52.31445505265879]]]]}, "properties": {"type": "boundary", "gemeente": "Deventer"}}, {"type": "Feature", "geometry": {"type": "MultiPolygon", "coordinates": [[[[6.912128387890581, 52.28550545942593], [6.913588189964088, 52.282167845832305], [6.918747546995397, 52.283605819200204], [6.939171884868441, 52.28386914164239], [6.940987853839955, 52.28390325142702], [6.949283504420903, 52.27948866096306], [6.967817010022863, 52.268162142779516], [6.9691264947052, 52.266858887032214], [6.970923930855114, 52.25831874476823], [6.973029410435121, 52.24850323199801], [6.971646988273119, 52.24406747441329], [6.964955270045701, 52.236261974169835], [6.965890891862335, 52.23041854628489], [6.970292208545856, 52.227742796229734], [6.975208401594807, 52.22461092741148], [6.976437820319763, 52.22380232620234], [6.97666913967068, 52.223648984487205], [6.981101441708356, 52.220736850017914], [6.979700314077133, 52.21813401205829], [6.979677306374595, 52.21513565255365], [6.978494843049711, 52.21219134470745], [6.975977863590277, 52.20948566229172], [6.974086237230541, 52.20540260211887], [6.970904508973562, 52.20297945804414], [6.967397976992981, 52.19789343010609], [6.962392991640411, 52.19429833139335], [6.962283014051415, 52.193413038751956], [6.962480090800678, 52.191378588172164], [6.9512466391127985, 52.18105754160017], [6.949506802925678, 52.18050428096381], [6.937884871516499, 52.17946676119292], [6.933742839612747, 52.17844788347259], [6.915630287777781, 52.17761352985213], [6.909553171752984, 52.17644923357621], [6.906747532971554, 52.175067518183205], [6.905882092259139, 52.17386969087788], [6.905721380977205, 52.16991476427265], [6.889751544133123, 52.16120540261546], [6.869866526111442, 52.162692856361254], [6.827991727149879, 52.17100606346604], [6.814278312603763, 52.17086066136354], [6.8055950428538035, 52.16660605475085], [6.788173469140949, 52.17629239825853], [6.776600890732834, 52.18430536601109], [6.766801312622544, 52.19106459669083], [6.766324524139963, 52.20313838792061], [6.7596243486217995, 52.21003449104558], [6.7558936949468364, 52.21739552691467], [6.76905609765647, 52.22701242024614], [6.7651910294038835, 52.23313722097501], [6.768097620188898, 52.2347803077268], [6.768322083627326, 52.23491147243276], [6.77443464557429, 52.2384559405628], [6.788582284457593, 52.235227166494106], [6.802363660264561, 52.2320807120444], [6.813754844577159, 52.2294822648662], [6.8184524841422975, 52.241005366128405], [6.8195394104250004, 52.24365663109209], [6.824298962551013, 52.2465178223968], [6.827058915041207, 52.24818112584959], [6.842563092174698, 52.25390876230407], [6.840288663808898, 52.26108552345272], [6.840702055839362, 52.262076197229476], [6.8433526625660654, 52.26369615219753], [6.843515485724437, 52.26659218995622], [6.840278322361877, 52.26907655042938], [6.831847754523658, 52.27345122817971], [6.837846971089028, 52.2766318670442], [6.840492497583416, 52.27631113374769], [6.868328382078631, 52.272961375478026], [6.876495996540304, 52.27472441272577], [6.8812433574436245, 52.27935525065754], [6.880021385529487, 52.28140369029055], [6.883262778097756, 52.28221252981188], [6.883208537219964, 52.283170212081444], [6.887812611458785, 52.283451783323784], [6.889568185831837, 52.280977659140945], [6.890216864115268, 52.282204162296544], [6.895374687860111, 52.28382637366908], [6.912128387890581, 52.28550545942593]]]]}, "properties": {"type": "boundary", "gemeente": "Enschede"}}, {"type": "Feature", "geometry": {"type": "MultiPolygon", "coordinates": [[[[6.712388376071088, 52.20633127022291], [6.763678592982196, 52.191897559231485], [6.766801312622544, 52.19106459669083], [6.776600890732834, 52.18430536601109], [6.788173469140949, 52.17629239825853], [6.8055950428538035, 52.16660605475085], [6.814278312603763, 52.17086066136354], [6.827991727149879, 52.17100606346604], [6.869866526111442, 52.162692856361254], [6.889751544133123, 52.16120540261546], [6.88045942374873, 52.1560090140829], [6.881961575956272, 52.15597596287796], [6.873302144224979, 52.13297338787542], [6.873459591118262, 52.130283204430334], [6.867089330788978, 52.12807084021158], [6.855474867679922, 52.12046165554822], [6.843199416400585, 52.11919665394531], [6.822711059020611, 52.11840387607739], [6.763626347108372, 52.11876287945513], [6.760572717042289, 52.11877971335969], [6.739506113157738, 52.11855625487788], [6.739493326494231, 52.11810461074084], [6.716272580583874, 52.11827030203153], [6.7112900837715666, 52.11970814813683], [6.697810232726479, 52.12355361677546], [6.677690787301691, 52.12595894192603], [6.672556396056634, 52.12737029651946], [6.6630036444168494, 52.13000107697105], [6.6684093089529135, 52.13661472084694], [6.672613296941824, 52.13930999183705], [6.674395120999092, 52.14277449677276], [6.673748579978916, 52.14828664531384], [6.671309571288515, 52.15045816451222], [6.6726791742839815, 52.150507402773655], [6.673819758896663, 52.1521036736515], [6.672429073289895, 52.15303174694937], [6.673095374976909, 52.15475334822136], [6.670610571640076, 52.15642037626106], [6.6739144924331475, 52.158814450319376], [6.673640746028828, 52.15986238033165], [6.6731473197208055, 52.16011893952768], [6.674067109573249, 52.161243512733115], [6.672784806708854, 52.16137911943721], [6.673397782814948, 52.163239752201264], [6.671973889905345, 52.1649272854941], [6.67133933832887, 52.165683252546394], [6.649212180714993, 52.17287856682148], [6.645041079903558, 52.174194341720884], [6.647294462054715, 52.1768953598709], [6.642755354578688, 52.1814471890321], [6.641391742019999, 52.18090628491437], [6.640123925287054, 52.181280585382936], [6.634454160355945, 52.18595527202429], [6.630806773066768, 52.18629861745513], [6.624484760812943, 52.188879356905936], [6.653082381261428, 52.19370071994302], [6.672050940026797, 52.19818668966929], [6.675646855297575, 52.197913017526666], [6.683776631010888, 52.19729388972901], [6.69749467009668, 52.19624788221647], [6.70427974705419, 52.19923542173293], [6.712388376071088, 52.20633127022291]]]]}, "properties": {"type": "boundary", "gemeente": "Haaksbergen"}}, {"type": "Feature", "geometry": {"type": "MultiPolygon", "coordinates": [[[[6.702005226450593, 52.62726722729629], [6.706417785799167, 52.62700451377683], [6.710053796810926, 52.62782047651809], [6.710146002471145, 52.62731511910358], [6.71301306911734, 52.62678887045911], [6.722970331412554, 52.620316628522524], [6.727289478635296, 52.614928149465634], [6.7209741684482855, 52.59835191331098], [6.720718158619956, 52.59628216419729], [6.721574645845009, 52.59487457238073], [6.719938682649375, 52.59321606372386], [6.7187723677693505, 52.58863636459136], [6.746683116483838, 52.574017825722784], [6.766660737107169, 52.56353318323508], [6.766692861973928, 52.56163735245781], [6.764046408764684, 52.561584747369984], [6.752273245228737, 52.55903931314409], [6.740104106608312, 52.56205392031884], [6.734372199670109, 52.56176289972019], [6.726646991696958, 52.56305805037151], [6.720960461768196, 52.55294764736453], [6.720586023964157, 52.552578150114556], [6.720176115437495, 52.55257506101627], [6.720200784159059, 52.552193537946096], [6.719900805571266, 52.55192589306911], [6.71999702084656, 52.551670238060865], [6.718186316010246, 52.55097293843867], [6.716236720005114, 52.550327771719374], [6.716242230590818, 52.549748794426414], [6.71594811704864, 52.54917771171073], [6.716265121581406, 52.548525307481036], [6.697654906906667, 52.55104472799567], [6.685335774093372, 52.55271555428329], [6.685351647864637, 52.55274038471091], [6.685071546248297, 52.55281283762028], [6.685030275863378, 52.552756970700756], [6.68476707743938, 52.55279265183713], [6.684790577178237, 52.552860851476986], [6.684547656125368, 52.55289397768594], [6.684523302967033, 52.55282569914544], [6.683958392036931, 52.55290227923034], [6.680880867901048, 52.5533179872734], [6.694319900709826, 52.53557209069163], [6.705333476823841, 52.52100809062072], [6.697585615896373, 52.48629871112014], [6.693486357327511, 52.48632759720139], [6.673405568937608, 52.49351429915222], [6.6693023232852795, 52.494981353935], [6.662973106325372, 52.49233654046745], [6.65366007961884, 52.48783284322047], [6.654579245077648, 52.48271590172918], [6.647460645281468, 52.47861472135949], [6.6511012469949495, 52.47515742715775], [6.649556612175363, 52.473090537837656], [6.641542235097517, 52.47124454132581], [6.640585465627312, 52.473105844275885], [6.63562166142744, 52.47164794141909], [6.631217818975654, 52.471973324325404], [6.626821847290938, 52.47383202290334], [6.62260805367153, 52.47147603880794], [6.616571467713431, 52.469369320611726], [6.613002373343757, 52.46560402850493], [6.611422195691929, 52.466865708931635], [6.601036051276299, 52.47947112144364], [6.595189142470273, 52.480304204724575], [6.600171394113367, 52.48515510127632], [6.609644611727969, 52.49250574977534], [6.588502100983775, 52.50133682377113], [6.58788161573771, 52.50162023831185], [6.579039906457998, 52.505446186451486], [6.572912793523567, 52.50806880490981], [6.572803563432191, 52.50811916174133], [6.566502450641637, 52.511600627955254], [6.565931360912728, 52.511686324350975], [6.565713638605485, 52.51201799268461], [6.565031755558916, 52.51221847994329], [6.564490561159598, 52.51244772763796], [6.563731519526005, 52.512440518944715], [6.561352048781763, 52.5128967865838], [6.560020156466282, 52.51464547937737], [6.560940539719206, 52.515483145322705], [6.564005290658848, 52.514470736299614], [6.5657166485181175, 52.514768778204356], [6.5670790624053765, 52.51690456289892], [6.56542447767807, 52.518396436444455], [6.561050571182899, 52.519792843536116], [6.559282612691146, 52.519311485774224], [6.556602868523617, 52.5163526177135], [6.555067768416715, 52.51581137397017], [6.554886979962089, 52.515281776596524], [6.555922599348549, 52.51460969567112], [6.556678922840354, 52.51326157656491], [6.553546479975071, 52.51250136848136], [6.550389085384254, 52.51482985974922], [6.545760344897761, 52.5159862213524], [6.545651869995514, 52.516713148809984], [6.546627073110753, 52.518541597636485], [6.544773713622591, 52.519071384784965], [6.542601300131383, 52.51890282003313], [6.54121829584728, 52.519120667817596], [6.542753568734423, 52.52091841454523], [6.54034933939434, 52.526710846736975], [6.5344579146720765, 52.52864869769466], [6.532882913418486, 52.531289702860555], [6.530966565672587, 52.53546054946176], [6.529660319484197, 52.54628690277941], [6.527687645636766, 52.5498562750667], [6.5266809008578415, 52.551697751561505], [6.521827343959531, 52.560586381784745], [6.504939194190231, 52.575885899901735], [6.496739394643421, 52.57161234749481], [6.488356033899961, 52.56900148838412], [6.470142304796389, 52.56893518991984], [6.4470748680190955, 52.569254927795015], [6.444550967155819, 52.56930387962849], [6.438071528277483, 52.5693748113923], [6.4323476784762645, 52.5708851407312], [6.427296188275025, 52.57117995555531], [6.415015341605296, 52.570012510865126], [6.40987953287297, 52.578923849691606], [6.402644597629422, 52.59140304481696], [6.399433852613305, 52.59138958682999], [6.392750868615439, 52.59126779365244], [6.373951415232181, 52.591589910887805], [6.36150962744902, 52.59185473124286], [6.323412488241349, 52.59252736645241], [6.322016243920559, 52.59492693383944], [6.319680688581673, 52.59917130167171], [6.303063695630609, 52.59714137290741], [6.314748427508087, 52.62779178646895], [6.324175417000797, 52.65201617653298], [6.324177310341245, 52.65202104861478], [6.326241744260124, 52.657353714818704], [6.327797879739657, 52.65869326563016], [6.331200930418192, 52.65716164480178], [6.334003046198477, 52.65469935873284], [6.341719751489148, 52.653686076027356], [6.3435964447782744, 52.651158271386684], [6.355987677641784, 52.645894623770836], [6.359440889048185, 52.64551909784158], [6.364102441429439, 52.64314209220435], [6.363907191652505, 52.63837642864302], [6.3664080426689695, 52.63745375746299], [6.3690516467929, 52.63563968902915], [6.368619756830172, 52.6335419598635], [6.369515704115556, 52.631901560836226], [6.374590305194988, 52.628487100581], [6.375183832514125, 52.62602879933551], [6.37361840370915, 52.62332673396547], [6.3772394247289474, 52.62001376130634], [6.376510443946795, 52.616924226932234], [6.3802527529674, 52.61502170035594], [6.38204833042489, 52.61564578479174], [6.384084271540369, 52.61225042416034], [6.386778258185041, 52.613620272653996], [6.391522300772958, 52.61451969403044], [6.393845675380397, 52.6172337618842], [6.3963181388380645, 52.6177802531001], [6.401248161011533, 52.616274507604345], [6.403720369895747, 52.61625450358654], [6.406761002109574, 52.61794233570443], [6.40589389721018, 52.618709110840214], [6.4062177850675885, 52.62041939316117], [6.409975585472763, 52.621603905618194], [6.411164299900106, 52.62082425632656], [6.412049250119485, 52.619868814586354], [6.416150331981492, 52.618667972983516], [6.418232367089628, 52.61904601202935], [6.420397966338913, 52.62239040747834], [6.426886632161364, 52.624638707164], [6.426036850960653, 52.62651285200195], [6.428176683896043, 52.628188798997954], [6.431326360585119, 52.62836985749253], [6.432992439342228, 52.627765340244714], [6.433803279478488, 52.62640950163479], [6.434934581052208, 52.61928582598417], [6.438253692639339, 52.6171491067149], [6.442218111763689, 52.615720461792584], [6.443070093418181, 52.61618730274443], [6.453477250414074, 52.61395594997647], [6.460707833646119, 52.61699170572572], [6.464094981019436, 52.62383839844155], [6.467219121540221, 52.6242786637588], [6.469965521086945, 52.624985951577386], [6.472369091815702, 52.62457953102496], [6.472991331650763, 52.62226581571158], [6.478016567172596, 52.618631580728504], [6.480085508599512, 52.618352524483115], [6.483895913368871, 52.61907684552846], [6.490902905738448, 52.61915603638115], [6.505028915984012, 52.61686043432825], [6.509307573155547, 52.61479533087059], [6.511676118195682, 52.61404114914752], [6.512027370921343, 52.61364997321414], [6.518533247221984, 52.61408107864132], [6.518247538124786, 52.616468495940275], [6.517866311217739, 52.61891821090745], [6.514014322272489, 52.64527222558312], [6.5138620089857024, 52.646293976704705], [6.52928439709034, 52.65445293123534], [6.52928865659823, 52.65445518347121], [6.529381286033444, 52.65450748745334], [6.547746583432735, 52.66397149808128], [6.552822093860303, 52.665595090193115], [6.581020163793578, 52.66946873337588], [6.603801610327253, 52.672585421702976], [6.6129809214685595, 52.673838359716285], [6.614527582931608, 52.67404934556954], [6.629453980436617, 52.66968831206111], [6.646744723976251, 52.66463818336036], [6.655651544878788, 52.662033756257884], [6.682509857194434, 52.65417862837841], [6.685849289813224, 52.653479326206224], [6.685850611002136, 52.65347904962646], [6.70141556194669, 52.65022199138448], [6.708334684809047, 52.64875904080431], [6.708025629829678, 52.647720895798166], [6.705529217009804, 52.645652218761626], [6.70538380080454, 52.64332099695738], [6.702066627101693, 52.64246647463304], [6.701169371519002, 52.641668529884775], [6.702170992355918, 52.6410838097335], [6.705698573006191, 52.640890457796054], [6.706526171209265, 52.6395423134654], [6.703498369643172, 52.63523272400227], [6.704523460499685, 52.633139604754746], [6.7009115533160015, 52.62940096604902], [6.700861107900968, 52.62832041063431], [6.702005226450593, 52.62726722729629]]]]}, "properties": {"type": "boundary", "gemeente": "Hardenberg"}}, {"type": "Feature", "geometry": {"type": "MultiPolygon", "coordinates": [[[[6.475052426375365, 52.44108392156466], [6.475309889317151, 52.44100309541898], [6.479726460200042, 52.441158384373445], [6.480343704999294, 52.44033317608599], [6.500229879741305, 52.43829513422795], [6.510902023231436, 52.437173920082316], [6.517757113418233, 52.437794912328684], [6.51850557307821, 52.43940264458964], [6.52116331353348, 52.44027129695381], [6.524503943082428, 52.43976098437808], [6.5284045266182344, 52.44066509844592], [6.530527027106348, 52.44329932488489], [6.530171678749507, 52.44497101828746], [6.531037442228581, 52.44621874809527], [6.537914820551911, 52.449752569764705], [6.542995708565947, 52.45122711031919], [6.546515503997749, 52.45057757529433], [6.55534794034993, 52.44884509298998], [6.558642178772334, 52.44886957562463], [6.563356348790752, 52.445828546975505], [6.566327803712391, 52.44681903894672], [6.566840003499617, 52.44627817537748], [6.570523252955268, 52.44752276892094], [6.570048729144071, 52.44807137081593], [6.5710459941974975, 52.44839633746186], [6.571633746931058, 52.4465044536327], [6.572785816483686, 52.446888750313505], [6.5748452447561805, 52.44757902485786], [6.583593149400688, 52.45051569814246], [6.596387640572225, 52.4548085864856], [6.597004266404796, 52.44940307952977], [6.5981484739489265, 52.43903007523542], [6.588190731833773, 52.43415274134018], [6.584943228419628, 52.431773288543724], [6.573351754445945, 52.4233150153154], [6.572470282244573, 52.423315689586666], [6.575952709714887, 52.41751414127949], [6.5160138524023345, 52.40612857350474], [6.510225124542232, 52.39531728718243], [6.5085392911841335, 52.39215261356246], [6.513790284493338, 52.38170245426991], [6.512606986098634, 52.38183992302366], [6.495516644521656, 52.37618064004023], [6.49607815886994, 52.36794315852682], [6.499058899505616, 52.36356218549099], [6.512439446461042, 52.362569741907244], [6.512349689940028, 52.36191974072732], [6.520793106900329, 52.36141519703414], [6.518872826903491, 52.355161407983246], [6.508410639168502, 52.35520718310038], [6.506663439296659, 52.35527662999094], [6.505839600627083, 52.352450374049965], [6.501172365379513, 52.352852886983534], [6.495978025626752, 52.349954697980685], [6.490795254848653, 52.34935553581376], [6.489133734596977, 52.34595490795521], [6.4866088045377275, 52.34520881999795], [6.488144875284413, 52.343595616208866], [6.487992848812144, 52.34350005239363], [6.486467720513273, 52.34256171822322], [6.468189463937832, 52.32646227122263], [6.460919817148834, 52.32005859353471], [6.447541505111895, 52.32212881137925], [6.4297328256682835, 52.325061488469245], [6.421895879058272, 52.32568988264893], [6.415835863195477, 52.32499595492976], [6.397649383385887, 52.322725935682215], [6.3711069887235, 52.319945819993485], [6.356015359116978, 52.318218467358996], [6.350176934780456, 52.32406234894417], [6.342387644351824, 52.33316899269458], [6.3362060447853645, 52.34651590311811], [6.333501733205253, 52.351398175244476], [6.335939304553204, 52.35620859770061], [6.343082244671512, 52.37003197103051], [6.357262367752364, 52.37703061640426], [6.382474844123445, 52.38064938950907], [6.3886492919211815, 52.38031267377314], [6.39447068426135, 52.392207023681785], [6.401364689008573, 52.40632773625752], [6.40516984524439, 52.41554184897478], [6.390315435099748, 52.4281448086491], [6.428777428174362, 52.43868778367902], [6.438408617635622, 52.44402538389536], [6.438619614968398, 52.44579836903181], [6.438379693667675, 52.447563534779775], [6.4425159960773275, 52.450071065645304], [6.444382146129067, 52.45461588270739], [6.441781943046494, 52.455250381386215], [6.442960021407625, 52.45693018732629], [6.4456282026495035, 52.46091938162355], [6.447423799408609, 52.461698584595815], [6.450098491790096, 52.46125685678751], [6.448760209651445, 52.46113127686902], [6.448549822354164, 52.460307873036996], [6.453489805281455, 52.460022577565624], [6.457355734208014, 52.45498626105827], [6.469233259969573, 52.44499716444676], [6.473686082647163, 52.442896569176185], [6.475052426375365, 52.44108392156466]]]]}, "properties": {"type": "boundary", "gemeente": "Hellendoorn"}}, {"type": "Feature", "geometry": {"type": "MultiPolygon", "coordinates": [[[[6.807816659597664, 52.31309097382302], [6.809335585101247, 52.31036259445617], [6.812252201884284, 52.310887025135294], [6.823337036340017, 52.30875924633314], [6.825692309782029, 52.30639983528545], [6.823896440337693, 52.30442356245365], [6.8211709206085125, 52.3024809539292], [6.8199855433479915, 52.30241909245922], [6.819790558909459, 52.30148754739489], [6.8192379364885705, 52.30144800446634], [6.819143642950125, 52.30083894902835], [6.8205044955274285, 52.298535033273566], [6.823069111586438, 52.297096764831956], [6.827891210430473, 52.29552187989241], [6.827902814812968, 52.29486196547898], [6.831187112404056, 52.29397889849421], [6.834932384869669, 52.294141176067214], [6.836635812613922, 52.29323774943358], [6.8384010150376255, 52.29336882913351], [6.839467705896827, 52.29312054745613], [6.83959088520044, 52.293303272435416], [6.843203327242998, 52.292447954572154], [6.842699081101721, 52.2917463976807], [6.846375936608587, 52.29140162679452], [6.847800326782919, 52.28991557677539], [6.851595938395586, 52.28592343844534], [6.852389618605375, 52.285200789364104], [6.852489593373539, 52.28486989532946], [6.850305339599261, 52.284131120704714], [6.851182230212521, 52.283206877030594], [6.850646252162555, 52.28297156724143], [6.852015107073318, 52.2820591204479], [6.845761681590125, 52.2797585792232], [6.846663992288241, 52.27945989199149], [6.847570962195524, 52.278583453264936], [6.840492497583416, 52.27631113374769], [6.837846971089028, 52.2766318670442], [6.831847754523658, 52.27345122817971], [6.840278322361877, 52.26907655042938], [6.843515485724437, 52.26659218995622], [6.8433526625660654, 52.26369615219753], [6.840702055839362, 52.262076197229476], [6.840288663808898, 52.26108552345272], [6.842563092174698, 52.25390876230407], [6.827058915041207, 52.24818112584959], [6.824298962551013, 52.2465178223968], [6.8195394104250004, 52.24365663109209], [6.8184524841422975, 52.241005366128405], [6.813754844577159, 52.2294822648662], [6.802363660264561, 52.2320807120444], [6.788582284457593, 52.235227166494106], [6.77443464557429, 52.2384559405628], [6.768322083627326, 52.23491147243276], [6.768097620188898, 52.2347803077268], [6.7651910294038835, 52.23313722097501], [6.76905609765647, 52.22701242024614], [6.7558936949468364, 52.21739552691467], [6.7596243486217995, 52.21003449104558], [6.766324524139963, 52.20313838792061], [6.766801312622544, 52.19106459669083], [6.763678592982196, 52.191897559231485], [6.712388376071088, 52.20633127022291], [6.702039720384617, 52.21682138176969], [6.703240066332794, 52.21944192815304], [6.712140330030922, 52.226028771764085], [6.717088474395228, 52.24098022203008], [6.718800457045681, 52.23917583518482], [6.718774936079855, 52.2378638163716], [6.720828531144993, 52.23802151988522], [6.721509367647156, 52.23915081653718], [6.720056025175067, 52.24374196237869], [6.717927347946962, 52.24351396081734], [6.719616991667387, 52.24861639579772], [6.723591027241235, 52.252011111172536], [6.724282076116351, 52.25270553048915], [6.729370980481986, 52.25254908189774], [6.748845217771647, 52.25173185364166], [6.752960219014173, 52.2523692082631], [6.7507529621169535, 52.26115714398926], [6.748981761468598, 52.26528609904026], [6.747915202837919, 52.26685381252064], [6.748821402281441, 52.26708542260432], [6.749398337969144, 52.269384601471735], [6.748564900177116, 52.27016634219773], [6.749368622141781, 52.27101598041659], [6.74813552260226, 52.27604842404454], [6.74576692861126, 52.28013047077405], [6.744232918668869, 52.28171450623557], [6.743607013524913, 52.28154697332689], [6.742898322921664, 52.28309251695455], [6.742887162405427, 52.28311314313108], [6.747496735895928, 52.28443535361876], [6.750320354156339, 52.28512062614149], [6.752962108285597, 52.28756095943875], [6.754120600638657, 52.287129780474615], [6.759341357793466, 52.288027505053705], [6.7632215620061995, 52.28840519747994], [6.766683505844474, 52.290518722964855], [6.767090853911594, 52.29174636881027], [6.767481300496104, 52.2922993072171], [6.770131588112713, 52.29161512101939], [6.7706482807846395, 52.29221961619875], [6.7734462857678395, 52.292399712877874], [6.775517062066676, 52.2931521794959], [6.777675730381425, 52.295093080197354], [6.779989122376915, 52.29717285830078], [6.780609099766535, 52.29696997055835], [6.7850493566786, 52.299812413167956], [6.792551328441097, 52.30038647582524], [6.788383758421275, 52.303651104884665], [6.787892936793414, 52.30497526086192], [6.794102617093699, 52.306016383949526], [6.7974521868862015, 52.30670052771955], [6.798157851622468, 52.30763819017488], [6.8013481887180145, 52.308650765120824], [6.801348326295829, 52.308650894713196], [6.8018896761870415, 52.311984424727626], [6.802039592048872, 52.313585830647604], [6.803230715430536, 52.313436581937516], [6.807816659597664, 52.31309097382302]]]]}, "properties": {"type": "boundary", "gemeente": "Hengelo (O.)"}}, {"type": "Feature", "geometry": {"type": "MultiPolygon", "coordinates": [[[[5.796301361983074, 52.59228549281511], [5.797744617454008, 52.59077107695628], [5.79237045604292, 52.59116681554758], [5.789107880482112, 52.59183887572102], [5.788079481896145, 52.592123520588025], [5.787712184687716, 52.591545612678814], [5.7881507827528145, 52.590760276871556], [5.788993013942604, 52.59031643911875], [5.790861895926886, 52.58923129195419], [5.7911985605403276, 52.58778674411553], [5.7903324381648655, 52.58739007437425], [5.788998313960927, 52.58820865621829], [5.78859917226921, 52.589336782476266], [5.785751818714564, 52.59103949029652], [5.785526962598095, 52.59253492692497], [5.787352377903224, 52.593127112557305], [5.790614792394786, 52.59213521126335], [5.792560823816257, 52.5927425928771], [5.793693434948343, 52.59347330452449], [5.796301361983074, 52.59228549281511]]], [[[5.806662393307144, 52.59074267790905], [5.808611990596056, 52.5902555869762], [5.8110515561783584, 52.591453395829554], [5.810952159781283, 52.592714147096636], [5.8118218560838715, 52.59357170492618], [5.817049073654347, 52.59170162267073], [5.812106907507092, 52.59123297986231], [5.8107720236172415, 52.59002324984299], [5.8078310925815115, 52.589130530865596], [5.802097464545188, 52.59173265576113], [5.800526537463562, 52.593771901459085], [5.80003562466174, 52.59544286659715], [5.800354072069129, 52.59699512205238], [5.802065940842291, 52.59730048963599], [5.80586516885449, 52.596291740716005], [5.808244592783002, 52.5943055605403], [5.807305688857012, 52.59338918702866], [5.807221486573291, 52.59283804293858], [5.806662393307144, 52.59074267790905]]], [[[5.8339581950141906, 52.60728643107918], [5.833941071628959, 52.60606405865041], [5.834101808878958, 52.605514439070085], [5.828530029242306, 52.601907599450804], [5.82790308148723, 52.60151032282367], [5.826644093116058, 52.600521695287526], [5.825764431682024, 52.59920148422943], [5.826097848787914, 52.59680054601972], [5.828343943372344, 52.59439420083556], [5.829688526841756, 52.59300906017902], [5.824986664932153, 52.593186296739184], [5.822128246797527, 52.59427160228912], [5.820470514916599, 52.595673025615746], [5.818221976508862, 52.59614237324799], [5.816278935374268, 52.597326443501466], [5.81305543997127, 52.598097627814965], [5.809878262642195, 52.59790533244288], [5.808326189019285, 52.59924659512954], [5.801741287062629, 52.60272112002482], [5.801258798524019, 52.60488565458959], [5.802711279096438, 52.606215663561436], [5.808475908890041, 52.607319752339436], [5.810753168959319, 52.606850292464074], [5.812912760490787, 52.605602609097154], [5.814633888745473, 52.60447330075156], [5.816150252588162, 52.60439933459794], [5.816595965232618, 52.60567790631355], [5.817591584913293, 52.606708785619574], [5.819242223396474, 52.60689273662438], [5.821119580247177, 52.60699911877143], [5.822251693653071, 52.60723393248392], [5.824727364326402, 52.607050524920304], [5.828566382268771, 52.60691403527964], [5.831468995458176, 52.60702676257182], [5.8339581950141906, 52.60728643107918]]], [[[5.962260187534713, 52.62439903305888], [5.9768557245877005, 52.62215392875706], [5.981884032344332, 52.623155276915824], [5.986498310291924, 52.62317525834676], [5.987951351991642, 52.62407116060677], [5.991746785745632, 52.621747516092164], [5.991309995073556, 52.6144298981922], [5.981246048752517, 52.60589428147014], [5.972721659194249, 52.59553762104489], [5.9713427545383855, 52.594157234841745], [5.972414574002078, 52.592554766683314], [5.972625104741727, 52.59145807040709], [5.973010821534097, 52.59090263694265], [5.982942153052215, 52.577513737108816], [6.012689013483289, 52.585636402063656], [6.012889448321908, 52.58611406705079], [6.0330386663049484, 52.55940361898338], [6.003620290379968, 52.55039162345162], [6.006986187677899, 52.54553734323497], [6.019653789818446, 52.541894490303626], [6.030455401048197, 52.53806113404178], [6.030088165868457, 52.53082450199548], [6.030171648888933, 52.52675467783993], [6.025013257952507, 52.526296954421525], [6.023644177788298, 52.527365992663775], [6.018974591576878, 52.52600672108634], [6.01551114686217, 52.52277169469065], [6.014765916339874, 52.52045733083738], [6.015066809980442, 52.517909475205755], [6.0188082642993095, 52.51387973063701], [6.0278585984991215, 52.509606592105555], [6.02534758766852, 52.506573721138196], [6.022852506244997, 52.50533226661953], [6.019338659122658, 52.504827866130306], [6.015081498788418, 52.5059631487748], [6.014543722790961, 52.50577478332378], [6.012368574603482, 52.50594011916151], [6.007611088927533, 52.50426036938213], [6.000789529559911, 52.500149146905876], [5.991723526449459, 52.49389908804385], [5.983162744156272, 52.48897596654152], [5.9718096661750115, 52.48125232887266], [5.965310033837613, 52.47644457091175], [5.958302035022137, 52.48406316930833], [5.951452565729464, 52.484132896703954], [5.946123065735856, 52.48203972512839], [5.936880895049499, 52.476499145889264], [5.936354092392929, 52.476584803488194], [5.935774646926343, 52.47722589569151], [5.93541072169933, 52.47739212465023], [5.925560439431272, 52.47405765978132], [5.920852940680545, 52.48255486722003], [5.910229970296166, 52.497194717141966], [5.901582426577187, 52.5056792037301], [5.887278081931568, 52.51690624961877], [5.878911220133765, 52.521673347494584], [5.876206871494061, 52.522025084808604], [5.8658027671014175, 52.51865815674718], [5.865855694123231, 52.51998905104894], [5.864402598989454, 52.52053985624427], [5.863513197360226, 52.52035459016131], [5.8628590977989825, 52.520906310775416], [5.862738069397051, 52.52213614818491], [5.863667477609302, 52.522870141958336], [5.86360770893158, 52.523811359559524], [5.862819335394386, 52.52611670469075], [5.862161559242575, 52.52764762232466], [5.861477800373798, 52.52852125182179], [5.862412871699133, 52.530338900129934], [5.861780471527944, 52.533198525999275], [5.860655989934804, 52.53431359679009], [5.8604198119575, 52.53617235486735], [5.861956519350288, 52.537278226619755], [5.861782314832925, 52.53737086284246], [5.860822572630245, 52.537098268518186], [5.860310521231135, 52.537440179412776], [5.862525610401018, 52.53812116187224], [5.862257470630701, 52.53842941782737], [5.860702810091781, 52.53851065494042], [5.860563704304215, 52.537931990166925], [5.860358527197327, 52.53792879089958], [5.859754685382103, 52.538914198331405], [5.859350994121827, 52.54226651277093], [5.858437901992838, 52.54281985722517], [5.858031049632909, 52.542769217755094], [5.857860937304874, 52.54294601089411], [5.858128146583492, 52.54346014704773], [5.8569518935667375, 52.54402723744685], [5.857871083145027, 52.54460458608449], [5.857722815446795, 52.54518145140987], [5.85760226906601, 52.54565040343671], [5.857693401219666, 52.54583938062297], [5.857272762801709, 52.5464247393827], [5.857860958164923, 52.546830689444576], [5.858578126594987, 52.54695310856339], [5.8585355908379855, 52.5472969785314], [5.858223712699752, 52.547537441337504], [5.857351962150347, 52.547390462576075], [5.856774950990898, 52.5498847277608], [5.856621658686601, 52.55108560940874], [5.856171313362683, 52.551359714481286], [5.857209948231639, 52.55284349115922], [5.8569714458959155, 52.55294959531144], [5.855535640194414, 52.55133705988565], [5.8533364466200055, 52.552525741077275], [5.852739416468902, 52.555616786546075], [5.842094370686966, 52.562951786907], [5.839919437953021, 52.569712017907385], [5.832131731721801, 52.576884032615624], [5.82696079278389, 52.57873292640981], [5.824646696685428, 52.57959529875623], [5.81970767362575, 52.5801244555549], [5.814315039674412, 52.5824314026249], [5.8142703639515245, 52.582781786173896], [5.829687023066399, 52.58245855945018], [5.839533165837613, 52.58156305012114], [5.839722390571367, 52.58225869062334], [5.838862326741367, 52.583060510325765], [5.829843281697166, 52.583758559390304], [5.805556895798481, 52.584224347720756], [5.815115732602818, 52.58835911766658], [5.819931408696805, 52.589002984164715], [5.819840446133314, 52.587920875908516], [5.814145423259929, 52.586864506796424], [5.813937419529566, 52.58587052754842], [5.814376616102338, 52.58493813365756], [5.817287734711265, 52.58465605420482], [5.82004489745794, 52.58640615869933], [5.821954745679071, 52.586753615600045], [5.828542181242841, 52.587109276483766], [5.833603176151942, 52.585723193425], [5.839124253470292, 52.583329903165705], [5.83992510431266, 52.58279083885852], [5.841627176359778, 52.583811848983004], [5.833911543644928, 52.588671841302116], [5.831709693010355, 52.59151042516132], [5.835618614670122, 52.596282722195646], [5.835084317483059, 52.59717147660967], [5.8321494276647, 52.59784777662603], [5.831958024771649, 52.59998323184039], [5.832859944583842, 52.60185407582524], [5.835294313447113, 52.60322208946508], [5.836044650072284, 52.604735900316186], [5.836240943149083, 52.60602881651299], [5.838246172029197, 52.60672777577094], [5.840486974387839, 52.607743887768606], [5.839764152711503, 52.60904597207337], [5.840647871361442, 52.610429710424256], [5.840675175125562, 52.61043341940845], [5.841335265773083, 52.61052307624892], [5.842610282507977, 52.61069625398621], [5.843008865312317, 52.61075038577077], [5.843010284635713, 52.61075057893892], [5.888086045574158, 52.6168628417089], [5.896300021392479, 52.617974607665914], [5.896585496502595, 52.61801323583549], [5.896811772921328, 52.61787074102534], [5.897246737814395, 52.61775641107432], [5.899230572782287, 52.618342230872884], [5.905751815565098, 52.618263811002706], [5.90482476006897, 52.61645932799334], [5.906754914703253, 52.615521778740536], [5.907751809023424, 52.616060767463686], [5.912463235370522, 52.6152064049117], [5.914448153842717, 52.613460872653235], [5.917273941917501, 52.61274455604236], [5.920173367444122, 52.61286234819092], [5.921511137180765, 52.613363906844334], [5.931424882479384, 52.6138614871531], [5.937584914208006, 52.615582508145955], [5.943434823324706, 52.61820739810235], [5.955102070839838, 52.62146276178185], [5.955746875181975, 52.62289494327367], [5.956935822374243, 52.6241991436466], [5.958389231997963, 52.62480010739934], [5.962260187534713, 52.62439903305888]]]]}, "properties": {"type": "boundary", "gemeente": "Kampen"}}, {"type": "Feature", "geometry": {"type": "MultiPolygon", "coordinates": [[[[6.984761973257602, 52.37257665674216], [7.007831632377971, 52.363825550861264], [7.01099021677488, 52.364114437483295], [7.031826450881747, 52.36768678877889], [7.039613967231827, 52.3683973260423], [7.072206567484493, 52.37280289886456], [7.072765168643215, 52.366805144233375], [7.072115897293007, 52.35189100965896], [7.057228671018061, 52.33883849152607], [7.056232734241269, 52.33795399943905], [7.056149573663986, 52.33495588581473], [7.054919960873183, 52.333177348861284], [7.055494694560911, 52.33216878214871], [7.047181699621669, 52.32374439884313], [7.047262310637948, 52.32126309033713], [7.048111953247231, 52.319948591307096], [7.045812409168207, 52.31645127434709], [7.046361939775497, 52.316621553267986], [7.0474226390494525, 52.31520629030012], [7.043418953276752, 52.313915442006305], [7.043572128612476, 52.31347123240181], [7.038685168862998, 52.31237997460517], [7.041239391303426, 52.31105239471894], [7.039494786186305, 52.30762658012211], [7.03383868666257, 52.30250428077172], [7.026455249722398, 52.29196750151747], [7.026240905044947, 52.28732409899554], [7.029549206139227, 52.28152583754361], [7.02961602828812, 52.28017944009711], [7.027521454526173, 52.277985883480305], [7.028585864376844, 52.273626870701634], [7.032064337942149, 52.27166378103244], [7.0392452809043045, 52.26089916201827], [7.042396327858817, 52.25614381135978], [7.065791094626944, 52.24123484322992], [7.061285102363916, 52.23471090193892], [7.048462279432661, 52.23065573322345], [7.046696356296253, 52.230073492321445], [7.0427490879205505, 52.22877242285488], [7.040312225150951, 52.227973746019735], [7.037947175498175, 52.2274062396485], [7.02639924090471, 52.225714341198525], [7.020451277894471, 52.22593881348321], [7.019298690804949, 52.225102631103944], [7.01294037388949, 52.22726125441523], [7.0126540319218185, 52.2268060275253], [7.011222327087416, 52.22759135582286], [7.007380604312896, 52.2280945069877], [7.0058525588061675, 52.22829449780815], [7.003477531710594, 52.22858956993034], [6.997000519859913, 52.22705918336746], [6.9891156133268275, 52.22684294130389], [6.987088790792286, 52.22543747616779], [6.985005925810256, 52.22502091570402], [6.98539208289433, 52.223563684967274], [6.9828760641926895, 52.22240561937259], [6.981101441708356, 52.220736850017914], [6.97666913967068, 52.223648984487205], [6.976437820319763, 52.22380232620234], [6.975208401594807, 52.22461092741148], [6.970292208545856, 52.227742796229734], [6.965890891862335, 52.23041854628489], [6.964955270045701, 52.236261974169835], [6.971646988273119, 52.24406747441329], [6.973029410435121, 52.24850323199801], [6.970923930855114, 52.25831874476823], [6.9691264947052, 52.266858887032214], [6.967817010022863, 52.268162142779516], [6.949283504420903, 52.27948866096306], [6.940987853839955, 52.28390325142702], [6.939171884868441, 52.28386914164239], [6.937076811867286, 52.288619342031474], [6.935915209402443, 52.29060158278217], [6.940633336354952, 52.290383822341056], [6.946346927048179, 52.292706583972596], [6.94505871814756, 52.29525993431771], [6.941875048972662, 52.29864617872976], [6.943178282187952, 52.30009705769056], [6.944667543261974, 52.30068599674129], [6.949459096931807, 52.30690835016602], [6.9501771346255765, 52.30849021886512], [6.948661092694252, 52.31343820669723], [6.947755104807566, 52.31409879357603], [6.9484224236065595, 52.31598559300371], [6.949665671806537, 52.316025029063105], [6.95019543409446, 52.31738905674938], [6.950140666831741, 52.31935735407933], [6.944947303869568, 52.31976390352183], [6.9458630548836915, 52.32099623880084], [6.942794767618682, 52.322171624509465], [6.93465742542363, 52.32271088069189], [6.93753251394024, 52.33283640256845], [6.945203806785675, 52.33272380909695], [6.953585034229809, 52.333973644001354], [6.951142417112312, 52.337959770606076], [6.952844970453605, 52.34035046610883], [6.961106008144707, 52.346812315539694], [6.9659753605082395, 52.34838673658168], [6.970260912779529, 52.348766863583215], [6.962670330581344, 52.36338709145306], [6.970925119127699, 52.37984744692788], [6.984761973257602, 52.37257665674216]]]]}, "properties": {"type": "boundary", "gemeente": "Losser"}}, {"type": "Feature", "geometry": {"type": "MultiPolygon", "coordinates": [[[[6.911359946003367, 52.3307568642951], [6.9127951072776535, 52.330570977125944], [6.918190493127787, 52.33079979346157], [6.924600786464862, 52.329990377856994], [6.930970811166468, 52.32945968391125], [6.930443317043264, 52.33001228054394], [6.931906803844739, 52.33275571500181], [6.93753251394024, 52.33283640256845], [6.9346574254236275, 52.322710880691794], [6.942794767618682, 52.322171624509465], [6.9458630548836915, 52.32099623880084], [6.944947303869568, 52.31976390352183], [6.950140666831741, 52.31935735407933], [6.950195434094456, 52.31738905674927], [6.949665671806537, 52.316025029063105], [6.9484224236065595, 52.31598559300371], [6.947755104807562, 52.31409879357595], [6.948661092694252, 52.31343820669723], [6.9501771346255765, 52.30849021886512], [6.949459096931803, 52.30690835016591], [6.9446675432621925, 52.300685996741265], [6.943178282187948, 52.30009705769043], [6.941875048972659, 52.29864617872966], [6.9450587181477745, 52.29525993431761], [6.946346927048179, 52.292706583972596], [6.940633336354952, 52.290383822341056], [6.935915209402443, 52.29060158278217], [6.937076811867284, 52.28861934203137], [6.939171884868441, 52.28386914164239], [6.918747546995394, 52.283605819200105], [6.913588189964083, 52.28216784583218], [6.9121283878905775, 52.285505459425856], [6.8944986747714125, 52.293537838577336], [6.889481419927935, 52.29246666633069], [6.88793298626722, 52.292761931668394], [6.8838909099828225, 52.293952792071266], [6.879903445438736, 52.29371886190906], [6.87967505290228, 52.294839638175674], [6.872720652382471, 52.297362710876314], [6.865299304616788, 52.29722101252163], [6.859782373029207, 52.298674099920866], [6.861350350050911, 52.306366598654485], [6.863573386869232, 52.30734793242222], [6.865042184542115, 52.306799632392526], [6.867111530257999, 52.308296653451045], [6.867050855465937, 52.31031103070175], [6.868369155176545, 52.31061154859672], [6.869341436495915, 52.31211904419477], [6.870934329191898, 52.311901863910414], [6.871771868767919, 52.31260965759994], [6.876991686679478, 52.31226200686247], [6.879869728211759, 52.31901423745642], [6.884332647552229, 52.31845221714831], [6.885605860950452, 52.32125229474765], [6.886335408604047, 52.322282020340076], [6.887779883580745, 52.322057473376105], [6.8947414973599725, 52.32495385195428], [6.895930814813629, 52.32608626955391], [6.897226679178138, 52.32804756597101], [6.89715950020775, 52.32821333744568], [6.8981505232489315, 52.328148265839516], [6.900647248048435, 52.33346022589411], [6.9062276384344425, 52.33261135295845], [6.911359946003367, 52.3307568642951]]]]}, "properties": {"type": "boundary", "gemeente": "Oldenzaal"}}, {"type": "Feature", "geometry": {"type": "MultiPolygon", "coordinates": [[[[6.373951415232181, 52.591589910887805], [6.392750868615439, 52.59126779365244], [6.399433852613305, 52.59138958682999], [6.402644597629422, 52.59140304481696], [6.40987953287297, 52.578923849691606], [6.415015341605296, 52.570012510865126], [6.427296188275025, 52.57117995555531], [6.4323476784762645, 52.5708851407312], [6.438071528277483, 52.5693748113923], [6.444550967155819, 52.56930387962849], [6.4470748680190955, 52.569254927795015], [6.470142304796389, 52.56893518991984], [6.488356033899961, 52.56900148838412], [6.496739394643421, 52.57161234749481], [6.504939194190013, 52.57588589990174], [6.521827343959533, 52.560586381784866], [6.5266809008578415, 52.551697751561505], [6.527687645636766, 52.5498562750667], [6.529660319484202, 52.546286902779535], [6.530966565672587, 52.53546054946176], [6.5328829134184865, 52.53128970286065], [6.5344579146720765, 52.52864869769466], [6.540349339394345, 52.52671084673708], [6.542753568734427, 52.520918414545356], [6.54121829584728, 52.519120667817596], [6.542601300131383, 52.51890282003313], [6.544773713622591, 52.519071384784965], [6.546627073110753, 52.518541597636485], [6.545651869995514, 52.516713148809984], [6.545760344897761, 52.5159862213524], [6.550389085384254, 52.51482985974922], [6.553546479975071, 52.51250136848136], [6.556678922840354, 52.51326157656491], [6.555922599348549, 52.51460969567112], [6.554886979962089, 52.515281776596524], [6.555067768416715, 52.51581137397017], [6.556602868523617, 52.5163526177135], [6.559282612691146, 52.519311485774224], [6.561050571182899, 52.519792843536116], [6.56542447767807, 52.518396436444455], [6.5670790624053765, 52.51690456289892], [6.5657166485181175, 52.514768778204356], [6.564005290658848, 52.514470736299614], [6.5609405397192, 52.51548314532262], [6.560020156466282, 52.51464547937737], [6.561352048781763, 52.5128967865838], [6.563731519526005, 52.512440518944715], [6.564490561159596, 52.512447727637856], [6.565031755558916, 52.51221847994329], [6.5657136386057005, 52.512017992684505], [6.565931360912728, 52.511686324350975], [6.566502450641633, 52.51160062795515], [6.572803563432191, 52.50811916174133], [6.572912793523567, 52.50806880490981], [6.579039906457998, 52.505446186451486], [6.58788161573771, 52.50162023831185], [6.588502100983775, 52.50133682377113], [6.609644611727969, 52.49250574977534], [6.600171394113367, 52.48515510127632], [6.595189142470273, 52.480304204724575], [6.5729915999791055, 52.484272503241066], [6.565290035309751, 52.48565506374195], [6.554464374925468, 52.487594258764034], [6.534403321628984, 52.48897629154213], [6.510017879314155, 52.49065150632189], [6.510016408935114, 52.49065160717625], [6.505469316626988, 52.49096340174308], [6.503773728097228, 52.4817224192033], [6.496032275949563, 52.48119556190739], [6.488721812721373, 52.47689630903009], [6.4784054742058155, 52.47760509576445], [6.472442745085207, 52.475688888592025], [6.464309577840743, 52.474663550541386], [6.46170073812739, 52.47340702542613], [6.461370296922062, 52.471291416459025], [6.458473122366711, 52.46993864530141], [6.45422224799168, 52.469334561611745], [6.4529125897217785, 52.47004828315994], [6.453006122444183, 52.471207209233334], [6.451100737728615, 52.46882708419428], [6.453273494808145, 52.46648974560673], [6.452355554287389, 52.46451711015745], [6.4515455045720635, 52.464742265842474], [6.4504922943389795, 52.46689916909005], [6.448375320521759, 52.46646910949595], [6.447465308656603, 52.46532502385863], [6.45124477370063, 52.46158394175574], [6.450098491790096, 52.46125685678751], [6.447423799408609, 52.461698584595815], [6.4456282026495035, 52.46091938162355], [6.442960021407625, 52.45693018732629], [6.441781943046494, 52.455250381386215], [6.444382146129067, 52.45461588270739], [6.4425159960773275, 52.450071065645304], [6.438379693667675, 52.447563534779775], [6.438619614968398, 52.44579836903181], [6.438408617635622, 52.44402538389536], [6.428777428174362, 52.43868778367902], [6.390315435099748, 52.4281448086491], [6.380573051395103, 52.42981644033775], [6.384150263056064, 52.439435000839644], [6.38110530881887, 52.44000490178313], [6.381158002022615, 52.440199275513656], [6.376187534188442, 52.44780761527083], [6.373154615228067, 52.44685717990037], [6.372124782054065, 52.44826147593883], [6.371061330253502, 52.449711519532336], [6.371316858333501, 52.44994208501928], [6.378377302552787, 52.45641876581176], [6.34261645847346, 52.45690571863993], [6.343315611704386, 52.46885797141122], [6.344009108738128, 52.48071740160138], [6.344049205665365, 52.48172044477336], [6.343611828911365, 52.482919612602906], [6.334669587425324, 52.506835058894204], [6.336801743909167, 52.50763516009152], [6.335645949637781, 52.509080967365115], [6.332199864776147, 52.512458367455054], [6.333672353698574, 52.51557348527831], [6.332006739895219, 52.51778008630035], [6.331515520048057, 52.522074897027416], [6.3380313585231285, 52.52180950352162], [6.343178433211679, 52.520026326190624], [6.345752543893486, 52.52023444612961], [6.351616383995128, 52.52355177658981], [6.353266568602823, 52.522898723207355], [6.361537060764512, 52.52482163746263], [6.3607223681709275, 52.526880281950966], [6.358367818010438, 52.529105953659545], [6.352837673761848, 52.54013769605003], [6.335753637523693, 52.57040031001587], [6.333812988541376, 52.57386007916422], [6.32580600044839, 52.588257370319695], [6.323412488241349, 52.59252736645241], [6.36150962744902, 52.59185473124286], [6.373951415232181, 52.591589910887805]]]]}, "properties": {"type": "boundary", "gemeente": "Ommen"}}, {"type": "Feature", "geometry": {"type": "MultiPolygon", "coordinates": [[[[6.162496140377539, 52.47438869732054], [6.170092679239516, 52.468922579424046], [6.1744857892871785, 52.46840156332094], [6.177059531992259, 52.47058153401221], [6.1780225436549605, 52.470635957795984], [6.186673862116168, 52.46841794234593], [6.190950303419482, 52.46844125891547], [6.19385448766198, 52.46804664524393], [6.196861178249095, 52.46854103040142], [6.199747375468516, 52.46839693819262], [6.202420357002175, 52.46874462546361], [6.206097959786087, 52.46759296764468], [6.2114191452778496, 52.464854846152626], [6.218724400227659, 52.464833587243476], [6.2362577437347415, 52.4656170801099], [6.245413815050604, 52.46387526932887], [6.256432030872385, 52.46231864193683], [6.267766557693295, 52.45951131750811], [6.278238904430615, 52.45704346664667], [6.278637717708308, 52.447440447523256], [6.289948512910183, 52.446445062986655], [6.28931637545492, 52.44380825082539], [6.291714155157065, 52.435895317257646], [6.291581187141329, 52.435884382096916], [6.291825911331559, 52.43472173864681], [6.3018347363130545, 52.43522881129242], [6.3022635168414185, 52.4314439413372], [6.303720046787077, 52.431633372496435], [6.314438803316419, 52.43302849947193], [6.318944588918446, 52.43206759640738], [6.32852328924266, 52.42805977222845], [6.334331701252494, 52.424491503169335], [6.33711008095604, 52.42772287949888], [6.343136913514049, 52.42597088757268], [6.343345501077717, 52.425310480074906], [6.349579047148824, 52.424906023661336], [6.350057976428269, 52.42640766333673], [6.355537650685043, 52.42595483164936], [6.356254816516855, 52.42910466788368], [6.368319497564437, 52.427751968092544], [6.380398966586016, 52.42779946647799], [6.380573051395103, 52.42981644033775], [6.390315435099748, 52.4281448086491], [6.40516984524439, 52.41554184897478], [6.401364689008573, 52.40632773625752], [6.39447068426135, 52.392207023681785], [6.3886492919211815, 52.38031267377314], [6.382474844123445, 52.38064938950907], [6.357262367752364, 52.37703061640426], [6.343082244671512, 52.37003197103051], [6.335939304553204, 52.35620859770061], [6.333501733205253, 52.351398175244476], [6.3362060447853645, 52.34651590311811], [6.342387644351824, 52.33316899269458], [6.350176934780456, 52.32406234894417], [6.356015359116978, 52.318218467358996], [6.355471536116266, 52.31792710009432], [6.341193467600841, 52.30907812470667], [6.326529564245222, 52.30163116051504], [6.306115714027143, 52.30059721396969], [6.267238455662445, 52.30080440135171], [6.255641203183795, 52.30580333233985], [6.235133569663451, 52.31445505265879], [6.235355202766819, 52.31982010577962], [6.235563307103694, 52.328455769684965], [6.232483000005983, 52.32960702618799], [6.231878792507592, 52.33561285139574], [6.235665625326473, 52.33990236939078], [6.224235836177747, 52.34649652144914], [6.2229617697371085, 52.34723681378886], [6.196859677130392, 52.35211184681143], [6.196213855195133, 52.35861360250566], [6.194659221581342, 52.35864618277595], [6.19145159388249, 52.36119804369934], [6.1889633078916, 52.364265955258254], [6.188499617773519, 52.370927262860874], [6.18945679780349, 52.375746186461974], [6.195468186558398, 52.37417533646713], [6.196691371206636, 52.372214712248464], [6.200164764712689, 52.37112240494646], [6.2013380533682545, 52.371395049613966], [6.201480832241421, 52.374120413316334], [6.200337745343753, 52.37500400991565], [6.201960144440333, 52.37558063550094], [6.201975587008199, 52.37586623007663], [6.203577364085175, 52.37826939604271], [6.20082618202097, 52.38033594985565], [6.201607731382315, 52.38350804477857], [6.207300236798235, 52.382642655597955], [6.207572805550114, 52.383862016224526], [6.20652146857572, 52.384705972125964], [6.202355526301354, 52.385180337831834], [6.203988620972656, 52.38689943080556], [6.2164042893507325, 52.386388228712484], [6.218497159223995, 52.38530026395162], [6.220231348031694, 52.38636061427981], [6.226821875484479, 52.3883699199089], [6.229932542996984, 52.389968243376956], [6.230865285357151, 52.39191416473718], [6.232120890665724, 52.393313219478664], [6.231989653790052, 52.39479409781991], [6.2309465907130654, 52.39819887549007], [6.222080238769297, 52.4084176348377], [6.230959211029491, 52.423499918817456], [6.209896574916998, 52.42531675805176], [6.207648451820208, 52.425539172852766], [6.208342636578738, 52.42781587613902], [6.206483954525369, 52.42820988689471], [6.196552281592039, 52.42712166893876], [6.193494347581702, 52.428324553558866], [6.192586560549139, 52.430963906565246], [6.191058944521724, 52.43269019670043], [6.177454019529249, 52.43127087729792], [6.174722615031593, 52.43359059931138], [6.161282240291203, 52.44948840250489], [6.157681585342319, 52.45354138983525], [6.154915672038708, 52.45318338789844], [6.152286285917806, 52.45780379355176], [6.151591830959608, 52.46177042722226], [6.147492701543129, 52.46573239009874], [6.14414653490088, 52.46766511003091], [6.151315373306519, 52.47108746830727], [6.1522282083355435, 52.470836887165966], [6.162496140377539, 52.47438869732054]]]]}, "properties": {"type": "boundary", "gemeente": "Raalte"}}, {"type": "Feature", "geometry": {"type": "MultiPolygon", "coordinates": [[[[6.162580691009521, 52.691061771298024], [6.1649255474879325, 52.688890130796324], [6.166352931017543, 52.688945797313536], [6.16819637003013, 52.68813650089794], [6.169651690294839, 52.686121392598714], [6.168973299856204, 52.68553393025206], [6.162996898388485, 52.680062401488264], [6.17013302340011, 52.67793665033116], [6.1831475561982145, 52.67506388517785], [6.181933642587091, 52.67686881785142], [6.184208796857871, 52.677208453338515], [6.180548944530294, 52.68158850282922], [6.1858714188091355, 52.68250415689778], [6.187862897410415, 52.67961438544872], [6.191445164334714, 52.67932049281153], [6.192055459279554, 52.67642710689357], [6.194230455171529, 52.676630225072664], [6.194475520639652, 52.67882569518838], [6.196478208146147, 52.68086641544672], [6.201682209534385, 52.684620961334154], [6.203937307455672, 52.68466765000003], [6.204985533491546, 52.68416173081942], [6.206464042504444, 52.68485921336025], [6.210181808369315, 52.68522489679456], [6.21250022877673, 52.68463362543699], [6.2121143981715825, 52.68530909582138], [6.213744218640522, 52.68565353862515], [6.214096334957067, 52.68631629138594], [6.216585071361178, 52.68639354910432], [6.217426371602045, 52.685517128226515], [6.218402791551388, 52.68600525308933], [6.219807433083781, 52.68570517371692], [6.218715325525217, 52.684377981558015], [6.221171002014195, 52.683476620143175], [6.220994569876637, 52.682828312423254], [6.222721273949592, 52.682683379553666], [6.224906032962467, 52.682431850337544], [6.227182667686887, 52.68125332022959], [6.227699060102831, 52.681726264161874], [6.228231906059988, 52.68128704956454], [6.228692261778579, 52.681649526056304], [6.230663655410547, 52.68118624619898], [6.232651447359096, 52.68148713157736], [6.2340613881854, 52.68023843122177], [6.232925777288128, 52.679871198331725], [6.232843692642779, 52.679110046371996], [6.236808256004891, 52.678029510137314], [6.237075089742351, 52.67754833244836], [6.240504373377416, 52.67772935389658], [6.243499496043414, 52.678786195253615], [6.248365605439521, 52.67561747643873], [6.248966239725276, 52.67390179455701], [6.247338209857938, 52.672776275616606], [6.249201127744119, 52.671397483901394], [6.250612866727935, 52.67186784468867], [6.250270333171005, 52.67109641330035], [6.252001908941789, 52.66988202956098], [6.254256532519427, 52.670198531772236], [6.254736030091647, 52.6695794383598], [6.255079565589194, 52.67007266141818], [6.255912104071374, 52.66960228957036], [6.257420082104305, 52.6704082312206], [6.25817668055131, 52.66981901884036], [6.260535561980995, 52.67047847985465], [6.265488992906959, 52.669139741939716], [6.265501591929911, 52.667988381211714], [6.265895891165262, 52.6667809218017], [6.270067486656548, 52.66479473575816], [6.2733392648196, 52.66491077739191], [6.2745136594269155, 52.666898586512495], [6.276254284981657, 52.66731373682046], [6.277350749389449, 52.66893113320732], [6.277905698686168, 52.66853998502465], [6.279056737563182, 52.66905188356031], [6.28270522982846, 52.66821991508038], [6.284531180011718, 52.66715363469152], [6.285491040187685, 52.666992399298586], [6.285052824702884, 52.66539495720734], [6.287226484043925, 52.66418124209355], [6.287487228268715, 52.66345319482557], [6.288269964824482, 52.663887984076254], [6.289056468271972, 52.663249752881825], [6.291947145340755, 52.66243789885044], [6.295548045074234, 52.66232279135705], [6.295195895418559, 52.663578097153234], [6.297563259780129, 52.66637002315064], [6.299689130966089, 52.66583130782978], [6.299676443735334, 52.666497522817], [6.302288326399835, 52.666427304669625], [6.301889639748328, 52.66699744837475], [6.302622018975748, 52.667346817250134], [6.305826078166002, 52.66623982607025], [6.309670599759288, 52.666753503063156], [6.311659918881442, 52.66733928445924], [6.312080685157803, 52.66805603059703], [6.314103416852528, 52.66805873704993], [6.313875468909428, 52.66868899261528], [6.314821972635134, 52.668751362955746], [6.314957277321327, 52.669425143123156], [6.316816498104776, 52.66949405032947], [6.316740418054873, 52.66989585656941], [6.318960774715419, 52.66972180478437], [6.3195873619820775, 52.67039854090734], [6.32252950433659, 52.6704383787501], [6.326938342534686, 52.66920749806743], [6.328711635971096, 52.666739073849506], [6.328004618395926, 52.66613219826047], [6.329290290842146, 52.66539899684986], [6.328516984307185, 52.66537864539854], [6.327620523488485, 52.66371820319696], [6.325857430923504, 52.662810349769586], [6.325871511332571, 52.66115506244771], [6.327224766877873, 52.66044733461891], [6.3258838086156395, 52.659709295260996], [6.326340342883006, 52.658958688659865], [6.327797879739657, 52.65869326563016], [6.326241744260124, 52.657353714818704], [6.324177310341245, 52.65202104861478], [6.324175417000797, 52.65201617653298], [6.314748427508087, 52.62779178646895], [6.303063695630606, 52.597141372907295], [6.289302276772247, 52.59549081904739], [6.287078477764767, 52.59520730075865], [6.2863265533212385, 52.59621201320989], [6.283348632592737, 52.59572403248162], [6.283826063067213, 52.59479541162707], [6.281273347965337, 52.59450543842842], [6.274898208406028, 52.593705008879056], [6.27477629869282, 52.59478777075354], [6.270684850688049, 52.594983085044056], [6.259130506137693, 52.59359394369184], [6.258310941524143, 52.59202071636221], [6.235739610582073, 52.589000602577016], [6.224054673867898, 52.58754918706962], [6.202137907398982, 52.584948694636466], [6.195093869885543, 52.58411116560745], [6.193607561015219, 52.58432280566327], [6.193562579491475, 52.58433312054079], [6.1826875048049645, 52.58780925760877], [6.177048869073032, 52.58772180920053], [6.14760238693052, 52.58512131625526], [6.14741893475769, 52.584408399029], [6.131378348422805, 52.58124644456287], [6.12746637053491, 52.58675677302745], [6.124032038826632, 52.591282746491615], [6.125508148409392, 52.592491964673975], [6.124057375587752, 52.594056711381185], [6.1196133939858655, 52.59733688820824], [6.114245453982616, 52.599992974846955], [6.105848593498492, 52.6036964362845], [6.105283419825817, 52.60343328675636], [6.103064256252157, 52.60565225599702], [6.106003479251033, 52.60693428800139], [6.103701648597255, 52.61268564032029], [6.106525723954918, 52.61468851800452], [6.106414258304544, 52.617894526861186], [6.107615024716933, 52.61797092635037], [6.107477445512134, 52.61887292795497], [6.106159257697049, 52.618897617758364], [6.105872752235528, 52.62082856022974], [6.1067279980843185, 52.62084542239982], [6.10666663502268, 52.621474650619255], [6.105094668290112, 52.621494205444364], [6.103931307280846, 52.62556958014596], [6.0983486532065285, 52.625555013623256], [6.0959174529881475, 52.6309413684742], [6.097239213274264, 52.63604382471721], [6.097383456454707, 52.63618217116709], [6.101932835861234, 52.64062043023185], [6.103000254023895, 52.64674486807291], [6.1041253011393595, 52.64692921457881], [6.103833459387837, 52.65614083762078], [6.119886141127255, 52.66487883982766], [6.119566944979417, 52.66793727541699], [6.12226757801336, 52.66843231213722], [6.123012794057791, 52.66952239895578], [6.125400656408856, 52.67027397337423], [6.127570422719065, 52.67193761570189], [6.1310848230662005, 52.67180481556968], [6.132835134382141, 52.67342482644547], [6.1359884558441005, 52.67463485669613], [6.135428483755782, 52.676837777524945], [6.13613033004901, 52.677257635138986], [6.141275122224987, 52.67863826030209], [6.1448408405489925, 52.68007318805412], [6.150161711127761, 52.683030940078964], [6.1536923964443, 52.68624944348588], [6.154790932184481, 52.688206780199664], [6.1544993367218845, 52.69041117901361], [6.1557775460693955, 52.69105757317938], [6.15897688118262, 52.69215479434135], [6.162580691009521, 52.691061771298024]]]]}, "properties": {"type": "boundary", "gemeente": "Staphorst"}}, {"type": "Feature", "geometry": {"type": "MultiPolygon", "coordinates": [[[[6.756615945302121, 52.46331088633981], [6.774587431770726, 52.45960108746178], [6.822446169587709, 52.45982375363918], [6.831788849048675, 52.45996173898062], [6.844734276557347, 52.4591889676269], [6.8542984188639196, 52.45970682908441], [6.85254241459838, 52.44991432449916], [6.853669930810071, 52.45008978688875], [6.861816880667336, 52.451358558188744], [6.888678877294207, 52.44661357296652], [6.9060805015565725, 52.44224368108312], [6.941658514601113, 52.43542646710883], [6.942157027601763, 52.435550083964266], [6.942090886701932, 52.435588975223986], [6.942177328828333, 52.435642313380306], [6.9423069747055655, 52.43556388768469], [6.947301404147155, 52.43662215061012], [6.949224878139812, 52.432865856141994], [6.947239819378593, 52.43283702750371], [6.938776876765666, 52.43272323001625], [6.928526345936339, 52.43414907050464], [6.896911193327834, 52.43278936229453], [6.891192317858951, 52.4320288466961], [6.853411692395284, 52.42706282525649], [6.851495742641605, 52.414582685887645], [6.856592877517321, 52.41045155447364], [6.860750895542819, 52.40853956384424], [6.8623390834295215, 52.407816631260886], [6.863568274057764, 52.388638138482996], [6.863585512073021, 52.36373140422909], [6.855674624436914, 52.36028789474132], [6.85178991503572, 52.36216884209696], [6.835793648247193, 52.362624839062775], [6.817721420777571, 52.36509219923931], [6.806834122254827, 52.362217546196334], [6.797602381023497, 52.36129691787469], [6.7834000955222065, 52.36011595786532], [6.778322998602726, 52.350212083170916], [6.773979217349225, 52.34656322566479], [6.762634959105051, 52.34343703139067], [6.760577778857853, 52.34194273537263], [6.759588821339995, 52.339080556020974], [6.759035974160268, 52.33206046085604], [6.753772826064111, 52.33004411269561], [6.750679789101607, 52.32966519920163], [6.747609455775317, 52.33248000198896], [6.743685533558628, 52.3361093615074], [6.7344978520000165, 52.33935470939085], [6.720846248268837, 52.341207494980615], [6.713641988048493, 52.34226633331141], [6.709741477136643, 52.343434580846186], [6.72056375412959, 52.35232916568031], [6.719693927304267, 52.361289072164844], [6.718049942351353, 52.36216548844648], [6.715978301183836, 52.3659493430346], [6.715350427886965, 52.367325938505424], [6.712766561518268, 52.373837563694615], [6.713465869651789, 52.376489292732884], [6.7082341951382105, 52.37689549536929], [6.707083883650879, 52.377184733356664], [6.70702198768772, 52.377207804657864], [6.705303318913337, 52.37813205759032], [6.703466696665627, 52.381365123902356], [6.701041345911252, 52.38564764037026], [6.697882267855436, 52.39127437456076], [6.698635936236203, 52.39374142103291], [6.675403706879077, 52.41369015304813], [6.669907842142213, 52.41722805927302], [6.672008179513673, 52.421369797706156], [6.675075336919032, 52.42285276885825], [6.676260325873122, 52.42373532917231], [6.6742087659913, 52.42489703314717], [6.675095853246212, 52.42680771140098], [6.6778881388429605, 52.42799377820353], [6.673513150954076, 52.43480352495086], [6.674466228102139, 52.43580577062532], [6.672524903539236, 52.438164121310244], [6.673319610697573, 52.441397792113634], [6.67698648923895, 52.444153235420764], [6.677778461176454, 52.44414955152269], [6.679426324860545, 52.44482313525642], [6.6803799649665585, 52.44499338545717], [6.681307902746561, 52.44568582674178], [6.682963099785236, 52.44627277353624], [6.684476475991771, 52.44620955768511], [6.689323323799902, 52.44704610077522], [6.692250510780551, 52.44742765164554], [6.695802589048785, 52.4511299745629], [6.696578518499843, 52.45173497907983], [6.6975770517790805, 52.45164536910933], [6.6994217690347035, 52.453811954410725], [6.698919128866977, 52.456703791538715], [6.70159558570396, 52.46116311728624], [6.702274157583682, 52.461670427587684], [6.709042173656842, 52.46940835196751], [6.709738702938383, 52.470205153231255], [6.717707633524163, 52.47813195637355], [6.726933811032893, 52.4756024597545], [6.752735304156169, 52.464111219095486], [6.756615945302121, 52.46331088633981]]]]}, "properties": {"type": "boundary", "gemeente": "Tubbergen"}}, {"type": "Feature", "geometry": {"type": "MultiPolygon", "coordinates": [[[[6.598851810185946, 52.38365885636443], [6.609368056685876, 52.36654599713691], [6.610926848621329, 52.365970871614884], [6.61341059688188, 52.3651049951637], [6.6153771162706425, 52.362845115031064], [6.615377136744925, 52.362845059089494], [6.614933310973971, 52.35889321986834], [6.614053226979251, 52.356269109597186], [6.612403845335561, 52.355737012289296], [6.610202906653128, 52.354308835721255], [6.608244752858812, 52.34911228655229], [6.6046738553472775, 52.34489800353953], [6.597705250284572, 52.34290023721659], [6.598958300755969, 52.34015821468564], [6.605511392302035, 52.334496292918715], [6.617276849353239, 52.328280018169444], [6.61902075211684, 52.326145209948685], [6.612506148651402, 52.31978355738702], [6.608293647715684, 52.31590087595867], [6.604763173984211, 52.31222533505717], [6.60922201353077, 52.312472153232825], [6.610136850842591, 52.31333907404651], [6.61279666534023, 52.31256719144317], [6.614914608825978, 52.31121840625842], [6.6140088847032805, 52.309841824824666], [6.616054095436306, 52.3099271744739], [6.616782467399623, 52.30910176111797], [6.611104309114026, 52.30752636468014], [6.6187479154759865, 52.3061754254088], [6.631782834413146, 52.30177979035842], [6.626066700517336, 52.28997379713213], [6.612131802834864, 52.27691934835889], [6.605397944147106, 52.27072037955546], [6.595148644267273, 52.27119842406833], [6.586964434589637, 52.2703701886943], [6.574099472747913, 52.26931718209825], [6.568118232351148, 52.27018834041443], [6.5622526561175505, 52.27435880554374], [6.554008746125704, 52.283312895635035], [6.553438616386978, 52.2839290283967], [6.550262945660056, 52.287365575544754], [6.549962893589246, 52.28780192054061], [6.552291172272725, 52.29494732605786], [6.553377756417506, 52.29492461868218], [6.553539241826902, 52.29722559472744], [6.552291316069451, 52.30338630067234], [6.550691142412388, 52.30957824912839], [6.5499210950177655, 52.31128085515844], [6.549032072962021, 52.312418840701156], [6.549041218736604, 52.312515428760804], [6.545089310907748, 52.31837520796904], [6.539651906084237, 52.315803234844324], [6.5381888825025705, 52.31552358674104], [6.536189314772033, 52.31564551894783], [6.533099233007433, 52.31666720543104], [6.532513253452407, 52.31721954175246], [6.531292989216518, 52.31874159435601], [6.5246714961971195, 52.32563035324286], [6.52412045968293, 52.32401166621547], [6.52313774877107, 52.323833700162915], [6.518060184393938, 52.32440766679608], [6.517908599473965, 52.32517455549304], [6.499759359374725, 52.32355522884556], [6.499327320666756, 52.32352174669899], [6.495125211904267, 52.32389286172003], [6.468189463937832, 52.32646227122263], [6.486467720513273, 52.34256171822322], [6.487992848812144, 52.34350005239363], [6.488144875284413, 52.343595616208866], [6.4866088045377275, 52.34520881999795], [6.489133734596977, 52.34595490795521], [6.490795254848653, 52.34935553581376], [6.495978025626752, 52.349954697980685], [6.501172365379513, 52.352852886983534], [6.505839600627083, 52.352450374049965], [6.506663439296659, 52.35527662999094], [6.508410639168502, 52.35520718310038], [6.518872826903491, 52.355161407983246], [6.520793106900329, 52.36141519703414], [6.512349689940028, 52.36191974072732], [6.512439446461042, 52.362569741907244], [6.499058899505616, 52.36356218549099], [6.49607815886994, 52.36794315852682], [6.495516644521656, 52.37618064004023], [6.512606986098634, 52.38183992302366], [6.513790284493338, 52.38170245426991], [6.5085392911841335, 52.39215261356246], [6.510225124542232, 52.39531728718243], [6.5160138524023345, 52.40612857350474], [6.575952709714887, 52.41751414127949], [6.581309787908281, 52.40968105664174], [6.5968553572562625, 52.38664117609469], [6.598851810185946, 52.38365885636443]]]]}, "properties": {"type": "boundary", "gemeente": "Wierden"}}, {"type": "Feature", "geometry": {"type": "MultiPolygon", "coordinates": [[[[6.193607561015219, 52.58432280566327], [6.195093869885543, 52.58411116560745], [6.202137907398982, 52.584948694636466], [6.205657706947031, 52.57508091249093], [6.209478585775811, 52.56852504806096], [6.2108108345737545, 52.567797937228356], [6.1969671137346545, 52.547238122985924], [6.189631442600877, 52.53616026528839], [6.19297058497848, 52.53196645937641], [6.187442164144386, 52.52477944900505], [6.187851814444694, 52.5235158346954], [6.186140107583312, 52.52268996929458], [6.186110607795321, 52.52267257020655], [6.183109690875937, 52.52088756360988], [6.18257760812682, 52.519511628368754], [6.182965225703933, 52.51944914242745], [6.182953825419462, 52.519335633913926], [6.173322407374805, 52.51883047772394], [6.184071402884202, 52.50774132527295], [6.1877179470777115, 52.50055669927013], [6.189088849965289, 52.49900754108271], [6.196825159421314, 52.49553464164188], [6.197912417233423, 52.49575735926498], [6.19971297155875, 52.49527454299246], [6.199946116401132, 52.493176838495415], [6.198743325985482, 52.49281722956186], [6.200167914833465, 52.490882136473175], [6.2009666131165275, 52.491056770353815], [6.196520477636397, 52.489679759546085], [6.193683528473407, 52.48625104563415], [6.192388461910207, 52.485615763165306], [6.193667958872448, 52.482961732497024], [6.192137096590635, 52.48172821015362], [6.189528539776913, 52.48068379056632], [6.182832848218614, 52.48080693417609], [6.182200362253294, 52.479095519940465], [6.177529881535776, 52.47982268744843], [6.1770105544568645, 52.47941026971504], [6.17766156803689, 52.47785669645805], [6.174727896872198, 52.478213169718856], [6.17358461151426, 52.47680317279289], [6.1713234127677765, 52.477257987262064], [6.162496140377539, 52.47438869732054], [6.1522282083355435, 52.470836887165966], [6.151315373306519, 52.47108746830727], [6.14414653490088, 52.46766511003091], [6.147492701543129, 52.46573239009874], [6.151591830959608, 52.46177042722226], [6.152286285917806, 52.45780379355176], [6.154915672038708, 52.45318338789844], [6.153134538045706, 52.45023030189383], [6.147676824815779, 52.44444144346221], [6.14043607975535, 52.44341271802614], [6.139660951568961, 52.44161751765155], [6.137076032416937, 52.440761919751935], [6.13590820387014, 52.441566202906195], [6.130272711918053, 52.44161236469406], [6.120410775746966, 52.442309862955064], [6.109581002680419, 52.44053110794481], [6.105024631867101, 52.44258695739493], [6.102295616808622, 52.445772295216464], [6.101986914335169, 52.447800349111354], [6.103546884644107, 52.453964134257106], [6.10170215763317, 52.46634772319426], [6.099147789690382, 52.47031095970182], [6.094247342977045, 52.47411146944411], [6.08926846871503, 52.476811738343805], [6.076422242263025, 52.48022384282594], [6.071426315289467, 52.482107970207466], [6.066372172043107, 52.48517127131951], [6.063431330259792, 52.48805369235167], [6.061775198250106, 52.490398675844716], [6.058398559819892, 52.496003623982446], [6.054221219100851, 52.499787564584814], [6.0461884114718485, 52.503861094970816], [6.040510178584093, 52.50625814765988], [6.0278585984991215, 52.509606592105555], [6.0188082642993095, 52.51387973063701], [6.015066809980442, 52.517909475205755], [6.014765916339874, 52.52045733083738], [6.01551114686217, 52.52277169469065], [6.018974591576878, 52.52600672108634], [6.0236441777883, 52.5273659926639], [6.025013257952507, 52.526296954421525], [6.030171648888933, 52.52675467783993], [6.030088165868457, 52.53082450199548], [6.030455401048198, 52.53806113404188], [6.019653789818446, 52.541894490303626], [6.006986187677901, 52.545537343235054], [6.003620290379968, 52.55039162345162], [6.033038666304949, 52.55940361898349], [6.03354652040295, 52.55903004418157], [6.063154642024698, 52.56728006872166], [6.070156835660335, 52.55822640817493], [6.073545209074032, 52.55917625898757], [6.0741866193731875, 52.55640257443255], [6.081053491031907, 52.55387703533488], [6.0894003343124075, 52.55184087836438], [6.0924117991698585, 52.55351653977048], [6.097684837603021, 52.558629651711406], [6.100787476860446, 52.563761889565185], [6.103675908839138, 52.5673526700977], [6.110060251636643, 52.56741253949148], [6.109791132038094, 52.56111475092852], [6.113962718093726, 52.56081063343075], [6.115959291346725, 52.558869526548456], [6.117219162811322, 52.55849606553354], [6.118081543232769, 52.55739770902528], [6.1189982054122645, 52.557674932834004], [6.126686073466938, 52.55611163780191], [6.127818406426862, 52.55672599972981], [6.1405277188619385, 52.552102662609045], [6.166814567012552, 52.56525233682819], [6.158712711948608, 52.57592688502916], [6.157425808107573, 52.58077686708774], [6.155069863778334, 52.58270650819553], [6.147531902720268, 52.583800642896826], [6.147418934757692, 52.5844083990291], [6.14760238693052, 52.58512131625526], [6.177048869073032, 52.58772180920053], [6.1826875048049645, 52.58780925760877], [6.193562579491475, 52.58433312054079], [6.193607561015219, 52.58432280566327]]]]}, "properties": {"type": "boundary", "gemeente": "Zwolle"}}, {"type": "Feature", "geometry": {"type": "MultiPolygon", "coordinates": [[[[6.673405568937608, 52.49351429915222], [6.693486357327511, 52.48632759720139], [6.697585615896373, 52.48629871112014], [6.717707633524163, 52.47813195637355], [6.709738702938383, 52.470205153231255], [6.709042173656842, 52.46940835196751], [6.702274157583682, 52.461670427587684], [6.70159558570396, 52.46116311728624], [6.698919128866977, 52.456703791538715], [6.6994217690347035, 52.453811954410725], [6.6975770517790805, 52.45164536910933], [6.696578518499843, 52.45173497907983], [6.695802589048785, 52.4511299745629], [6.692250510780551, 52.44742765164554], [6.689323323799902, 52.44704610077522], [6.684476475991771, 52.44620955768511], [6.682963099785236, 52.44627277353624], [6.681307902746561, 52.44568582674178], [6.6803799649665585, 52.44499338545717], [6.679426324860545, 52.44482313525642], [6.677778461176454, 52.44414955152269], [6.67698648923895, 52.444153235420764], [6.673319610697573, 52.441397792113634], [6.672524903539236, 52.438164121310244], [6.674466228102139, 52.43580577062532], [6.673513150954076, 52.43480352495086], [6.6778881388429605, 52.42799377820353], [6.675095853246212, 52.42680771140098], [6.6742087659913, 52.42489703314717], [6.676260325873122, 52.42373532917231], [6.675075336919251, 52.42285276885825], [6.672008179513673, 52.421369797706156], [6.669907842142433, 52.41722805927302], [6.675403706879073, 52.413690153048044], [6.698635936236203, 52.39374142103291], [6.691113211581837, 52.39280293076805], [6.68524819249529, 52.393108488399065], [6.68442342669511, 52.39092780949275], [6.676001573391211, 52.39574934088142], [6.671896554752498, 52.388851818896605], [6.667157810612782, 52.389928674493845], [6.6641693647234375, 52.3895147439719], [6.651762398566255, 52.398716611898074], [6.647626676752701, 52.39545415287687], [6.645426203108695, 52.39646577327418], [6.640179660974893, 52.399080378668565], [6.6358570085118105, 52.395283524404235], [6.618349229496496, 52.38843029560287], [6.614803079984131, 52.38644793042939], [6.60946445882605, 52.389545028280324], [6.598851810185946, 52.38365885636443], [6.5968553572562625, 52.38664117609469], [6.581309787908281, 52.40968105664174], [6.575952709714887, 52.41751414127949], [6.572470282244573, 52.423315689586666], [6.573351754445945, 52.4233150153154], [6.584943228419628, 52.431773288543724], [6.588190731833773, 52.43415274134018], [6.5981484739489265, 52.43903007523542], [6.597004266404796, 52.44940307952977], [6.596387640572225, 52.4548085864856], [6.583593149400688, 52.45051569814246], [6.5748452447561805, 52.44757902485786], [6.572785816483467, 52.446888750313505], [6.571633746931058, 52.4465044536327], [6.5710459941974975, 52.44839633746186], [6.570048729144071, 52.44807137081593], [6.570523252955268, 52.44752276892094], [6.566840003499617, 52.44627817537748], [6.566327803712391, 52.44681903894672], [6.563356348790752, 52.445828546975505], [6.558642178772334, 52.44886957562463], [6.55534794034993, 52.44884509298998], [6.546515503997749, 52.45057757529433], [6.542995708565947, 52.45122711031919], [6.537914820551911, 52.449752569764705], [6.531037442228581, 52.44621874809527], [6.530171678749507, 52.44497101828746], [6.530527027106348, 52.44329932488489], [6.5284045266182344, 52.44066509844592], [6.524503943082428, 52.43976098437808], [6.52116331353348, 52.44027129695381], [6.51850557307821, 52.43940264458964], [6.517757113418233, 52.437794912328684], [6.510902023231436, 52.437173920082316], [6.500229879741305, 52.43829513422795], [6.480343704999294, 52.44033317608599], [6.479726460200042, 52.441158384373445], [6.475309889317151, 52.44100309541898], [6.475052426375365, 52.44108392156466], [6.473686082647163, 52.442896569176185], [6.469233259969573, 52.44499716444676], [6.457355734208014, 52.45498626105827], [6.453489805281455, 52.460022577565624], [6.448549822354164, 52.460307873036996], [6.448760209651445, 52.46113127686902], [6.450098491790096, 52.46125685678751], [6.45124477370063, 52.46158394175574], [6.447465308656603, 52.46532502385863], [6.448375320521759, 52.46646910949595], [6.4504922943389795, 52.46689916909005], [6.4515455045720635, 52.464742265842474], [6.452355554287389, 52.46451711015745], [6.453273494808145, 52.46648974560673], [6.451100737728615, 52.46882708419428], [6.453006122444183, 52.471207209233334], [6.4529125897217785, 52.47004828315994], [6.45422224799168, 52.469334561611745], [6.458473122366711, 52.46993864530141], [6.461370296922062, 52.471291416459025], [6.46170073812739, 52.47340702542613], [6.464309577840743, 52.474663550541386], [6.472442745085207, 52.475688888592025], [6.4784054742058155, 52.47760509576445], [6.488721812721373, 52.47689630903009], [6.496032275949563, 52.48119556190739], [6.503773728097228, 52.4817224192033], [6.505469316626988, 52.49096340174308], [6.510016408935114, 52.49065160717625], [6.510017879314155, 52.49065150632189], [6.534403321628984, 52.48897629154213], [6.554464374925468, 52.487594258764034], [6.565290035309751, 52.48565506374195], [6.5729915999791055, 52.484272503241066], [6.595189142470273, 52.480304204724575], [6.601036051276299, 52.47947112144364], [6.611422195691929, 52.466865708931635], [6.613002373343757, 52.46560402850493], [6.616571467713431, 52.469369320611726], [6.62260805367153, 52.47147603880794], [6.626821847290938, 52.47383202290334], [6.631217818975654, 52.471973324325404], [6.63562166142744, 52.47164794141909], [6.640585465627312, 52.473105844275885], [6.641542235097517, 52.47124454132581], [6.649556612175363, 52.473090537837656], [6.6511012469949495, 52.47515742715775], [6.647460645281468, 52.47861472135949], [6.654579245077648, 52.48271590172918], [6.65366007961884, 52.48783284322047], [6.662973106325372, 52.49233654046745], [6.6693023232852795, 52.494981353935], [6.673405568937608, 52.49351429915222]]]]}, "properties": {"type": "boundary", "gemeente": "Twenterand"}}, {"type": "Feature", "geometry": {"type": "MultiPolygon", "coordinates": [[[[6.136794724468618, 52.838917396257195], [6.150289025597286, 52.829940566760484], [6.151962449617771, 52.82882992517351], [6.149564983960173, 52.828459225927226], [6.149199264159203, 52.82840267638697], [6.149896043412879, 52.82812413266438], [6.151715141479967, 52.82739940135422], [6.157644213924705, 52.82503575527048], [6.171408522189254, 52.81525565345703], [6.172419268275902, 52.815639224616326], [6.177230114463013, 52.81385120716943], [6.180458419664991, 52.81103436394093], [6.185121588859361, 52.80722421700009], [6.199103892889128, 52.79582840329971], [6.201731113734987, 52.79369621035667], [6.193808323195047, 52.78640301005184], [6.184810692181444, 52.78030485261043], [6.176584604473307, 52.77520012525135], [6.172906626288286, 52.77305466029699], [6.168526096077417, 52.76709395690374], [6.163940721609653, 52.76644983496666], [6.160154468642671, 52.764659093025195], [6.156497214326982, 52.76265068168466], [6.137709661349865, 52.759004907043], [6.132469029998304, 52.75866865341362], [6.12633143329744, 52.75683505844333], [6.1215983290443345, 52.75421086159369], [6.120377239169877, 52.750243172999355], [6.127094621936096, 52.74026455058308], [6.12914886157324, 52.73802896725543], [6.132977366776704, 52.73139699038645], [6.139935923346816, 52.72036316617054], [6.14264802217868, 52.71632700706621], [6.143919400636811, 52.7142656037687], [6.151423667508171, 52.702883352925475], [6.15198593662233, 52.701597618144866], [6.151436769309122, 52.70137714792571], [6.153821477382102, 52.697337582438514], [6.156607527352139, 52.69195795792244], [6.1588035309234, 52.692480827366175], [6.15897688118262, 52.69215479434135], [6.1557775460693955, 52.69105757317938], [6.1544993367218845, 52.69041117901361], [6.154790932184481, 52.688206780199664], [6.1536923964443, 52.68624944348588], [6.150161711127761, 52.683030940078964], [6.1448408405489925, 52.68007318805412], [6.141275122224987, 52.67863826030209], [6.13613033004901, 52.677257635138986], [6.135428483755782, 52.676837777524945], [6.1359884558441005, 52.67463485669613], [6.132835134382141, 52.67342482644547], [6.1310848230662005, 52.67180481556968], [6.127570422719065, 52.67193761570189], [6.125400656408856, 52.67027397337423], [6.123012794057791, 52.66952239895578], [6.12226757801336, 52.66843231213722], [6.119566944979417, 52.66793727541699], [6.107492876905842, 52.665636079703745], [6.102469928620594, 52.663434053270386], [6.0999181878091155, 52.66082159058922], [6.097361280984491, 52.664627706456116], [6.086473449748499, 52.66337832384385], [6.0729071848264615, 52.658141587495244], [6.061407609425132, 52.65285853350086], [6.058920028853374, 52.65232942812257], [6.05486522404182, 52.65021910139557], [6.038209351707004, 52.64950016023328], [6.026217801109153, 52.6429191557996], [6.024577041780431, 52.64205656225296], [6.021726279076587, 52.64149996021072], [6.02110310610151, 52.641367349512244], [6.01886026091202, 52.64351422677209], [6.018073839114161, 52.64385510335861], [6.017506005064391, 52.643399610893105], [6.017071224709994, 52.6433626591079], [6.015737863618717, 52.64411503354321], [6.014328571422611, 52.64599987380617], [6.014244670298283, 52.64605435609403], [6.012502528039712, 52.64718558349283], [6.01230282699004, 52.647315251768546], [6.01132482166366, 52.64798435244106], [6.0108604966571155, 52.648332205758024], [6.010570940177834, 52.64854913353108], [6.0101163396844655, 52.648889690915745], [6.007918580435563, 52.65053603450182], [6.007676512746405, 52.65071735484015], [6.007412426913701, 52.6509151652744], [6.007323476050727, 52.65098179279175], [6.00644236014856, 52.651501630287534], [6.006258387315777, 52.651585077326345], [6.006125628062661, 52.651645294050375], [6.005561367824559, 52.65190122867924], [6.004940276203902, 52.652182937554485], [6.002854224866821, 52.65312906047106], [6.002643871681695, 52.653224461215565], [6.002585506574365, 52.653250931603885], [5.999531036486859, 52.6546361023762], [5.996916206359792, 52.65505087657896], [5.996416079104509, 52.6551302008086], [5.995045443797639, 52.65534758083182], [5.991782788177388, 52.65586496048738], [5.9908434156417165, 52.65601390404419], [5.990362228007444, 52.65609019648221], [5.9875143064998895, 52.65654168976358], [5.9862684240707775, 52.656739180127666], [5.985220616513416, 52.65690525730252], [5.98420471993831, 52.65715381983868], [5.984109606620672, 52.65717708910912], [5.984049401530567, 52.65719181502258], [5.983308232724351, 52.6575856891886], [5.983245092621653, 52.65761924242116], [5.982924479297201, 52.65778961922158], [5.982653160616873, 52.65794391541518], [5.979547762177915, 52.66049575348276], [5.974668613176116, 52.662714104720074], [5.970815344222851, 52.66518902186384], [5.966853013738604, 52.666580393141146], [5.964969732809207, 52.666154577592955], [5.963055645831526, 52.666398519038204], [5.961796309595024, 52.66729669738455], [5.95817386449617, 52.667809685652855], [5.954018686155552, 52.66767426437577], [5.941594876251097, 52.67051688422378], [5.940102491069945, 52.670426770181486], [5.939727232638604, 52.66883544497541], [5.935149217870707, 52.669233996512396], [5.93459482926473, 52.669781810825725], [5.9330853705798745, 52.67126371551405], [5.932751933941659, 52.67318913041388], [5.93387162960321, 52.675510677242464], [5.940161850100485, 52.679223452007115], [5.945378262871549, 52.68230168124117], [5.944708856433111, 52.68271283721006], [5.946849162900547, 52.68400304265421], [5.949520388189231, 52.685713739326154], [5.951510084256009, 52.684952182996355], [5.9527415571799205, 52.68524030506103], [5.959401404791115, 52.68995061939723], [5.962106052390064, 52.69035098889481], [5.965156666254969, 52.6935700527878], [5.964826243802237, 52.698104769221224], [5.9590128558914195, 52.703863775332884], [5.954840193878026, 52.703767967729085], [5.955316677089678, 52.707262124335905], [5.952092881558516, 52.710876573388646], [5.951162507305905, 52.71191957242806], [5.942556137097172, 52.71500233059236], [5.941886316725464, 52.71594936331616], [5.941170842637054, 52.71755097827744], [5.9355604213486695, 52.730252043732534], [5.930151467013816, 52.73958643242578], [5.921830342269362, 52.751169979075975], [5.9060102333486295, 52.76132578634908], [5.900054902273426, 52.76119546111076], [5.897762639654768, 52.76213507205387], [5.896086186527797, 52.76282221559142], [5.894383588225556, 52.76513390118096], [5.892551099056651, 52.76595989213152], [5.885137308760289, 52.769301036900764], [5.8799392882144135, 52.77309174915048], [5.862084077219564, 52.7810227432888], [5.850297296841418, 52.78453099942399], [5.843390759197985, 52.78446381821401], [5.841619243710596, 52.78513858262489], [5.837311402879211, 52.785024092272174], [5.8360551411588855, 52.785635303352784], [5.828147366827778, 52.785545553429984], [5.81879262610327, 52.78469686665625], [5.8186573618553314, 52.787635964044526], [5.812726367847383, 52.79118666480678], [5.803475323616074, 52.79685898638549], [5.795177974844035, 52.80652216357271], [5.8100164893363635, 52.81388388118314], [5.817071708806805, 52.81668871475643], [5.819745150948336, 52.817278715896194], [5.81989780778619, 52.81690363092342], [5.8203069814196615, 52.81595051770838], [5.822355269559529, 52.81510974856645], [5.824155431233966, 52.813297369345], [5.828721510179471, 52.81342724513886], [5.833412079964859, 52.8117609227671], [5.837366254034715, 52.80826210366951], [5.836102763202708, 52.805954892221386], [5.838445317223398, 52.805947309171465], [5.842202868982572, 52.80758455022891], [5.843594532526317, 52.805032818555226], [5.8499527105034606, 52.806161966508554], [5.854803383810213, 52.805518473352905], [5.857027657635632, 52.807229143158594], [5.8596408290466435, 52.804536517196524], [5.8656370065606245, 52.80465073332375], [5.8686804980295015, 52.80272650315568], [5.876293086335701, 52.80085514546387], [5.879581660691305, 52.80120295539971], [5.882578801792109, 52.80391989275289], [5.893429570755051, 52.80628320046848], [5.897882346096304, 52.80780364332463], [5.900658056995893, 52.81182521436442], [5.908584489581972, 52.813712451334105], [5.911966611391539, 52.81611633398929], [5.9138608406168816, 52.818622508750984], [5.916322128403852, 52.82028074039411], [5.924202912219235, 52.82359027204048], [5.922947065483395, 52.82752626415748], [5.926410461983579, 52.828183883199124], [5.922748154906846, 52.829873011469715], [5.923098532447584, 52.83103493573245], [5.926984150591175, 52.831577227236174], [5.930115998759582, 52.83135699122261], [5.930654672844458, 52.83224801149998], [5.926733042626052, 52.83329221126997], [5.930158620684309, 52.835013358730336], [5.938020342184768, 52.83538223954816], [5.941803410892904, 52.83596904227861], [5.944368957462449, 52.83707153436523], [5.946248096955083, 52.837425205215254], [5.955784463407376, 52.833235084388434], [5.95685414091416, 52.83444322195948], [5.9557931079118225, 52.83744235958221], [5.958732060790145, 52.83976647953866], [5.969976939463986, 52.84237586546343], [5.973128450995109, 52.84247026419701], [5.9724387515477, 52.841917243981726], [5.972871399662154, 52.840714121884474], [5.976175691069785, 52.8347487406232], [5.981557205485835, 52.82947381042211], [5.986395072669085, 52.821854597288535], [5.9864738474332455, 52.82170373526503], [5.988904903684159, 52.82206457391084], [5.990575421396066, 52.82159718672788], [5.99421028645045, 52.81911688393505], [5.996508651789661, 52.816562161697476], [5.9990791746082905, 52.81691066725216], [6.007484147178565, 52.820047142650765], [6.017900307453943, 52.8219010297257], [6.024559656684195, 52.82254536256066], [6.026617205889025, 52.82107830879396], [6.031169149647493, 52.81499144142327], [6.038209743298276, 52.8177148417319], [6.043508865053721, 52.81960753613092], [6.044519714739286, 52.819752270444745], [6.046958121453074, 52.82052710521485], [6.0485371062898095, 52.82154436369133], [6.052936479245303, 52.824124068480195], [6.057816992434299, 52.82545335378669], [6.0599516127652135, 52.826119227942584], [6.059300642176926, 52.826806251118114], [6.054979743558965, 52.83134796243703], [6.052607790157948, 52.83733977599686], [6.054547429005704, 52.837631967836366], [6.056490310885796, 52.837966422921525], [6.061513344156854, 52.83929693330003], [6.0810006287675655, 52.83873292016026], [6.083298131276817, 52.83948756254341], [6.0874807133116775, 52.84311442474712], [6.093193363735429, 52.844579955671804], [6.119820018827375, 52.85421535275536], [6.128694566506535, 52.84780773175159], [6.130451881482213, 52.84387290534873], [6.136794724468618, 52.838917396257195]]]]}, "properties": {"type": "boundary", "gemeente": "Steenwijkerland"}}, {"type": "Feature", "geometry": {"type": "MultiPolygon", "coordinates": [[[[6.742898322921664, 52.28309251695455], [6.743607013524913, 52.28154697332689], [6.744232918668869, 52.28171450623557], [6.74576692861126, 52.28013047077405], [6.74813552260226, 52.27604842404454], [6.749368622141781, 52.27101598041659], [6.748564900177116, 52.27016634219773], [6.749398337969144, 52.269384601471735], [6.748821402281441, 52.26708542260432], [6.747915202837919, 52.26685381252064], [6.748981761468598, 52.26528609904026], [6.7507529621169535, 52.26115714398926], [6.752960219014173, 52.2523692082631], [6.748845217771647, 52.25173185364166], [6.729370980481986, 52.25254908189774], [6.724282076116351, 52.25270553048915], [6.723591027241235, 52.252011111172536], [6.719616991667387, 52.24861639579772], [6.717927347946962, 52.24351396081734], [6.720056025175067, 52.24374196237869], [6.721509367647156, 52.23915081653718], [6.720828531144993, 52.23802151988522], [6.718774936079855, 52.2378638163716], [6.718800457045681, 52.23917583518482], [6.717088474395228, 52.24098022203008], [6.712140330030922, 52.226028771764085], [6.703240066332794, 52.21944192815304], [6.702039720384617, 52.21682138176969], [6.712388376071088, 52.20633127022291], [6.70427974705419, 52.19923542173293], [6.69749467009668, 52.19624788221647], [6.683776631010888, 52.19729388972901], [6.675646855297575, 52.197913017526666], [6.672050940026797, 52.19818668966929], [6.653082381261428, 52.19370071994302], [6.624484760812943, 52.188879356905936], [6.630806773066768, 52.18629861745513], [6.634454160355949, 52.18595527202439], [6.640123925287058, 52.18128058538309], [6.641391742019999, 52.18090628491437], [6.642755354578692, 52.18144718903219], [6.647294462054715, 52.1768953598709], [6.645041079903561, 52.17419434172099], [6.640280472203151, 52.16740523746043], [6.634841832315649, 52.1721773846339], [6.631041337550665, 52.173142360177025], [6.629101319965561, 52.17203276202242], [6.625839945471261, 52.172499350596134], [6.6252861232386, 52.172172039173816], [6.626564127867454, 52.17145701543613], [6.624952510428483, 52.16864992156315], [6.6219897796630995, 52.16837305188231], [6.617356987922897, 52.165291016788075], [6.612147419503539, 52.16316639540503], [6.6092705423625855, 52.16514338039701], [6.607354953325737, 52.16463101076376], [6.602851521060428, 52.16912139232046], [6.603185021723404, 52.17072190430229], [6.6062076440633275, 52.17236922123019], [6.60632704277556, 52.173082523653136], [6.596115355901859, 52.179835308615914], [6.591077482315436, 52.18226368819071], [6.589953851578711, 52.18248788692996], [6.587982510810815, 52.18201068305368], [6.584948915223962, 52.181529891729284], [6.555349480778812, 52.17725558274481], [6.517641932225914, 52.181267006162564], [6.513240924817939, 52.18123050617071], [6.49583928749621, 52.177145324339484], [6.492401065463769, 52.17737181668213], [6.490646872993221, 52.17986292459728], [6.479031619478304, 52.18259953031475], [6.4783569097552585, 52.183827169739544], [6.472699946000784, 52.18904038971459], [6.4699989435603165, 52.19269037789901], [6.469464432002212, 52.19828193152062], [6.470269521129063, 52.19937968646586], [6.467118299902215, 52.20039523383731], [6.457287067582111, 52.200964538353944], [6.45613328980089, 52.20170910678173], [6.453491269631783, 52.204172329348125], [6.45274581329553, 52.20647705337891], [6.446311049758863, 52.21280075865078], [6.439967882020647, 52.217066976636204], [6.431573788626183, 52.22124403805962], [6.42934242387761, 52.223135597752425], [6.421975102675509, 52.23292551458761], [6.416807548062701, 52.237126086738904], [6.416395433966344, 52.23952489443609], [6.416422418940875, 52.24216609169008], [6.42103271560494, 52.24512678131456], [6.423819265432754, 52.24707868822987], [6.426226346678232, 52.248862171354354], [6.428486288208189, 52.24820304338595], [6.4318214241399305, 52.250901270280195], [6.429603517600869, 52.25151312636932], [6.42968476045305, 52.251697777681414], [6.436938073275397, 52.25406099604114], [6.4390435262508365, 52.25473000578763], [6.441490300552404, 52.25659684549463], [6.447812188508255, 52.25784317231575], [6.4570878433447625, 52.26159564555059], [6.466541228992385, 52.26549579186769], [6.47100155749231, 52.26768587461272], [6.472062802902965, 52.26971203612959], [6.4770758871960314, 52.271883376562535], [6.486661512692231, 52.274944401333975], [6.490511025158093, 52.27600190132038], [6.515760563955635, 52.28222490620342], [6.517263588947835, 52.28304398801555], [6.522542498664899, 52.28343127588475], [6.535028590501948, 52.282976730436694], [6.535795321044887, 52.28270432178288], [6.541561801249396, 52.28268317894176], [6.541546644273904, 52.282266627108655], [6.554008746125704, 52.283312895635035], [6.5622526561175505, 52.27435880554374], [6.568118232351148, 52.27018834041443], [6.574099472747913, 52.26931718209825], [6.586964434589637, 52.2703701886943], [6.595148644267273, 52.27119842406833], [6.605397944147106, 52.27072037955546], [6.612131802834864, 52.27691934835889], [6.626066700517336, 52.28997379713213], [6.6474651285869975, 52.293710801206274], [6.657520374955619, 52.29485409754498], [6.66609579749619, 52.29825185321653], [6.68363721171731, 52.306204635310834], [6.690940854019304, 52.30839085597264], [6.6974609000202445, 52.30861024823726], [6.701088727185478, 52.30806880223727], [6.7119927624511755, 52.303667930304115], [6.723698032793207, 52.29606523797362], [6.727838597588651, 52.292055261390644], [6.732892529061063, 52.28981282913593], [6.742887162405427, 52.28311314313108], [6.742898322921664, 52.28309251695455]]]]}, "properties": {"type": "boundary", "gemeente": "Hof van Twente"}}, {"type": "Feature", "geometry": {"type": "MultiPolygon", "coordinates": [[[[6.495125211904267, 52.32389286172003], [6.499327320666756, 52.32352174669899], [6.499759359374725, 52.32355522884556], [6.517908599473962, 52.32517455549294], [6.518060184393938, 52.32440766679608], [6.52313774877107, 52.323833700162915], [6.52412045968293, 52.32401166621547], [6.5246714961971195, 52.32563035324286], [6.531292989216516, 52.318741594355906], [6.532513253452407, 52.31721954175246], [6.533099233007433, 52.31666720543104], [6.536189314772033, 52.31564551894783], [6.5381888825025705, 52.31552358674104], [6.539651906084237, 52.315803234844324], [6.545089310907748, 52.31837520796904], [6.549041218736604, 52.312515428760804], [6.549032072962021, 52.312418840701156], [6.5499210950177655, 52.31128085515844], [6.550691142412388, 52.30957824912839], [6.552291316069451, 52.30338630067234], [6.553539241826902, 52.29722559472744], [6.553377756417506, 52.29492461868218], [6.552291172272725, 52.29494732605786], [6.549962893589246, 52.28780192054061], [6.550262945660056, 52.287365575544754], [6.553438616386978, 52.2839290283967], [6.554008746125704, 52.283312895635035], [6.541546644273904, 52.282266627108655], [6.541561801249396, 52.28268317894176], [6.535795321044887, 52.28270432178288], [6.535028590501948, 52.282976730436694], [6.522542498664899, 52.28343127588475], [6.517263588947835, 52.28304398801555], [6.515760563955635, 52.28222490620342], [6.490511025158093, 52.27600190132038], [6.486661512692231, 52.274944401333975], [6.4770758871960314, 52.271883376562535], [6.472062802902965, 52.26971203612959], [6.47100155749231, 52.26768587461272], [6.466541228992385, 52.26549579186769], [6.4570878433447625, 52.26159564555059], [6.447812188508255, 52.25784317231575], [6.441490300552404, 52.25659684549463], [6.4390435262508365, 52.25473000578763], [6.436938073275397, 52.25406099604114], [6.42968476045305, 52.251697777681414], [6.429603517600869, 52.25151312636932], [6.4318214241399305, 52.250901270280195], [6.428486288208189, 52.24820304338595], [6.426226346678232, 52.248862171354354], [6.423819265432754, 52.24707868822987], [6.42103271560494, 52.24512678131456], [6.416422418940875, 52.24216609169008], [6.402619063359929, 52.24327142644486], [6.389863498803165, 52.24255888373946], [6.385962907147439, 52.24310895982599], [6.383411008634175, 52.2440154955699], [6.381851643300315, 52.246112488483575], [6.3811335725865765, 52.246603246234386], [6.381224783704635, 52.247396529197815], [6.377205758950064, 52.25001730776214], [6.376542290966211, 52.25134909715536], [6.376343120413564, 52.25219260457317], [6.377286836888885, 52.254396137197325], [6.37488036794201, 52.255135609049574], [6.374809872969569, 52.25629756352192], [6.377222617834272, 52.25664826382647], [6.377162592814294, 52.258680993973506], [6.372944871803646, 52.26091085042969], [6.370775379789104, 52.260006099868576], [6.364834022458687, 52.26343295306617], [6.364543357607335, 52.26315633333123], [6.363062124917139, 52.26400992795361], [6.363488346604644, 52.26420822163526], [6.356718032745595, 52.26812786265109], [6.355376248236231, 52.26726530091847], [6.352842945051798, 52.2683501025835], [6.354883835787884, 52.26920086635395], [6.35348898431081, 52.27001811096827], [6.35212662459037, 52.27082655785324], [6.350831489877398, 52.26925353389788], [6.3488567460164615, 52.269891450074496], [6.350537656597737, 52.271448398607546], [6.328841849596825, 52.28110257984294], [6.327823442005299, 52.29014228896708], [6.327817328734296, 52.29018237456039], [6.326529564245222, 52.30163116051504], [6.341193467600841, 52.30907812470667], [6.355471536116266, 52.31792710009432], [6.356015359116978, 52.318218467358996], [6.3711069887235, 52.319945819993485], [6.397649383385887, 52.322725935682215], [6.415835863195477, 52.32499595492976], [6.421895879058272, 52.32568988264893], [6.4297328256682835, 52.325061488469245], [6.447541505111895, 52.32212881137925], [6.460919817148834, 52.32005859353471], [6.468189463937832, 52.32646227122263], [6.495125211904267, 52.32389286172003]]]]}, "properties": {"type": "boundary", "gemeente": "Rijssen-Holten"}}, {"type": "Feature", "geometry": {"type": "MultiPolygon", "coordinates": [[[[6.161282240291203, 52.44948840250489], [6.17472261503159, 52.433590599311266], [6.177454019529249, 52.43127087729792], [6.19105894452172, 52.432690196700335], [6.192586560549139, 52.430963906565246], [6.193494347581701, 52.42832455355874], [6.196552281592037, 52.42712166893869], [6.206483954525368, 52.42820988689459], [6.208342636578738, 52.42781587613902], [6.207648451820208, 52.425539172852766], [6.209896574916996, 52.42531675805165], [6.2309592110294885, 52.423499918817356], [6.222080238769516, 52.4084176348377], [6.2309465907130654, 52.39819887549007], [6.231989653790051, 52.394794097819776], [6.232120890665724, 52.393313219478664], [6.230865285357149, 52.391914164737074], [6.229932542996981, 52.389968243376856], [6.226821875484479, 52.3883699199089], [6.220231348031694, 52.38636061427981], [6.2184971592242135, 52.38530026395158], [6.2164042893507325, 52.386388228712484], [6.203988620972656, 52.38689943080556], [6.202355526301354, 52.385180337831834], [6.20652146857572, 52.384705972125964], [6.207572805550114, 52.383862016224526], [6.207300236798235, 52.382642655597955], [6.201607731382315, 52.38350804477857], [6.20082618202097, 52.38033594985565], [6.203577364085175, 52.37826939604271], [6.201975587008199, 52.37586623007663], [6.201960144440333, 52.37558063550094], [6.200337745343753, 52.37500400991565], [6.201480832241421, 52.374120413316334], [6.2013380533682545, 52.371395049613966], [6.200164764712689, 52.37112240494646], [6.196691371206636, 52.372214712248464], [6.195468186558398, 52.37417533646713], [6.18945679780349, 52.375746186461974], [6.188499617773519, 52.370927262860874], [6.1889633078916, 52.364265955258254], [6.19145159388249, 52.36119804369934], [6.194659221581342, 52.35864618277595], [6.196213855195133, 52.35861360250566], [6.196859677130392, 52.35211184681143], [6.2229617697371085, 52.34723681378886], [6.224235836177747, 52.34649652144914], [6.235665625326473, 52.33990236939078], [6.231878792507592, 52.33561285139574], [6.232483000005983, 52.32960702618799], [6.235563307103694, 52.328455769684965], [6.235355202766819, 52.31982010577962], [6.205620727594651, 52.32085514313155], [6.203691472245151, 52.32028089166446], [6.202473457828467, 52.31810568842837], [6.199513740143951, 52.31598318343452], [6.1900668955415155, 52.31475544486097], [6.183442560398025, 52.315029329120826], [6.181551460230381, 52.31485729578525], [6.182176622594573, 52.308910911055584], [6.171857352317414, 52.308785537569065], [6.163115704327213, 52.30740926579365], [6.140395362637484, 52.30376431019065], [6.130298645906616, 52.30166586984414], [6.129976507528869, 52.30159925705939], [6.118587362234115, 52.29889290722637], [6.108365601281927, 52.29765952607761], [6.108116740617464, 52.29901470997891], [6.101462873715745, 52.30121373904599], [6.101321017959444, 52.301224987262124], [6.098742220698589, 52.30116012442625], [6.099194764147601, 52.300128561733395], [6.0909027925771735, 52.299989685778016], [6.088129641228464, 52.30037651276318], [6.086234651077078, 52.301898065741206], [6.084072008549046, 52.30168613663818], [6.082928368375717, 52.30712036618516], [6.084398687935795, 52.311452315193996], [6.080990753152047, 52.311902688182215], [6.079694660864009, 52.317641750434504], [6.073776499947109, 52.31774114390824], [6.071843587632516, 52.317185274719506], [6.066525746656066, 52.31780930973342], [6.066087623037839, 52.32025327134844], [6.067388263996857, 52.3214130867617], [6.07070635007615, 52.321882099210306], [6.073681361684822, 52.33056944029561], [6.0743563516675785, 52.33255600307888], [6.07563316656503, 52.333300363932075], [6.074054230134881, 52.334523846113704], [6.075580327679283, 52.33474196447726], [6.076764931358042, 52.33865096295003], [6.075330788693634, 52.344555737369234], [6.076132035361939, 52.34566952807416], [6.076070973377084, 52.35057049551891], [6.078099791816931, 52.35175599666359], [6.0780107537934835, 52.35242663541167], [6.087241401710648, 52.353890213680344], [6.0947794414271765, 52.356931283887356], [6.093522996658619, 52.358671931772896], [6.090713800782597, 52.36044437761767], [6.088488284110712, 52.36114587908602], [6.080882953188242, 52.36203631899044], [6.077845861286348, 52.36429726586736], [6.0782041211738616, 52.36904637492183], [6.07970218227524, 52.37066505987703], [6.082464284339941, 52.37206950630915], [6.095134377575727, 52.37384136712153], [6.113372111213319, 52.37720908904074], [6.120854882233443, 52.37954224805054], [6.123651460121568, 52.381318467099014], [6.125831038700452, 52.38405882242021], [6.126197710921898, 52.38606622287756], [6.1252095189223095, 52.39262746699558], [6.129971636738466, 52.39860363329376], [6.130553787465173, 52.39997800369786], [6.127580311389591, 52.39961761519451], [6.12537335380965, 52.400177639639196], [6.123684272766366, 52.401916466732644], [6.119065831343005, 52.40264218046486], [6.116247704114382, 52.40487544455729], [6.114858144850003, 52.406985687333595], [6.110807890203207, 52.4078128669445], [6.114742156514439, 52.414255925030965], [6.113573543489784, 52.41690599298572], [6.113872982714443, 52.41985358803049], [6.11824588615835, 52.42664419102286], [6.118170133605108, 52.42843719448927], [6.11638604240846, 52.430199786454985], [6.1194902930998385, 52.43292608021751], [6.114107670351736, 52.43800683874327], [6.109581002680419, 52.44053110794481], [6.120410775746966, 52.442309862955064], [6.130272711918051, 52.44161236469396], [6.135908203870138, 52.44156620290612], [6.137076032416935, 52.44076191975182], [6.139660951568961, 52.44161751765155], [6.14043607975535, 52.44341271802614], [6.147676824815779, 52.44444144346221], [6.153134538045706, 52.45023030189383], [6.154915672038706, 52.45318338789837], [6.157681585342316, 52.45354138983516], [6.161282240291203, 52.44948840250489]]]]}, "properties": {"type": "boundary", "gemeente": "Olst-Wijhe"}}, {"type": "Feature", "geometry": {"type": "MultiPolygon", "coordinates": [[[[7.005064373854965, 52.44535903084971], [7.008382380416098, 52.436142043673286], [7.010809822029047, 52.42913213414146], [7.021991107100571, 52.42298482011083], [7.0281087900571295, 52.413613537131376], [7.034945342245209, 52.40355118345354], [7.036196975402379, 52.40261134993236], [7.041366318083269, 52.40256877007714], [7.042617856707929, 52.402107855234796], [7.051389200454059, 52.4002317834952], [7.055348513238426, 52.40101740984952], [7.05872986910997, 52.399410770436205], [7.058771817373078, 52.39625863822539], [7.063925423155361, 52.3904566610962], [7.072206567484493, 52.37280289886456], [7.039613967231827, 52.3683973260423], [7.031826450881747, 52.36768678877889], [7.01099021677488, 52.364114437483295], [7.007831632377971, 52.363825550861264], [6.984761973257602, 52.37257665674216], [6.970925119127699, 52.37984744692788], [6.962670330581344, 52.36338709145306], [6.970260912779529, 52.348766863583215], [6.9659753605082395, 52.34838673658168], [6.961106008144707, 52.346812315539694], [6.952844970453605, 52.34035046610883], [6.951142417112312, 52.337959770606076], [6.953585034229809, 52.333973644001354], [6.945203806785675, 52.33272380909695], [6.93753251394024, 52.33283640256845], [6.931906803844743, 52.33275571500191], [6.930443317043266, 52.33001228054405], [6.930970811166471, 52.32945968391135], [6.924600786464862, 52.329990377856994], [6.91819049312779, 52.3307997934617], [6.9127951072776535, 52.330570977125944], [6.911359946003367, 52.3307568642951], [6.906227638434446, 52.33261135295852], [6.900647248048439, 52.33346022589421], [6.8981505232489315, 52.328148265839516], [6.89715950020775, 52.32821333744568], [6.8972266791779235, 52.32804756597115], [6.895930814813629, 52.32608626955391], [6.894741497359979, 52.324953851954405], [6.887779883580746, 52.322057473376205], [6.886335408604047, 52.322282020340076], [6.885605860950452, 52.32125229474765], [6.884332647552233, 52.31845221714847], [6.879869728211759, 52.31901423745642], [6.876991686679478, 52.31226200686247], [6.871771868767919, 52.31260965759994], [6.8709343291919005, 52.31190186391052], [6.86934143649592, 52.312119044194866], [6.8683691551765484, 52.310611548596825], [6.867050855465937, 52.31031103070175], [6.867111530257784, 52.30829665345116], [6.865042184542118, 52.30679963239263], [6.863573386869232, 52.30734793242222], [6.861350350050911, 52.306366598654485], [6.859782373029207, 52.298674099920866], [6.8652993046167925, 52.297221012521746], [6.872720652382471, 52.297362710876314], [6.87967505290228, 52.294839638175674], [6.879903445438736, 52.29371886190906], [6.883890909982826, 52.29395279207137], [6.887932986267224, 52.292761931668494], [6.889481419927935, 52.29246666633069], [6.8944986747714125, 52.293537838577336], [6.912128387890581, 52.28550545942593], [6.895374687860111, 52.28382637366908], [6.890216864115268, 52.282204162296544], [6.889568185831837, 52.280977659140945], [6.887812611458785, 52.283451783323784], [6.883208537219964, 52.283170212081444], [6.883262778097756, 52.28221252981188], [6.880021385529487, 52.28140369029055], [6.8812433574436245, 52.27935525065754], [6.876495996540304, 52.27472441272577], [6.868328382078631, 52.272961375478026], [6.840492497583416, 52.27631113374769], [6.847570962195524, 52.278583453264936], [6.846663992288241, 52.27945989199149], [6.845761681590125, 52.2797585792232], [6.852015107073318, 52.2820591204479], [6.850646252162555, 52.28297156724143], [6.851182230212521, 52.283206877030594], [6.850305339599261, 52.284131120704714], [6.852489593373539, 52.28486989532946], [6.852389618605375, 52.285200789364104], [6.851595938395586, 52.28592343844534], [6.847800326782919, 52.28991557677539], [6.846375936608587, 52.29140162679452], [6.842699081101721, 52.2917463976807], [6.843203327242998, 52.292447954572154], [6.83959088520044, 52.293303272435416], [6.839467705896827, 52.29312054745613], [6.8384010150376255, 52.29336882913351], [6.836635812613922, 52.29323774943358], [6.834932384869669, 52.294141176067214], [6.831187112404056, 52.29397889849421], [6.827902814812968, 52.29486196547898], [6.827891210430473, 52.29552187989241], [6.823069111586438, 52.297096764831956], [6.8205044955274285, 52.298535033273566], [6.819143642950125, 52.30083894902835], [6.8192379364885705, 52.30144800446634], [6.819790558909459, 52.30148754739489], [6.8199855433479915, 52.30241909245922], [6.8211709206085125, 52.3024809539292], [6.823896440337693, 52.30442356245365], [6.825692309782029, 52.30639983528545], [6.823337036340017, 52.30875924633314], [6.812252201884284, 52.310887025135294], [6.809335585101247, 52.31036259445617], [6.807816659597664, 52.31309097382302], [6.803230715430536, 52.313436581937516], [6.802039592048872, 52.313585830647604], [6.802129664150324, 52.31454395115282], [6.798610760546775, 52.31512979191764], [6.785149701316218, 52.31736973664731], [6.785870992085459, 52.31819071808571], [6.7780563886552265, 52.318128384871116], [6.773842526663959, 52.31891035557046], [6.763052309230275, 52.3280303587751], [6.76213670757849, 52.330761431485755], [6.759035974160268, 52.33206046085604], [6.759588821339995, 52.339080556020974], [6.760577778857853, 52.34194273537263], [6.762634959105051, 52.34343703139067], [6.773979217349225, 52.34656322566479], [6.778322998602726, 52.350212083170916], [6.7834000955222065, 52.36011595786532], [6.797602381023497, 52.36129691787469], [6.806834122254827, 52.362217546196334], [6.817721420777571, 52.36509219923931], [6.835793648247193, 52.362624839062775], [6.85178991503572, 52.36216884209696], [6.855674624436914, 52.36028789474132], [6.863585512073021, 52.36373140422909], [6.863568274057764, 52.388638138482996], [6.8623390834295215, 52.407816631260886], [6.860750895542819, 52.40853956384424], [6.856592877517321, 52.41045155447364], [6.851495742641605, 52.414582685887645], [6.85341169239528, 52.42706282525642], [6.891192317858951, 52.4320288466961], [6.896911193327834, 52.43278936229453], [6.928526345936339, 52.43414907050464], [6.938776876765666, 52.43272323001625], [6.947239819378593, 52.43283702750371], [6.949224878139592, 52.432865856141994], [6.947301404147159, 52.436622150610226], [6.953507313179121, 52.43993250515974], [6.961062624502129, 52.443989047161025], [6.961786411619772, 52.44362514008335], [6.962189193098444, 52.44398386413875], [6.962037806180478, 52.44470620368291], [6.96444165725825, 52.44728099318907], [6.9709582282329485, 52.45569184064489], [6.9724095184516734, 52.45736907181855], [6.97443008086853, 52.45970435997698], [6.977534699346767, 52.465681459322276], [6.987624166854277, 52.46976747320136], [6.991799903296069, 52.46737692190279], [6.993908070392186, 52.465486089192694], [6.9945748854366165, 52.46212771392996], [7.000026585734497, 52.45471161619205], [7.005064373854965, 52.44535903084971]]]]}, "properties": {"type": "boundary", "gemeente": "Dinkelland"}}, {"type": "Feature", "geometry": {"type": "MultiPolygon", "coordinates": [[[[6.119886141127255, 52.66487883982766], [6.103833459387837, 52.65614083762078], [6.1041253011393595, 52.64692921457881], [6.103000254023895, 52.64674486807291], [6.101932835861234, 52.64062043023185], [6.097383456454707, 52.63618217116709], [6.097239213274264, 52.63604382471721], [6.0959174529881475, 52.6309413684742], [6.0983486532065285, 52.625555013623256], [6.103931307280846, 52.62556958014596], [6.105094668290112, 52.621494205444364], [6.106666635022681, 52.62147465061936], [6.106727998084319, 52.62084542239991], [6.10587275223553, 52.620828560229846], [6.106159257697051, 52.618897617758485], [6.107477445512134, 52.61887292795497], [6.107615024716933, 52.61797092635037], [6.106414258304544, 52.617894526861186], [6.106525723954919, 52.61468851800462], [6.103701648597258, 52.612685640320414], [6.106003479250815, 52.60693428800152], [6.103064256252157, 52.60565225599702], [6.105283419825818, 52.60343328675647], [6.105848593498492, 52.6036964362845], [6.114245453982616, 52.599992974846955], [6.1196133939858655, 52.59733688820824], [6.124057375587754, 52.59405671138132], [6.125508148409393, 52.59249196467409], [6.124032038826634, 52.591282746491714], [6.127466370534912, 52.58675677302753], [6.131378348422808, 52.58124644456297], [6.147418934757692, 52.5844083990291], [6.147531902720268, 52.583800642896826], [6.155069863778334, 52.58270650819553], [6.157425808107573, 52.58077686708774], [6.158712711948608, 52.57592688502916], [6.166814567012552, 52.56525233682819], [6.1405277188619385, 52.552102662609045], [6.127818406426862, 52.55672599972981], [6.126686073466938, 52.55611163780191], [6.1189982054122645, 52.557674932834004], [6.118081543232769, 52.55739770902528], [6.117219162811322, 52.55849606553354], [6.115959291346725, 52.558869526548456], [6.113962718093726, 52.56081063343075], [6.109791132038094, 52.56111475092852], [6.110060251636643, 52.56741253949148], [6.103675908839138, 52.5673526700977], [6.100787476860446, 52.563761889565185], [6.097684837603021, 52.558629651711406], [6.0924117991698585, 52.55351653977048], [6.0894003343124075, 52.55184087836438], [6.081053491031907, 52.55387703533488], [6.0741866193731875, 52.55640257443255], [6.073545209074032, 52.55917625898757], [6.070156835660333, 52.558226408174804], [6.063154642024698, 52.56728006872166], [6.03354652040295, 52.55903004418157], [6.0330386663049484, 52.55940361898338], [6.012889448321908, 52.58611406705079], [6.012689013483289, 52.585636402063656], [5.982942153052215, 52.577513737108816], [5.973010821534097, 52.59090263694265], [5.972625104741731, 52.59145807040722], [5.972414574002078, 52.592554766683314], [5.9713427545383855, 52.594157234841745], [5.972721659194249, 52.59553762104489], [5.981246048752517, 52.60589428147014], [5.991309995073556, 52.6144298981922], [5.991746785745632, 52.621747516092164], [5.987951351991642, 52.62407116060677], [5.986385862424913, 52.62502818101358], [5.98717629925355, 52.62693013208367], [5.989671205528494, 52.625338098227125], [6.010787768304452, 52.637144367736504], [6.013164230577396, 52.63931875934538], [6.012475084203316, 52.63943944901134], [6.012862884851723, 52.6397441467168], [6.01806254058586, 52.639002321890224], [6.020340270426269, 52.63789376538733], [6.020354503822904, 52.63866199036136], [6.022227976059839, 52.63951228721372], [6.021705375813217, 52.64061175948078], [6.02103320687278, 52.640937319403534], [6.01859991537574, 52.64325917364938], [6.017506005064391, 52.643399610893105], [6.018073839114161, 52.64385510335861], [6.01886026091202, 52.64351422677209], [6.02110310610151, 52.641367349512244], [6.021726279076587, 52.64149996021072], [6.024577041780431, 52.64205656225296], [6.026217801109153, 52.6429191557996], [6.038209351707004, 52.64950016023328], [6.05486522404182, 52.65021910139557], [6.058920028853374, 52.65232942812257], [6.061407609425132, 52.65285853350086], [6.0729071848264615, 52.658141587495244], [6.086473449748499, 52.66337832384385], [6.097361280984491, 52.664627706456116], [6.0999181878091155, 52.66082159058922], [6.102469928620594, 52.663434053270386], [6.107492876905842, 52.665636079703745], [6.119566944979417, 52.66793727541699], [6.119886141127255, 52.66487883982766]]]]}, "properties": {"type": "boundary", "gemeente": "Zwartewaterland"}}]}