{"type": "FeatureCollection", "features": [{"type": "Feature", "geometry": {"type": "MultiPolygon", "coordinates": [[[[6.559352807309914, 51.9743641599273], [6.569684000920984, 51.972158057725395], [6.57510455425862, 51.97322466789661], [6.58944184305776, 51.97170952663788], [6.591743459178578, 51.972125496902464], [6.592541388737914, 51.97084154032557], [6.598433343381924, 51.971143319333926], [6.604276188023598, 51.97027628442133], [6.628720872396884, 51.96728160478294], [6.633928383957774, 51.965669716132275], [6.638915729576389, 51.962547174321706], [6.63922572465163, 51.95939767487293], [6.629071226076196, 51.950092237185004], [6.63306829958096, 51.94768537065938], [6.633739756955162, 51.94586431421333], [6.634323848141692, 51.94501341791486], [6.633705864585663, 51.939715467474755], [6.632007809499918, 51.93781715580569], [6.634223257104113, 51.937371775908225], [6.634152572329094, 51.93530015633748], [6.639180138271955, 51.93246656089034], [6.645973586916186, 51.92960590093447], [6.646943631080614, 51.9293926755005], [6.649483397051582, 51.92890688650788], [6.651292394838852, 51.9285425819168], [6.653257657704889, 51.929111905792304], [6.653652922966888, 51.9302672482443], [6.656648610402509, 51.930180183350856], [6.657600984643387, 51.928449338979355], [6.657873386954506, 51.929106261590675], [6.659003754955315, 51.9290196846409], [6.659071633163446, 51.92584323843097], [6.657985058724328, 51.92602834980831], [6.658030332805563, 51.924332107200044], [6.6606783228137285, 51.922228548664116], [6.662178288374149, 51.92053807431006], [6.661720692174486, 51.92035133516887], [6.663126282960401, 51.919794014722676], [6.662843148758252, 51.91851000762568], [6.660766474505319, 51.918369174210035], [6.661613111073391, 51.916906172889824], [6.660587393212556, 51.916706533153544], [6.661009517477073, 51.91560372116671], [6.662942390558495, 51.91573692384071], [6.6642852639232775, 51.91648118538742], [6.666992408140504, 51.91430617832114], [6.6687330736924855, 51.9138637415925], [6.654631704974988, 51.90894056484284], [6.637716809921857, 51.90445503130617], [6.634173482851937, 51.901005744324], [6.6276952285541535, 51.900857886506124], [6.625309710854391, 51.901942238150625], [6.619635017498949, 51.90066401592452], [6.604321169025476, 51.89725891141537], [6.585779852776025, 51.89408234554722], [6.569130071410921, 51.88810974540624], [6.563869946011255, 51.88548945190934], [6.562778381276199, 51.884411732554376], [6.560864720961827, 51.88401602713723], [6.560976819709935, 51.88248313792937], [6.5603370430979435, 51.882195839393724], [6.558812415801513, 51.88252695543566], [6.557279623552404, 51.88177814745655], [6.5558628331074535, 51.88180507441559], [6.5553288442470645, 51.88343805055612], [6.552717205477173, 51.8840516703199], [6.552425530403163, 51.88619179956223], [6.548363002595644, 51.88534703658541], [6.549897638424286, 51.883390382762414], [6.549250492151138, 51.88314332333539], [6.547505234357481, 51.8833210175947], [6.545291848862262, 51.88463225870654], [6.54415063840508, 51.88461017579829], [6.539898612775338, 51.88091657430397], [6.529205494235036, 51.87681634991163], [6.5298859461601895, 51.87598833707267], [6.524476736848509, 51.87405136902979], [6.524572502694582, 51.87369264073444], [6.5182886313389305, 51.873117546417234], [6.515609124084181, 51.87352177556371], [6.5145777165112095, 51.873126168947486], [6.511547563331292, 51.870860175966634], [6.504470692499455, 51.86855598126107], [6.503193155096241, 51.86763399940334], [6.501060735711096, 51.86800048902697], [6.502207931932513, 51.86470563390075], [6.5002910101975875, 51.8622727823071], [6.487922654681101, 51.859061834310786], [6.483977876032559, 51.857560462000656], [6.48251239828254, 51.85683642782127], [6.4808800292964275, 51.85693498810352], [6.478233079373375, 51.85688030783231], [6.47705362819054, 51.856659975431626], [6.473895213366211, 51.855474836745714], [6.472507867808481, 51.853823388881864], [6.464735097936943, 51.85516273551179], [6.464383816304927, 51.85528764808626], [6.468127169904918, 51.860347198377696], [6.468402228442173, 51.864176631777575], [6.471285594948249, 51.86452635101623], [6.471867207799017, 51.86607601319446], [6.471834923741892, 51.868962911552195], [6.474325210731685, 51.86945667754248], [6.475314341081444, 51.8706609854893], [6.477872769590334, 51.871758618758584], [6.4779792006512595, 51.871852322984616], [6.478467997827753, 51.87230947094493], [6.48097494260499, 51.87407472477398], [6.48349972023008, 51.87741667578997], [6.48420761852063, 51.87896880034731], [6.481901124416899, 51.88341573326342], [6.480609086973019, 51.88426297984782], [6.479170367898639, 51.88924281315102], [6.479994209352817, 51.89433663537357], [6.476064643907978, 51.901972772052765], [6.472352096741552, 51.907353546740424], [6.482710373877167, 51.91026011367041], [6.4886688955854455, 51.912731945813164], [6.487112842024035, 51.91408612470802], [6.491175055095791, 51.915641563205284], [6.490659575076883, 51.91717127016368], [6.492576866729978, 51.917409939295034], [6.4932339256168286, 51.92021763619789], [6.492359370078985, 51.92593019515662], [6.494519302509933, 51.92712102231617], [6.497089777916598, 51.92959976622912], [6.495580304939082, 51.93028777527809], [6.50312792775304, 51.939313287039084], [6.500979540424322, 51.93950443350271], [6.5029664588185705, 51.941284725664865], [6.5034540114628445, 51.94402294789736], [6.504781022013772, 51.945984456120755], [6.517186482387612, 51.94800776956163], [6.518642239328401, 51.951171395720266], [6.5186143121605635, 51.95346782860799], [6.519832743122834, 51.95556278739313], [6.532829488598918, 51.96235359809405], [6.527269953581533, 51.96602365441836], [6.547385825983116, 51.97276685985352], [6.554528731884807, 51.97375776015968], [6.559352807309914, 51.9743641599273]]]]}, "properties": {"type": "boundary", "gemeente": "Aalten"}}, {"type": "Feature", "geometry": {"type": "MultiPolygon", "coordinates": [[[[5.9893646958006475, 52.27403503657358], [5.993370562042951, 52.2739314568401], [6.009163330315034, 52.27633840316896], [6.028863800470832, 52.27681317511878], [6.030398962929159, 52.2762049847993], [6.031256167628735, 52.2752357613878], [6.0297618976061145, 52.27261430238245], [6.028927461645129, 52.27232408136289], [6.028531250968539, 52.27098594794051], [6.031045193011752, 52.270924981954735], [6.030312882395859, 52.26923276147893], [6.03435240264051, 52.26910700295841], [6.036395050413693, 52.268530634154594], [6.034849105908022, 52.26551755948592], [6.0376847605473465, 52.26360639911633], [6.037493879298955, 52.26092076241833], [6.036506093419861, 52.25948983489647], [6.035802081428505, 52.25951358352502], [6.035149633257926, 52.258314993991995], [6.031769780210962, 52.25855079456222], [6.031159817219465, 52.253164400066545], [6.028466155097333, 52.248658061533696], [6.024801946324934, 52.24893678776141], [6.027338655856923, 52.24581345454879], [6.0283997080368605, 52.245388211292095], [6.027889098747636, 52.24486093279852], [6.028927672626269, 52.24439074969792], [6.026506116051407, 52.242904719095115], [6.028331836580346, 52.24168027344505], [6.028472235525952, 52.23904347214913], [6.032545682285683, 52.2355909730637], [6.034408943507556, 52.2343054304129], [6.036042187970511, 52.23191768494153], [6.034973309613207, 52.23139076070833], [6.03364011908081, 52.23151518048242], [6.034239907248456, 52.231345513022475], [6.034461982472473, 52.22778587975918], [6.0334249797639, 52.22407995487054], [6.03546441666169, 52.224481488168486], [6.040899444121954, 52.22413407332948], [6.042408237165413, 52.222471358997346], [6.046909690545761, 52.2213681182526], [6.046866905188343, 52.22044349010101], [6.048241142176925, 52.216424782948394], [6.047908494526256, 52.21300445397502], [6.050244325474599, 52.21001989460627], [6.053746220203769, 52.20087527549672], [6.057285825709617, 52.19665996489301], [6.058251399741579, 52.196171602786656], [6.058238729787101, 52.19593537673699], [6.056093231718107, 52.1960555686609], [6.0538742986121825, 52.19499983257321], [6.053169899955929, 52.19261388048904], [6.051070082121815, 52.18875208148602], [6.0509734893877205, 52.18714185950882], [6.049389666804011, 52.18521024533066], [6.05012554394826, 52.18328799493043], [6.051636734056051, 52.18214281088463], [6.053807297686711, 52.181352490227994], [6.055345065397684, 52.17949318935304], [6.059794664631439, 52.176221156245965], [6.061355158516935, 52.173945875947354], [6.062453694741942, 52.171713389165966], [6.062863470167037, 52.17088876743753], [6.065694506859038, 52.16522177432848], [6.065807243217697, 52.16464882273773], [6.066422924881511, 52.161524466865615], [6.066245612153735, 52.161020317603935], [6.064458367287307, 52.158326566495795], [6.06425733058123, 52.15738500943068], [6.067384052529038, 52.15391087322803], [6.0726695524564125, 52.15006757563814], [6.0745440560575, 52.14838763939943], [6.074369890070436, 52.14730120576544], [6.076067612341002, 52.1439383497257], [6.07848442458751, 52.13887841648359], [6.072667774136508, 52.13534303050366], [6.0713924539185085, 52.134572640935026], [6.069622456559777, 52.131305165362086], [6.051726391460788, 52.12447746083074], [6.051546317838846, 52.12439764061169], [6.047646362661788, 52.119194904438075], [6.043172261301216, 52.116908413440335], [6.04057987225228, 52.11456733368906], [6.041130175693058, 52.11237164122915], [6.035817965407521, 52.10946635580504], [6.035437209780141, 52.10764012547242], [6.035227126499623, 52.107172274200394], [6.034211358343124, 52.106129372533445], [6.033908441586791, 52.10419150582694], [6.034825457847197, 52.10289997131044], [6.0324708032581915, 52.101505383035665], [6.034258810982569, 52.09834577386014], [6.034053412752283, 52.095724024263184], [6.0315939502753, 52.09560582183438], [6.017389673339399, 52.0830189502093], [6.008848677855863, 52.07401431276021], [5.990479916218063, 52.07916437456237], [5.97704285706513, 52.07830991225433], [5.964646016531948, 52.076322447805985], [5.955930987203362, 52.07333878140317], [5.946102829900775, 52.077890793332685], [5.948215284524677, 52.09083415423723], [5.951463141177744, 52.099893325164814], [5.946184670556203, 52.099300090178275], [5.927262836004102, 52.10026592434835], [5.911470195524201, 52.10030990174876], [5.900104177329925, 52.10378506436125], [5.893785714115867, 52.10477570422393], [5.883449396233207, 52.10634252299857], [5.876268832561614, 52.11446129476508], [5.874178068257264, 52.1166767765834], [5.864762109460483, 52.12554461445225], [5.864352875158343, 52.126993504745876], [5.864209648188485, 52.1275568372758], [5.86231877134821, 52.13478833904444], [5.861138571384248, 52.1452614498725], [5.859545596564512, 52.14874969849699], [5.845761527984841, 52.1516097219955], [5.809843411064373, 52.1514149250194], [5.809646744863472, 52.16669191357783], [5.801959407829833, 52.17736387377406], [5.811932668710653, 52.18487827401164], [5.799657562795787, 52.19465184059729], [5.796260609270915, 52.19634019499725], [5.792025759701651, 52.19698657108643], [5.750585127774413, 52.1937308135454], [5.741075169888058, 52.20187953892327], [5.7307650410301845, 52.20859946778636], [5.728594352237216, 52.215547650851455], [5.727435897230842, 52.219298524552656], [5.741673919629833, 52.219881766957926], [5.743029356632416, 52.223490199397155], [5.738214382420255, 52.23157889670542], [5.73335942726929, 52.23177279373121], [5.730915644382007, 52.231568890504164], [5.729553841689903, 52.2389221400629], [5.726389560260948, 52.24250331526545], [5.751680026705248, 52.24608188428602], [5.761449425039887, 52.248303961907176], [5.74922820648684, 52.26827310944234], [5.751264164129406, 52.26956139816717], [5.772996173902732, 52.27035431059451], [5.780039032668401, 52.27060193223949], [5.792458409920457, 52.26997662762601], [5.797242433677215, 52.2696958195345], [5.802233190889537, 52.27049874327749], [5.809990195491252, 52.27030428214279], [5.821427384447843, 52.27267195959213], [5.829738552683527, 52.271278684442514], [5.842719040989368, 52.26714593133992], [5.850811747596053, 52.2686954469146], [5.85452129674408, 52.260102332962965], [5.8608924281751715, 52.25580713146357], [5.867388460997487, 52.25987170425334], [5.87959300365602, 52.264991363896556], [5.9229043496597065, 52.27198806559681], [5.936211613145669, 52.27441944113606], [5.957921758475218, 52.27236717530986], [5.9596043898933875, 52.27246148592298], [5.973890082002467, 52.27320924568613], [5.981138150926174, 52.28070490771272], [5.982170049107955, 52.283825677980246], [5.985357638261678, 52.28459399009042], [5.985744094176593, 52.28566957634518], [5.991404972136693, 52.28554195899571], [5.992422713355096, 52.28490053304768], [5.9893646958006475, 52.27403503657358]]]]}, "properties": {"type": "boundary", "gemeente": "Apeldoorn"}}, {"type": "Feature", "geometry": {"type": "MultiPolygon", "coordinates": [[[[5.943248837686669, 52.0623047209638], [5.937098831567902, 52.048533165051246], [5.941402079259075, 52.01148597011955], [5.942396220794239, 52.01083091295091], [5.946048195450239, 52.01050389989649], [5.943310317693084, 52.01013422310831], [5.947689102471521, 52.006882489489456], [5.949817168807243, 52.004112307635594], [5.950965911522413, 52.00135376805391], [5.9515263179131015, 51.999637735885855], [5.95361336611934, 51.995001499620045], [5.955368476424993, 51.993611878506165], [5.955193186420404, 51.993364037542925], [5.960938912858345, 51.98849185815383], [5.963829348468254, 51.987054597508404], [5.97123883626187, 51.98469952467175], [5.980927745652628, 51.98131686547189], [5.985008551483239, 51.97889748466141], [5.990340114969176, 51.97440592458356], [5.968412634071743, 51.972082665787795], [5.963628896833066, 51.971143109213806], [5.959494006846006, 51.96946550086112], [5.952428827866258, 51.96456971293568], [5.949392283083679, 51.95900351725144], [5.950109496982474, 51.95422868582668], [5.955225451499314, 51.94875330637283], [5.940327672800763, 51.956039558780994], [5.935597113759658, 51.96041547604286], [5.931830628322292, 51.959482944437774], [5.931617405098918, 51.95673383585353], [5.930717296756424, 51.95286894601494], [5.929522074161532, 51.950745810100564], [5.928378827977932, 51.95080414636362], [5.928301342902354, 51.95082008897154], [5.922007041279388, 51.950838826718446], [5.915172733523691, 51.94996728883718], [5.914173667587481, 51.94861148318147], [5.912193243590079, 51.947914744360446], [5.911330114818957, 51.94733594188406], [5.911715661788541, 51.94701884026973], [5.910964823301658, 51.94590661776872], [5.9124170253969, 51.94491494468461], [5.901863558899118, 51.933463871961294], [5.898038387882759, 51.93433042540613], [5.894983151864954, 51.9351156431253], [5.892673415613747, 51.93573180457943], [5.887768594623368, 51.93613507151778], [5.884790187236741, 51.93744853401773], [5.883650867355986, 51.93764998404113], [5.87837295984338, 51.938772167171294], [5.875812718996462, 51.940379715471195], [5.871892877388928, 51.94152169324465], [5.8622430813732604, 51.94288921343266], [5.861506349595127, 51.942575332993485], [5.852821912676911, 51.944078240713495], [5.85039408551849, 51.944509943427676], [5.849679605530954, 51.94294383572688], [5.839400389457236, 51.94435541750556], [5.837402660099671, 51.9441561829058], [5.837171993101243, 51.94517738863008], [5.829927104810603, 51.945236956402724], [5.828633983307836, 51.94848342112736], [5.830506923199997, 51.953266102883276], [5.829912198419425, 51.95343120321042], [5.830080715370087, 51.953853047768824], [5.83133061905296, 51.95604051869232], [5.831338111688193, 51.95861637784248], [5.830197401487478, 51.95862347549024], [5.8293394186458425, 51.96084772177568], [5.834420521467367, 51.96303350326266], [5.835953386621398, 51.966163731743386], [5.835368138018454, 51.97069968657512], [5.836195405096139, 51.97092278630321], [5.835342614473691, 51.97355842236718], [5.8440317665661174, 51.97250357797116], [5.854301925387801, 51.969835728088], [5.854358118817419, 51.96982546946614], [5.859467560303783, 51.969554733911295], [5.864182196273013, 51.97050360413429], [5.867136107669171, 51.971953715765885], [5.870860216798019, 51.97511277135238], [5.869186852479163, 51.97599121204561], [5.866866861388051, 51.975302290357675], [5.864716640199152, 51.9762712175395], [5.863736836276108, 51.97796444152764], [5.867369713067763, 51.9802897497492], [5.866218478671184, 51.984006338370506], [5.865266138520513, 51.9845577800608], [5.863161724813486, 51.985325316836395], [5.8637628957651655, 51.987537396705854], [5.863763928323439, 51.98754085662803], [5.864702374011964, 51.99108128562637], [5.862560012077073, 51.991220784665025], [5.863713777007394, 51.9957686257289], [5.856194870888176, 51.99610575344347], [5.8473972905367075, 51.998318243336115], [5.8338074445709704, 51.99871717506762], [5.820339141487896, 52.000805122869636], [5.802960590410477, 52.004053824647805], [5.807225921992703, 52.011700291656624], [5.808338274041491, 52.018759767282376], [5.813373652699413, 52.024070460574386], [5.818650600047293, 52.02959413315705], [5.8242019182126255, 52.0348437132081], [5.837918095404843, 52.04663191904768], [5.85002746556735, 52.05159455268556], [5.859667923716187, 52.05201756311111], [5.882063165811084, 52.04941091877144], [5.8994013397357055, 52.049958323870094], [5.8981244139945685, 52.06336220665227], [5.909743374417031, 52.06209629925755], [5.946102829900775, 52.077890793332685], [5.955930987203362, 52.07333878140317], [5.943248837686669, 52.0623047209638]]]]}, "properties": {"type": "boundary", "gemeente": "Arnhem"}}, {"type": "Feature", "geometry": {"type": "MultiPolygon", "coordinates": [[[[5.726389560260948, 52.24250331526545], [5.729553841689903, 52.2389221400629], [5.730915644382007, 52.231568890504164], [5.73335942726929, 52.23177279373121], [5.738214382420255, 52.23157889670542], [5.743029356632416, 52.223490199397155], [5.741673919629833, 52.219881766957926], [5.727435897230842, 52.219298524552656], [5.728594352237216, 52.215547650851455], [5.7307650410301845, 52.20859946778636], [5.741075169888058, 52.20187953892327], [5.750585127774413, 52.1937308135454], [5.792025759701651, 52.19698657108643], [5.796260609270915, 52.19634019499725], [5.799657562795787, 52.19465184059729], [5.811932668710653, 52.18487827401164], [5.801959407829833, 52.17736387377406], [5.809646744863472, 52.16669191357783], [5.809843411064373, 52.1514149250194], [5.785330914996647, 52.15127457246926], [5.774690869194589, 52.152228703682056], [5.762105399044812, 52.14759826113173], [5.743295537775168, 52.1487007077031], [5.736075384831336, 52.14790836107266], [5.735793319126732, 52.147877079893846], [5.720349615829658, 52.14626022421086], [5.720612634743598, 52.14499212443783], [5.721847238996288, 52.14482004074472], [5.7209295407383145, 52.141063142702116], [5.721939181722786, 52.1385952922509], [5.721519834601223, 52.13799467261691], [5.7173016024375, 52.13748073715813], [5.7172796873192935, 52.13644955019205], [5.701825695770922, 52.13537726588994], [5.7002531598168265, 52.13611562205815], [5.695117677987269, 52.136514979601], [5.692518670441502, 52.13738957901061], [5.6888212145501065, 52.13702752585478], [5.685849570987881, 52.13526607924446], [5.6839323590720205, 52.13214488436563], [5.679257538962719, 52.13160365312365], [5.6793868554638065, 52.13206138984831], [5.675693826927463, 52.13335379022024], [5.669017998092823, 52.13468642901215], [5.6657047068218835, 52.132758714227904], [5.661649674475134, 52.13204044777386], [5.656954685788768, 52.13258039666874], [5.656331739825722, 52.131735371586196], [5.64836449868022, 52.130912646147536], [5.64677371174972, 52.13026578621019], [5.645285446355475, 52.130804598421], [5.642920598428724, 52.13043036861723], [5.6382431111674, 52.13076566725434], [5.634966589410467, 52.12970759975746], [5.622728469685301, 52.127550057284594], [5.616504729264183, 52.12779143480924], [5.610430460159528, 52.12551075547169], [5.607383101185052, 52.1249950829363], [5.601582849576487, 52.125444963283215], [5.59767075996421, 52.1242110730884], [5.592492074414748, 52.12402678170026], [5.591385829166938, 52.124435232014804], [5.590367717994102, 52.12361929189284], [5.589076599564682, 52.12398548633042], [5.5844493632009655, 52.12181980776055], [5.576730322908179, 52.12045966417712], [5.5712504452536145, 52.12210238055872], [5.569468298397028, 52.12217944828556], [5.567749446655817, 52.11974644378134], [5.568619678444075, 52.11820965014546], [5.567658239495892, 52.11832305561946], [5.565218057580142, 52.12200463993862], [5.561894629578173, 52.12168249228541], [5.561235194378005, 52.12025155553139], [5.55358623213973, 52.11326389353766], [5.550969599865932, 52.11182248944003], [5.5467448272331294, 52.1113702416689], [5.550342612110268, 52.10541973367083], [5.545291806702376, 52.10439023007571], [5.546302203673316, 52.10244381437996], [5.544012638382804, 52.1019490740196], [5.541539933004595, 52.10373728344619], [5.531543284885714, 52.10226714628796], [5.525163740731535, 52.10075163721075], [5.523186557943016, 52.10432250681245], [5.519368149531524, 52.1004943926039], [5.517382916123686, 52.10062944123528], [5.515489088547613, 52.10173140970299], [5.51251744534572, 52.10610089676839], [5.510400680926715, 52.107842654461066], [5.507197683256857, 52.10795342699703], [5.502072252657183, 52.10973566242863], [5.500958933756973, 52.110870065768], [5.493861744149338, 52.11109752717092], [5.493921928126127, 52.112764350906026], [5.49187327654853, 52.114485407894776], [5.486447107643111, 52.115360030389645], [5.488082247440636, 52.116101419351516], [5.495625946515994, 52.11558608059397], [5.498916551223042, 52.116017922894784], [5.50261032529095, 52.11509269548182], [5.50386782741284, 52.113745602898845], [5.506301570556787, 52.114310732021636], [5.507702095646237, 52.11389723065505], [5.507551463440802, 52.11561628580882], [5.503756031009035, 52.11658591796303], [5.5053540014753, 52.11975074763384], [5.503371697214759, 52.11965949436109], [5.5000423479460965, 52.11920031322786], [5.496917730391221, 52.11955779384929], [5.495060099212273, 52.12199378675938], [5.494704774903068, 52.124717970940395], [5.496759151242826, 52.12481461993808], [5.497913163819927, 52.130283256510445], [5.499098031175178, 52.13054193415329], [5.501488444792161, 52.129939254491596], [5.504988480385323, 52.13108796849262], [5.507676974515902, 52.131125171460354], [5.509203212420951, 52.13194563454719], [5.511667706637336, 52.132050874104664], [5.512039579334799, 52.13363714991287], [5.5119988610829544, 52.1339984314816], [5.511881025792521, 52.13411538534044], [5.512366811070536, 52.13422421794411], [5.512444000936283, 52.1343301117586], [5.514079533020732, 52.135923447297785], [5.511690374969473, 52.13749397571213], [5.507450395570729, 52.13853204140045], [5.507592024712575, 52.138866205670666], [5.502603248230247, 52.13953602830472], [5.500002657536148, 52.14104340280579], [5.497306403233148, 52.14144392768273], [5.498984856887718, 52.14736188719662], [5.489475826267752, 52.14821968661305], [5.4837948715808364, 52.14946562195225], [5.481341966940411, 52.150501462842], [5.483767277392664, 52.15398160395143], [5.484073776695545, 52.15534660830928], [5.484317535293846, 52.158064380849446], [5.481495777058805, 52.15829783793322], [5.482013508048801, 52.159547924979414], [5.482116343798398, 52.1597962184067], [5.479196953957287, 52.16136128499077], [5.475520091648159, 52.16216223468575], [5.472866025121536, 52.16184895379504], [5.472433568595611, 52.16285142612698], [5.473265949780779, 52.163264759758555], [5.475508230190749, 52.16437813631342], [5.478948543544467, 52.16474171791367], [5.479922641195722, 52.165815123536134], [5.480846678347302, 52.16795552144186], [5.485099387234263, 52.1717810570581], [5.485182614477693, 52.17469587961017], [5.485609945512694, 52.18197493336262], [5.495366106489041, 52.18611492526239], [5.495934229900398, 52.186856723839405], [5.496309572098381, 52.18661852927544], [5.500823866245361, 52.1885775192679], [5.504177147328763, 52.18913546059618], [5.504934897554708, 52.18857542329248], [5.5120848309803465, 52.188574477749654], [5.521209435901648, 52.19183523793972], [5.529206781939557, 52.19100311717004], [5.530808195432295, 52.191539921482985], [5.534396429195213, 52.18583490146125], [5.537698661326455, 52.18207308905927], [5.542193598314971, 52.17784625368211], [5.544536374964125, 52.17713305119269], [5.546607959613139, 52.17678158374196], [5.548922932806693, 52.17532109384225], [5.554641737037673, 52.175684696822984], [5.565276767575261, 52.17811203014501], [5.568891659969164, 52.17790927125323], [5.568181165693871, 52.179916942421876], [5.566989288400681, 52.180812807054636], [5.56522928446522, 52.18072515931007], [5.56452824796399, 52.185341201645215], [5.566493775445398, 52.186522100862774], [5.574837383320938, 52.18617025724341], [5.575272877452103, 52.187008272396184], [5.577930552269089, 52.18618382503956], [5.576926872529005, 52.19166764340525], [5.575174106481914, 52.19266659287662], [5.577667007628085, 52.19479763613568], [5.580270556631568, 52.194501184427004], [5.583197981356325, 52.19541125039782], [5.5881605998376624, 52.19484207262776], [5.58795218513318, 52.195426427154764], [5.589553910472552, 52.195431390379476], [5.589922358388021, 52.19596047834238], [5.595557739754518, 52.19634193904467], [5.600249279013871, 52.197652061192315], [5.601948854757869, 52.19649235618069], [5.607749556228294, 52.19516229514987], [5.607762524492801, 52.19419810019966], [5.617444580802172, 52.194359329378926], [5.616918403427373, 52.192135899049276], [5.61779705843439, 52.1911821274347], [5.618579657760552, 52.19118342369974], [5.619634119045771, 52.19311980219445], [5.624283530474506, 52.193326805273486], [5.625743278771175, 52.192826008485994], [5.634862353168442, 52.2038063114427], [5.633267714926671, 52.208167168737006], [5.6463610837032405, 52.21407611922716], [5.6576628754896925, 52.219173332196185], [5.665519093886127, 52.22270497063718], [5.670863604739064, 52.223968845203956], [5.6812705633194325, 52.225339895698475], [5.683642677434117, 52.24061729667315], [5.689848469320692, 52.2404431837145], [5.693726177374494, 52.23971764895372], [5.706716750047459, 52.23940031960249], [5.710998277339921, 52.23962123036995], [5.711615959872896, 52.2397066900318], [5.7153883145188225, 52.24017799809633], [5.718798828114256, 52.24149202351533], [5.726389560260948, 52.24250331526545]]]]}, "properties": {"type": "boundary", "gemeente": "Barneveld"}}, {"type": "Feature", "geometry": {"type": "MultiPolygon", "coordinates": [[[[5.825390508849176, 51.860127046529], [5.822151278107196, 51.855420176743614], [5.821509530075238, 51.855604256133155], [5.820326863681689, 51.85386961068285], [5.817374123604367, 51.84949364409739], [5.812323750474943, 51.84963960256981], [5.812357576204047, 51.85033476211278], [5.8073252551482035, 51.85183968579537], [5.806101095832607, 51.85046266911402], [5.797928999659526, 51.84619221186853], [5.7865011953847345, 51.84092109380641], [5.78358923713639, 51.84199762216049], [5.7812049917309025, 51.84297719337448], [5.779651630984994, 51.844568024040065], [5.777149196704983, 51.84446839279016], [5.775082452404444, 51.844246659912756], [5.764730993819841, 51.83229103838232], [5.746928694890717, 51.835270829129904], [5.732043711802213, 51.83798046197999], [5.71762526565678, 51.83951686868708], [5.715640959969026, 51.83970865369397], [5.678110432962627, 51.84314675386965], [5.677403916442328, 51.846258112821275], [5.681733514923715, 51.846259793473564], [5.681356643564841, 51.848677470615755], [5.684820048263807, 51.848780761178126], [5.6843727316672865, 51.849198952635334], [5.680497620200392, 51.85386974743559], [5.680167188640668, 51.855116189608225], [5.681635714594711, 51.85688170803014], [5.678257789920212, 51.85857409127589], [5.6795707962677655, 51.86052541552704], [5.672184182165316, 51.86204434401698], [5.670767028080255, 51.86456340173533], [5.667852391646855, 51.86592656438179], [5.671358625565599, 51.87073324029549], [5.675829201515556, 51.87560871107762], [5.68029987626143, 51.884432763729855], [5.68222879442822, 51.88900480731601], [5.682461580505466, 51.889774276372535], [5.685013777070288, 51.89564833529465], [5.697151884778692, 51.895043230565875], [5.70665931910107, 51.89329137209042], [5.726164007332312, 51.8871498834278], [5.736417949386918, 51.88541421043613], [5.740732616335165, 51.885012260519595], [5.751304322329526, 51.883503611680815], [5.761034905356645, 51.88111879998561], [5.77335699383038, 51.878641014353754], [5.79835088565738, 51.87568564982359], [5.810313204715589, 51.87277223315533], [5.817074403814732, 51.87026493832594], [5.825694427844759, 51.86621300820225], [5.823689108985004, 51.86431300948964], [5.825488053543121, 51.86268838474384], [5.825390508849176, 51.860127046529]]]]}, "properties": {"type": "boundary", "gemeente": "Beuningen"}}, {"type": "Feature", "geometry": {"type": "MultiPolygon", "coordinates": [[[[6.184678783252854, 52.16122269767123], [6.181605322114236, 52.15270571543224], [6.179295577424083, 52.15226237570736], [6.171668909676417, 52.15280003889289], [6.159158156002875, 52.1577051905183], [6.147422493736213, 52.157995808033036], [6.14433468764637, 52.15693729869034], [6.14208173224894, 52.15519597255758], [6.14063982974734, 52.15220945150667], [6.140389870382815, 52.14835249697527], [6.1428567963220555, 52.14565889363461], [6.150589763385138, 52.14397780788188], [6.163433966212802, 52.14610280357284], [6.168504920968473, 52.1462263096692], [6.173396059697899, 52.14496989796479], [6.172143567222889, 52.14338969051578], [6.172841076500471, 52.142372409404175], [6.175048260601712, 52.14147128585773], [6.174131489020273, 52.13943205809875], [6.1788926984626364, 52.1385592483124], [6.179101618554397, 52.13790139917512], [6.177586657557502, 52.13689413915161], [6.179869764748439, 52.135852105919994], [6.179411417628376, 52.13557976550241], [6.183546450428707, 52.13425262978559], [6.182423518253223, 52.13254653316904], [6.183639976524112, 52.1312497759369], [6.184014291532487, 52.12912100267359], [6.182515558762047, 52.126239042565786], [6.184843917256377, 52.12467911393092], [6.185885126965838, 52.12379467748062], [6.18588616954588, 52.118357796797355], [6.189094835267796, 52.11504085568618], [6.192190703322537, 52.11421420331248], [6.206206863191286, 52.1135551520999], [6.2100880728871175, 52.11268659769471], [6.213251125380501, 52.111085557838756], [6.215352728024164, 52.10896629625048], [6.217677867937592, 52.104526386882085], [6.217899059602979, 52.09788131006292], [6.215321374365535, 52.09488597719038], [6.210534449392999, 52.09245181284984], [6.206829713287709, 52.09242060639665], [6.20304313504303, 52.09358872803784], [6.199630619833912, 52.093790741622506], [6.189574753647994, 52.09130820927569], [6.178296873058314, 52.09129702054453], [6.175736451068233, 52.09029720512087], [6.174007297705426, 52.088539016465084], [6.1707193129604, 52.078903114785724], [6.16778171232163, 52.075942716085144], [6.1628017899052905, 52.07409256606035], [6.151228322523715, 52.06794495277592], [6.147885376290558, 52.064686833470056], [6.139301152471491, 52.061211679415365], [6.137469351887277, 52.05918091390533], [6.135353612472056, 52.05973410164932], [6.136425175404324, 52.06039208848562], [6.135751167439579, 52.06205837533219], [6.132592363119413, 52.06185887965612], [6.132083006151172, 52.062754921461355], [6.128819703892985, 52.062798555620205], [6.128720534960228, 52.06427726951219], [6.122769427336424, 52.06322943171686], [6.119953118046551, 52.066761660243195], [6.120984028802344, 52.06859467124524], [6.115698868083982, 52.068230956584046], [6.115255535771382, 52.06916814975137], [6.113970837349842, 52.071583176547286], [6.109225698507404, 52.07489320159056], [6.102953850266042, 52.07757073436323], [6.103423398130901, 52.07814346851302], [6.0980841875582, 52.07916592039576], [6.085261000978716, 52.08156665349872], [6.0845748552170615, 52.08169614762895], [6.081354878456693, 52.082296123677544], [6.080749317529307, 52.083833312195374], [6.080110447314197, 52.08375325714543], [6.0776914560967485, 52.083526248152], [6.077430274049874, 52.08361988334909], [6.0772794849436655, 52.08384449644258], [6.077095326585521, 52.08388375825002], [6.076102083786859, 52.08749813784064], [6.068062948241804, 52.08824409645967], [6.067665877220241, 52.08821050775949], [6.061769345803101, 52.086494710549125], [6.058607235279455, 52.08532389345367], [6.042699972154174, 52.07795820002763], [6.02802602994815, 52.069020085124144], [6.023737888472606, 52.06728250250823], [6.009643542800383, 52.06600185651094], [6.006084933846634, 52.06634902833124], [6.008987433118095, 52.07166325995078], [6.008848677855863, 52.07401431276021], [6.017389673339399, 52.0830189502093], [6.0315939502753, 52.09560582183438], [6.034053412752283, 52.095724024263184], [6.034258810982569, 52.09834577386014], [6.0324708032581915, 52.101505383035665], [6.034825457847197, 52.10289997131044], [6.033908441586791, 52.10419150582694], [6.034211358343124, 52.106129372533445], [6.035227126499623, 52.107172274200394], [6.035437209780141, 52.10764012547242], [6.035817965407521, 52.10946635580504], [6.041130175693058, 52.11237164122915], [6.04057987225228, 52.11456733368906], [6.043172261301216, 52.116908413440335], [6.047646362661788, 52.119194904438075], [6.051546317838846, 52.12439764061169], [6.051726391460788, 52.12447746083074], [6.069622456559777, 52.131305165362086], [6.0713924539185085, 52.134572640935026], [6.072667774136508, 52.13534303050366], [6.07848442458751, 52.13887841648359], [6.076067612341002, 52.1439383497257], [6.106133464109905, 52.152191343203214], [6.140337546674351, 52.1586336404914], [6.140815969280408, 52.15868938746813], [6.144135775070374, 52.15937069019976], [6.153578445306313, 52.15962246420374], [6.155019196965473, 52.160258683456135], [6.159817021972874, 52.16153975785541], [6.1669934232429595, 52.161115402712035], [6.167215744083541, 52.16205959024681], [6.172503529762833, 52.16183415563413], [6.172577201757729, 52.161329250961295], [6.184678783252854, 52.16122269767123]]]]}, "properties": {"type": "boundary", "gemeente": "Brummen"}}, {"type": "Feature", "geometry": {"type": "MultiPolygon", "coordinates": [[[[5.457011532490191, 51.98368399790214], [5.472686150800874, 51.98297755938972], [5.477664050955738, 51.983472617250946], [5.486213567375389, 51.98382638887095], [5.500750580344902, 51.97859198975451], [5.510978956914524, 51.97364316758358], [5.518221743140012, 51.97169333079125], [5.518829174644341, 51.97157355363888], [5.527112676282416, 51.970219004855664], [5.537520164884478, 51.96828526334169], [5.54020782485818, 51.967281441851675], [5.5495608107223795, 51.959196822423834], [5.556933551978499, 51.9557109506468], [5.561252308969788, 51.95450171802306], [5.575574263148331, 51.95282646959748], [5.586616538178671, 51.95082886036096], [5.584101905209298, 51.94732921223775], [5.579115091344116, 51.94544255837819], [5.5762973249044885, 51.94292212493771], [5.573253137859848, 51.94199801081803], [5.567534137214022, 51.94149131507881], [5.560695383315059, 51.944056614003635], [5.549444546142211, 51.942302349113156], [5.540202198363561, 51.9436517705646], [5.533880559218584, 51.9434815335182], [5.5336356535143105, 51.94302093518325], [5.539817882401371, 51.93713316434537], [5.548440844425342, 51.93425264740906], [5.554116184803831, 51.934019331513475], [5.554181049693368, 51.93280934576915], [5.553881837848981, 51.92580648352443], [5.553876402755299, 51.9229591961957], [5.554576781570356, 51.92303176062432], [5.556824212613539, 51.919234798794534], [5.551786193769049, 51.91780774414999], [5.551746568118922, 51.91780086428944], [5.5477054055731205, 51.92164696084276], [5.515654216740125, 51.921539935731104], [5.512298198534462, 51.92137494491369], [5.510592627425316, 51.92227340141884], [5.507137137687731, 51.92278651629184], [5.505396496076663, 51.92391803502231], [5.501009818288061, 51.9226741370713], [5.498812186734204, 51.923226229385115], [5.493556497285809, 51.91850641621285], [5.489826152818268, 51.918246899784734], [5.486420725107842, 51.91893440091723], [5.486866146225474, 51.92103714684964], [5.489014195841845, 51.92101893662909], [5.488628733866865, 51.92315490330059], [5.491745339126788, 51.92406109199886], [5.490895523971541, 51.92474435205866], [5.487211226825356, 51.92381476194595], [5.487741911517964, 51.92303173545976], [5.483196382627294, 51.92327176072425], [5.4812549508348045, 51.92254905529915], [5.480382465227847, 51.922781918048656], [5.476526567951924, 51.920869594353036], [5.474261455670921, 51.921899465709764], [5.472398174356174, 51.921974566696754], [5.467386799258203, 51.92353600601838], [5.460345185274278, 51.924116615464875], [5.458425915555641, 51.922892591835385], [5.453383863049069, 51.9227611811778], [5.449595628647216, 51.92182603409604], [5.446978897557594, 51.92057142210235], [5.443800557540797, 51.92142311137154], [5.435111088301686, 51.92067025011926], [5.433770401735266, 51.91982409870351], [5.433279541235235, 51.91942864760072], [5.431701535163594, 51.91846362053801], [5.427345434322465, 51.918500962788485], [5.423800393154635, 51.917350874621285], [5.420751823441539, 51.914847989595394], [5.418015805518887, 51.91329535981112], [5.413297187316785, 51.91281469024569], [5.4112561643986075, 51.91200864106528], [5.4095389716697495, 51.90776839187164], [5.4080739841974195, 51.90644410912576], [5.404321049785074, 51.90507006026329], [5.404220130906638, 51.903992723883725], [5.39982380838858, 51.89857573605296], [5.392605089237381, 51.89683925628029], [5.382760470137762, 51.892035771042394], [5.36906140461162, 51.88535706423508], [5.353782227760086, 51.87806634280141], [5.351474582284403, 51.87815808401287], [5.34984689392295, 51.87722018180213], [5.344866419023042, 51.877458605334475], [5.344072705720762, 51.874942374526086], [5.341664500838365, 51.87348598540711], [5.33902356522249, 51.87403416239033], [5.339455682454007, 51.87787404692307], [5.337163202703539, 51.88098151910346], [5.334934291688085, 51.881762671918864], [5.326829600468552, 51.882587844934534], [5.322676005775281, 51.881966275305956], [5.317193068421269, 51.88023261767678], [5.315177847529562, 51.88057596232839], [5.314951252254847, 51.88181599080062], [5.316293671707263, 51.88332307142153], [5.321938975656685, 51.88562805705044], [5.323414704007847, 51.886983540936754], [5.323366030784197, 51.88901036171663], [5.318775437032712, 51.89255870356013], [5.312044600069719, 51.895907251177746], [5.309205919810794, 51.89662047815218], [5.306750879088629, 51.89641758214472], [5.306584519761047, 51.89657809509723], [5.297323071256258, 51.90157906519427], [5.294892961369452, 51.90005233601891], [5.273686832105657, 51.92008706103818], [5.28518298287638, 51.922639411827724], [5.2867235873423635, 51.92851033839304], [5.284946345058137, 51.93069165100005], [5.28128154739737, 51.932671117555365], [5.280976131217504, 51.93316780730102], [5.279572122057786, 51.93319544817557], [5.276226926963659, 51.93262794303891], [5.2677606975557705, 51.932756062380165], [5.255061279446409, 51.93548254591115], [5.254803117379139, 51.936726903572925], [5.247074826422712, 51.94123185622496], [5.245563097485941, 51.943486188400016], [5.241922558696792, 51.945516416735956], [5.25223803798609, 51.94902060343599], [5.254906072319064, 51.949855580872494], [5.254310858531371, 51.950185947732656], [5.25734206261714, 51.95131294561203], [5.257728834768849, 51.950998728867], [5.259764833783207, 51.951595266810656], [5.2553177784799106, 51.95422117252763], [5.270373094156539, 51.96542673482189], [5.282607542697965, 51.96316261323931], [5.300893671321614, 51.96156863140098], [5.310870533002549, 51.957013712996044], [5.316600250680571, 51.955220963645196], [5.323438693359186, 51.955097117736614], [5.333117939969929, 51.95720090552408], [5.339693088197255, 51.96102800773004], [5.339824631971708, 51.96113701746628], [5.348254795119353, 51.967686338863814], [5.3556378402998295, 51.970353859396994], [5.363015692814844, 51.97095010109929], [5.376010848482632, 51.96921061168358], [5.3827978982275635, 51.96926390355169], [5.390975617798862, 51.97073015182912], [5.399337156129377, 51.973102731877816], [5.418155117162206, 51.97660565205524], [5.423363194126973, 51.97875537432744], [5.430399423656878, 51.98326505631941], [5.436243484618108, 51.985348396480944], [5.44240778002874, 51.98594748460881], [5.457011532490191, 51.98368399790214]]]]}, "properties": {"type": "boundary", "gemeente": "Buren"}}, {"type": "Feature", "geometry": {"type": "MultiPolygon", "coordinates": [[[[5.270373094156539, 51.96542673482189], [5.2553177784799106, 51.95422117252763], [5.259764833783207, 51.951595266810656], [5.257728834768849, 51.950998728867], [5.25734206261714, 51.95131294561203], [5.254310858531371, 51.950185947732656], [5.254906072319064, 51.949855580872494], [5.25223803798609, 51.94902060343599], [5.241922558696792, 51.945516416735956], [5.245563097485941, 51.943486188400016], [5.247074826422712, 51.94123185622496], [5.254803117379139, 51.936726903572925], [5.255061279446409, 51.93548254591115], [5.245866701393319, 51.92927410634766], [5.242602539038634, 51.927194758670794], [5.233163570990472, 51.923584861978476], [5.211809208838781, 51.91964533636119], [5.207684898715003, 51.92621349931801], [5.20262960826454, 51.92476743300911], [5.1873807638185685, 51.92392133556746], [5.1758994238334335, 51.92110162679341], [5.158904509385159, 51.91964487383838], [5.166796329896777, 51.92602009934187], [5.161661547937899, 51.92749920293507], [5.157985625655049, 51.928481346755696], [5.150010977300794, 51.92815646220622], [5.142432210901371, 51.924936548907276], [5.148459171874862, 51.929485151662035], [5.149006360134797, 51.930540224946014], [5.147962558576087, 51.93215491673533], [5.149436767728152, 51.933526934323005], [5.151466454401619, 51.933615211011706], [5.154662498729348, 51.93793494876653], [5.163004669869295, 51.9465512928661], [5.173990727532358, 51.96034156964566], [5.1802260391290345, 51.96744836344613], [5.189720025417786, 51.962914247228674], [5.198844825110365, 51.96019779805737], [5.205988174049542, 51.95943251680516], [5.213434821479945, 51.96065331570199], [5.213469595753713, 51.96066609174368], [5.21905779652687, 51.96342768900853], [5.2239562758606874, 51.967814173566104], [5.229911970654021, 51.97564909777662], [5.233006130853915, 51.97755057524231], [5.236866550301666, 51.978757640998445], [5.242269865057897, 51.97872988826039], [5.246523229179553, 51.977498403118354], [5.2562706176589415, 51.970941539973076], [5.262103742317287, 51.96820610873324], [5.270373094156539, 51.96542673482189]]]]}, "properties": {"type": "boundary", "gemeente": "Culemborg"}}, {"type": "Feature", "geometry": {"type": "MultiPolygon", "coordinates": [[[[6.15911512662543, 52.037415237180404], [6.1671907695694586, 52.03696563540517], [6.175513371871575, 52.039369030812736], [6.175535824912676, 52.039364457294226], [6.175913736065487, 52.03577763297189], [6.175057523906602, 52.0317010748752], [6.177015273839413, 52.031474474659156], [6.173232922914246, 52.02777463098213], [6.175307552323162, 52.02724341441348], [6.17465539600091, 52.02559893627406], [6.1768183921691255, 52.02528903529099], [6.174534581050032, 52.022722234823824], [6.177231623543628, 52.02156165394518], [6.177295905383356, 52.02033795640237], [6.176558772460276, 52.02035510741415], [6.1765472725049095, 52.01922834641307], [6.172965878742818, 52.018534153978685], [6.173575792570417, 52.01757352079185], [6.169804172892821, 52.01653643409831], [6.16718851291919, 52.01637170536605], [6.164524561592462, 52.016919788073146], [6.164745525419339, 52.014401408849785], [6.1611839345578705, 52.01382793824815], [6.159501376429392, 52.0066724590821], [6.156659892288867, 52.00636490107328], [6.153957079754084, 52.00327129826082], [6.15726609549926, 52.00413542008781], [6.158856811438469, 52.003963667913155], [6.158464340208212, 52.00181225312523], [6.15916073952817, 52.000684248424314], [6.1592509919579745, 51.99973977438986], [6.149831385502271, 52.001868852224874], [6.141138366982505, 51.99857896457997], [6.1418212859647285, 51.99757353349083], [6.1399658980264205, 51.99706612472053], [6.136094669414723, 51.99742992190183], [6.1302527504441136, 51.997092187524615], [6.114450440961147, 51.99682306637724], [6.1143405535184385, 51.99681468060767], [6.11049534742934, 51.995605288025864], [6.109590867324729, 51.99643658622747], [6.112282199767015, 51.99897485659878], [6.114768032250884, 52.00456666663312], [6.1223394711378045, 52.007352770706895], [6.1259600716554585, 52.010126431020694], [6.12739991197464, 52.01271381155872], [6.127639114084404, 52.01670353038131], [6.129739554766303, 52.01929748036101], [6.1310306052455665, 52.02086153683483], [6.13226776301577, 52.025168016615304], [6.130731670446391, 52.02910070689871], [6.126947125156522, 52.03244858174674], [6.121502505701856, 52.034617145723416], [6.12800840276525, 52.03401034059715], [6.135085426806299, 52.034724431472185], [6.142004732056879, 52.036699565644106], [6.146130949400405, 52.04069027281897], [6.148154024646513, 52.04168605832997], [6.1520509964430765, 52.04208314017631], [6.1554328449976055, 52.04117112023251], [6.15911512662543, 52.037415237180404]]]]}, "properties": {"type": "boundary", "gemeente": "Doesburg"}}, {"type": "Feature", "geometry": {"type": "MultiPolygon", "coordinates": [[[[6.329006123600494, 51.9891425561784], [6.3356584107867056, 51.98564654629454], [6.332216669868525, 51.98286386301348], [6.331138809081558, 51.98056987080888], [6.327728799498286, 51.97728694016873], [6.327519446494579, 51.97574956061406], [6.3373752721552234, 51.974684824060716], [6.353506405903117, 51.974675111610914], [6.369858005980206, 51.97621592820095], [6.368765859959964, 51.97313754145485], [6.366291236050876, 51.9717757431573], [6.3653392444491566, 51.9696259003346], [6.368351277989766, 51.96853241417827], [6.373456695963335, 51.969858320435385], [6.381392610188783, 51.96797878170721], [6.390378548584832, 51.96832783489976], [6.390821447064724, 51.97073771293259], [6.388267823865183, 51.97629983480714], [6.385839603579048, 51.976169638330575], [6.380878619130628, 51.977738104193634], [6.390306477765888, 51.980258476302495], [6.392679066994293, 51.97974773112942], [6.396400236529683, 51.98001178094937], [6.402520242876519, 51.98215052568649], [6.41608241405247, 51.97262184684509], [6.409974272078382, 51.96588671949281], [6.407290075157527, 51.96314836377712], [6.403586232027903, 51.95732178389305], [6.401552343779661, 51.95678273617619], [6.396291777434443, 51.952525634142795], [6.3882311071686875, 51.9449771736766], [6.38439771416518, 51.94113460752196], [6.379963703384636, 51.93628150493824], [6.3817674608047446, 51.93457106727714], [6.381312279215609, 51.933315904107786], [6.376847560302841, 51.93005102977776], [6.371606415303555, 51.92760677220991], [6.362554465187724, 51.92377125777462], [6.36254770061484, 51.923768178645005], [6.360845811024787, 51.922966660955474], [6.3593285042496515, 51.92278210694437], [6.358396787227864, 51.92287199760801], [6.355583924736717, 51.92364083707385], [6.35232642343318, 51.92381260565178], [6.349172363000058, 51.923714016410656], [6.348589478098423, 51.92455925616577], [6.344602030332804, 51.92525150550787], [6.342361154355226, 51.92512141345919], [6.340052090549219, 51.925689713344696], [6.338939604698377, 51.92483331718676], [6.338039718853477, 51.924891606533954], [6.336843799291755, 51.926105226241084], [6.335755617432373, 51.9260552042509], [6.3354500721894, 51.925845943353664], [6.333794969453788, 51.92571745507098], [6.333421515983989, 51.92546852397783], [6.331155844359326, 51.926164353613295], [6.326754500385546, 51.92944268980928], [6.321735917854384, 51.93518810932934], [6.319983037794027, 51.93596844632435], [6.314608333238656, 51.936502625409204], [6.308604871073466, 51.939764176590636], [6.3057635342507465, 51.93882120653634], [6.302607142497141, 51.9413533186087], [6.3018440797556226, 51.94196540459511], [6.302067102175816, 51.944134245476704], [6.293821016866723, 51.9437670793325], [6.293820952808472, 51.94376707623132], [6.279024804369745, 51.943344315253015], [6.2753926457999825, 51.94179975579821], [6.2728485253042, 51.941885123455414], [6.272875230103693, 51.94317878375864], [6.26287790417315, 51.94295750809138], [6.254276160461364, 51.94325333243158], [6.22930559004398, 51.94456493600623], [6.220753964887268, 51.944575864358235], [6.221361010958883, 51.94392819662185], [6.219042297945425, 51.94314186084489], [6.216384174156809, 51.94412269933539], [6.21460378092321, 51.943220648407845], [6.2120493781236865, 51.94289366684848], [6.2103271515067755, 51.94338243942129], [6.204423349463182, 51.942382416497956], [6.20307570181853, 51.94214355507009], [6.202994999085801, 51.94148478163834], [6.2030773441968625, 51.941327035186895], [6.2027441362771585, 51.93908726054669], [6.205619110576785, 51.93772951368949], [6.205010794051521, 51.936640455284646], [6.193263753285178, 51.940882970369096], [6.191734359570551, 51.94245197847322], [6.188426539268562, 51.943338907007664], [6.188591478718685, 51.945536306040545], [6.1860236410261065, 51.946087897142256], [6.184621461406126, 51.947691855718105], [6.182774723611794, 51.948125627894164], [6.182750378848526, 51.94814970943097], [6.17850983057826, 51.948702996020636], [6.172658880251747, 51.95296855855018], [6.169133423668808, 51.953285685514736], [6.165746966798007, 51.9549358955114], [6.163143434671518, 51.95532338196023], [6.16252166289138, 51.9558778087336], [6.15786811467919, 51.95879370707898], [6.150945387498377, 51.966266287482526], [6.148210022179075, 51.973187029904544], [6.145967038354572, 51.97525174176059], [6.146467024271757, 51.97559195811387], [6.144688884936917, 51.98050015408908], [6.160484091142115, 51.98103680147968], [6.160583281528459, 51.979512795914864], [6.16843181087392, 51.9798048939032], [6.171698638495008, 51.98082709373837], [6.1794080283159785, 51.97934516245142], [6.182403794835566, 51.97919831962851], [6.183435640119895, 51.97953441430144], [6.190987232881062, 51.979056323895605], [6.205134975570517, 51.98024776470171], [6.211679719337318, 51.978390474044815], [6.217260873669953, 51.979332166453354], [6.224148417124489, 51.9784201724789], [6.229800517080254, 51.976207104429214], [6.229280926525298, 51.97677685118735], [6.231119912187043, 51.978649257600196], [6.230131454313162, 51.97909123034679], [6.231704397105129, 51.98077600549414], [6.222418000855338, 51.984148044329466], [6.223902768442363, 51.98574066467436], [6.22808727117012, 51.987795229469086], [6.22872181981912, 51.98717251332559], [6.232522106856839, 51.98648177719452], [6.232113305369271, 51.988365667906415], [6.235782056568658, 51.985011309756494], [6.234236884847246, 51.98342488958036], [6.2348037905236, 51.98261440559175], [6.237460033776632, 51.98111869180688], [6.242727325058671, 51.98100487558084], [6.244708683915398, 51.980042329960675], [6.243411443278003, 51.9789297361577], [6.242978660478231, 51.97777151587364], [6.244391279914067, 51.97784251445833], [6.247348232084756, 51.97731668865009], [6.248375064566937, 51.976286801974226], [6.249788815442809, 51.97596492276694], [6.252839293903276, 51.97990461086814], [6.256808856369843, 51.98097548635249], [6.257299590645989, 51.982528700574626], [6.257299487619874, 51.982528717516445], [6.247949410417671, 51.98408623532157], [6.250721414775579, 51.987329618561176], [6.2522611073910355, 51.9868336478744], [6.253896939845961, 51.987593988019064], [6.253812466818492, 51.98782664177843], [6.2543679765907045, 51.98807025525155], [6.259362950729921, 51.987462684614165], [6.260052510435039, 51.98683489666288], [6.267343713284618, 51.983770268073116], [6.26894431500092, 51.98397757318267], [6.27052352395493, 51.98344220701187], [6.272299855657245, 51.98369104010065], [6.273870548736279, 51.9846035609258], [6.274651534874938, 51.98528871609761], [6.278945376485401, 51.98491278054664], [6.291897257333169, 51.99334555603127], [6.293826576910849, 51.99219188200169], [6.294341121201648, 51.9903161831996], [6.295658159178, 51.98846712914766], [6.305152808501279, 51.992187881514354], [6.314270607012154, 51.99409739758584], [6.31652249066364, 51.99417310297301], [6.319133783986284, 51.99426083793035], [6.32253997336082, 51.99341782049169], [6.3264554950143275, 51.99188900674991], [6.329006123600494, 51.9891425561784]]]]}, "properties": {"type": "boundary", "gemeente": "Doetinchem"}}, {"type": "Feature", "geometry": {"type": "MultiPolygon", "coordinates": [[[[5.571640448843166, 51.901745128686194], [5.59908652294872, 51.89912089544745], [5.624300724213743, 51.899395662009404], [5.625837717460237, 51.89939697958728], [5.646951870924419, 51.89790663109907], [5.654680973545927, 51.8967964480724], [5.668474741505802, 51.895593257925576], [5.685013777070288, 51.89564833529465], [5.682461580505466, 51.889774276372535], [5.68222879442822, 51.88900480731601], [5.68029987626143, 51.884432763729855], [5.675829201515556, 51.87560871107762], [5.671358625565599, 51.87073324029549], [5.667852391646855, 51.86592656438179], [5.6582284153928795, 51.866546903377625], [5.636177097216613, 51.867361599018366], [5.640119690350058, 51.85603254481441], [5.635348642564198, 51.85111714797835], [5.63786661128372, 51.84888588080845], [5.635932179409214, 51.84745729054624], [5.643199789968158, 51.84498825722129], [5.623141966312245, 51.84046864508875], [5.609834784642363, 51.8362738057788], [5.606431852701095, 51.83697334098442], [5.598493130431705, 51.83785114444122], [5.598268893482342, 51.83954415550979], [5.585012748382996, 51.839106507417206], [5.584545531122451, 51.84153491511938], [5.581569989448911, 51.852599125879244], [5.584695926287364, 51.85722800299995], [5.578710258022996, 51.85920486227031], [5.5777323512320836, 51.86035127007409], [5.577272790453311, 51.86458479326816], [5.553072912615093, 51.86263247408864], [5.554049538729702, 51.86752203527174], [5.553781767377441, 51.87037360198497], [5.55960072410147, 51.87050706182952], [5.560255338645383, 51.8750477284011], [5.568435002472152, 51.876545343376165], [5.569393362628594, 51.87966549639815], [5.568264699916925, 51.88044721174171], [5.566947511031215, 51.88125451583298], [5.566446975906719, 51.883914572970916], [5.5687957474991086, 51.884467225937186], [5.568717308731299, 51.88458436601999], [5.569584217057276, 51.88492395923117], [5.570449760363595, 51.88435342737572], [5.571537028893252, 51.88391729686038], [5.572687017459686, 51.88566331605952], [5.572249848806267, 51.88577770759919], [5.573566934846505, 51.88691954158417], [5.576992561105726, 51.89243651359777], [5.575708192961789, 51.89250608351951], [5.560401855472116, 51.889851264396164], [5.556375281943244, 51.88875018722448], [5.550661671052782, 51.88804776018412], [5.547811276708992, 51.8883062306045], [5.547329699092736, 51.888258258332016], [5.54312103101026, 51.88840367715161], [5.539302940830434, 51.891866415556876], [5.530982360260053, 51.89139332806064], [5.531361970473849, 51.89475318725149], [5.544447467877124, 51.89900509596889], [5.556012361299877, 51.90103552652249], [5.571640448843166, 51.901745128686194]]]]}, "properties": {"type": "boundary", "gemeente": "Druten"}}, {"type": "Feature", "geometry": {"type": "MultiPolygon", "coordinates": [[[[6.060839093496117, 51.974483047426084], [6.059988712417506, 51.96324082595233], [6.05846176137093, 51.95830916985021], [6.052665490688759, 51.952697556759674], [6.063263225367136, 51.9490828422113], [6.06046323794796, 51.9459680318798], [6.0610861487950585, 51.94565566344355], [6.056457079867456, 51.94222952358323], [6.054805634552705, 51.9399355883512], [6.053027236669746, 51.940328197275136], [6.051582528630106, 51.931044320054184], [6.049016273802079, 51.93153961959913], [6.047387270805052, 51.93032565645895], [6.046401304302624, 51.929995082825535], [6.04572392639911, 51.930400630661474], [6.0423578677889305, 51.92777147444816], [6.046276080739528, 51.926905646366755], [6.046995461188258, 51.92532737739852], [6.04539949894951, 51.924090541725484], [6.045996209685629, 51.923304953245236], [6.043514674476344, 51.92080323119265], [6.0447131937588585, 51.92011541689661], [6.043464385140476, 51.91746090654443], [6.042939949181592, 51.91680855971706], [6.041842311484542, 51.91695187073327], [6.041276749047776, 51.915804944113184], [6.038843080809291, 51.91633983458717], [6.037896584399599, 51.9147183323874], [6.037456711241502, 51.913961792368255], [6.034724372128045, 51.91384566505108], [6.026994141850636, 51.91651789976727], [6.014047068826484, 51.91643194187974], [6.000329784706289, 51.91324124096008], [5.997278949087299, 51.91307196662881], [5.992755402843411, 51.91233352942806], [5.988920989977446, 51.91396481877526], [5.987062530698785, 51.913313405199354], [5.977099433418542, 51.922857161071946], [5.96861293573832, 51.92821210156843], [5.97288743260463, 51.92918624044531], [5.972330956592142, 51.930741738500714], [5.96673089194654, 51.93591038207464], [5.96577547088436, 51.938767329827876], [5.969259936590131, 51.93955750942597], [5.97035219996423, 51.939325677531926], [5.97491019335564, 51.9416198844214], [5.979982611687452, 51.94293699836619], [5.984363893564706, 51.94302061493359], [5.986168164805675, 51.9463635912454], [5.98456901068133, 51.94691014937018], [5.987576549125574, 51.95044085372227], [5.984836268574985, 51.95168210313092], [5.985525016348462, 51.955128679232814], [5.986999853926019, 51.95991145110881], [5.986840706461987, 51.96226790011952], [5.987697981278599, 51.962911293627016], [5.985264356501349, 51.96395934773306], [5.986636428585545, 51.96849990346264], [5.9840002390179805, 51.972399371435564], [5.991551920400969, 51.97266305712914], [5.996191918178555, 51.973955747679554], [6.000428541537225, 51.97616998015867], [6.001732938225875, 51.97755153423361], [6.00566426008766, 51.97908798570702], [6.009879424261565, 51.97886871226886], [6.0218183071284175, 51.97820245840767], [6.026889406663627, 51.97089288638612], [6.034305785471847, 51.97135291561334], [6.0429693074955795, 51.97867948381112], [6.042247791065346, 51.97900938084689], [6.047231694088717, 51.980636575816476], [6.0607724916699475, 51.981859129614975], [6.062147727677557, 51.98073928523566], [6.068630537459116, 51.98047561418112], [6.067274676040474, 51.97533167371947], [6.060839093496117, 51.974483047426084]]]]}, "properties": {"type": "boundary", "gemeente": "Duiven"}}, {"type": "Feature", "geometry": {"type": "MultiPolygon", "coordinates": [[[[5.774690869194589, 52.152228703682056], [5.785330914996647, 52.15127457246926], [5.809843411064373, 52.1514149250194], [5.845761527984841, 52.1516097219955], [5.859545596564512, 52.14874969849699], [5.861138571384248, 52.1452614498725], [5.86231877134821, 52.13478833904444], [5.864209648188485, 52.1275568372758], [5.864352875158343, 52.126993504745876], [5.864762109460483, 52.12554461445225], [5.874178068257264, 52.1166767765834], [5.876268832561614, 52.11446129476508], [5.883449396233207, 52.10634252299857], [5.893785714115867, 52.10477570422393], [5.900104177329925, 52.10378506436125], [5.911470195524201, 52.10030990174876], [5.927262836004102, 52.10026592434835], [5.946184670556203, 52.099300090178275], [5.951463141177744, 52.099893325164814], [5.948215284524677, 52.09083415423723], [5.946102829900775, 52.077890793332685], [5.909743374417031, 52.06209629925755], [5.8981244139945685, 52.06336220665227], [5.8994013397357055, 52.049958323870094], [5.882063165811084, 52.04941091877144], [5.859667923716187, 52.05201756311111], [5.85002746556735, 52.05159455268556], [5.837918095404843, 52.04663191904768], [5.8242019182126255, 52.0348437132081], [5.818650600047293, 52.02959413315705], [5.813373652699413, 52.024070460574386], [5.802432822558807, 52.02235769390973], [5.804220805778825, 52.02113715635379], [5.803630897257335, 52.02068176769455], [5.79813811912832, 52.02201525357093], [5.777658029238773, 52.021878093523874], [5.77088690852425, 52.02158209253335], [5.770470660069142, 52.02115604282664], [5.769880774561355, 52.02154061506612], [5.756567827661041, 52.02106157222462], [5.747355424457179, 52.020019461723194], [5.74513745158323, 52.019768386009524], [5.741160043610201, 52.01643631357163], [5.738181878095565, 52.012287167262826], [5.7392846581434105, 52.01016841423984], [5.738813800530582, 52.00814163315179], [5.737566570517113, 52.00715726773935], [5.734137088693265, 52.00641822762409], [5.735883566606893, 52.002319766916365], [5.732776384175721, 52.000739671634726], [5.724362690940775, 52.00070797456964], [5.688883783707166, 51.99492244784437], [5.687618614420906, 51.99456048881782], [5.684715936275, 51.99392588866986], [5.683093304549314, 51.993911163557264], [5.682693034853514, 51.99255285610221], [5.678295850265029, 51.99140033463967], [5.675368103411941, 51.99095116633093], [5.67253947024503, 51.99352065369496], [5.669601464874842, 51.99466816646349], [5.664526450128793, 51.99412987986973], [5.662842554352712, 51.99494735998569], [5.655417171634538, 51.9933064428275], [5.653944999588348, 51.99516048212408], [5.637220883828089, 51.99191707564647], [5.633298079724302, 51.99520220010243], [5.627251106191216, 51.99314208071597], [5.624945528096147, 51.99514136396178], [5.619307263874116, 51.992738233612315], [5.614491878936868, 51.99964941844614], [5.606832009264298, 51.99742224720265], [5.606016941466699, 51.9941641887406], [5.602514928590841, 51.99499767078975], [5.596556190777864, 51.99920138670792], [5.591997538710366, 52.00139214485451], [5.590807990962316, 52.00302465676526], [5.591112554719851, 52.007301325277766], [5.589488588968606, 52.009455375935616], [5.587421930220494, 52.01092153735555], [5.586014454968651, 52.01177613722724], [5.5867505299653075, 52.01228577187199], [5.586922078579878, 52.015713032293775], [5.589621449766515, 52.015594668621034], [5.590241938081834, 52.020266591611446], [5.587199678687405, 52.02044851218809], [5.587445787002829, 52.02664101276998], [5.587347444992048, 52.027263698378384], [5.58671145067018, 52.03129028747307], [5.589588511473839, 52.031176451350625], [5.589756214412845, 52.03269748619706], [5.589906946545882, 52.03269258852306], [5.5900226373409545, 52.03430310475412], [5.589960738301844, 52.034411307353025], [5.57728845741316, 52.03832668196234], [5.56831436256085, 52.04026904945658], [5.567400699857069, 52.04062480614883], [5.568656954819376, 52.04239641101295], [5.569754167418265, 52.04341477526218], [5.570044793397911, 52.04340073628092], [5.570152033504879, 52.044439693291714], [5.5700107175841636, 52.04449499325305], [5.569975171406527, 52.04563647053695], [5.5708527546707725, 52.04799690089387], [5.557903086092428, 52.048865046574676], [5.560729213000751, 52.067501488062355], [5.559210436086802, 52.071033709334394], [5.560313745449852, 52.07215270551131], [5.561443401230427, 52.07328631186148], [5.562746105169574, 52.07827802395441], [5.560710703045489, 52.08141292050488], [5.5607538178465745, 52.08421076013293], [5.556687197269062, 52.0854828429097], [5.557418262448687, 52.08617822089322], [5.55705298249579, 52.08686738051488], [5.555909539389634, 52.087117789087145], [5.5549272932803975, 52.08651036692835], [5.554718078595698, 52.09149850677627], [5.555869506592021, 52.09181966010826], [5.554434897652766, 52.093468756283336], [5.554429251578814, 52.095392052129974], [5.550542404664225, 52.096676505993976], [5.554235795080871, 52.10015137932749], [5.553063475009288, 52.1009541714182], [5.550342612110268, 52.10541973367083], [5.5467448272331294, 52.1113702416689], [5.550969599865932, 52.11182248944003], [5.55358623213973, 52.11326389353766], [5.561235194378005, 52.12025155553139], [5.561894629578173, 52.12168249228541], [5.565218057580142, 52.12200463993862], [5.567658239495892, 52.11832305561946], [5.568619678444075, 52.11820965014546], [5.567749446655817, 52.11974644378134], [5.569468298397028, 52.12217944828556], [5.5712504452536145, 52.12210238055872], [5.576730322908179, 52.12045966417712], [5.5844493632009655, 52.12181980776055], [5.589076599564682, 52.12398548633042], [5.590367717994102, 52.12361929189284], [5.591385829166938, 52.124435232014804], [5.592492074414748, 52.12402678170026], [5.59767075996421, 52.1242110730884], [5.601582849576487, 52.125444963283215], [5.607383101185052, 52.1249950829363], [5.610430460159528, 52.12551075547169], [5.616504729264183, 52.12779143480924], [5.622728469685301, 52.127550057284594], [5.634966589410467, 52.12970759975746], [5.6382431111674, 52.13076566725434], [5.642920598428724, 52.13043036861723], [5.645285446355475, 52.130804598421], [5.64677371174972, 52.13026578621019], [5.64836449868022, 52.130912646147536], [5.656331739825722, 52.131735371586196], [5.656954685788768, 52.13258039666874], [5.661649674475134, 52.13204044777386], [5.6657047068218835, 52.132758714227904], [5.669017998092823, 52.13468642901215], [5.675693826927463, 52.13335379022024], [5.6793868554638065, 52.13206138984831], [5.679257538962719, 52.13160365312365], [5.6839323590720205, 52.13214488436563], [5.685849570987881, 52.13526607924446], [5.6888212145501065, 52.13702752585478], [5.692518670441502, 52.13738957901061], [5.695117677987269, 52.136514979601], [5.7002531598168265, 52.13611562205815], [5.701825695770922, 52.13537726588994], [5.7172796873192935, 52.13644955019205], [5.7173016024375, 52.13748073715813], [5.721519834601223, 52.13799467261691], [5.721939181722786, 52.1385952922509], [5.7209295407383145, 52.141063142702116], [5.721847238996288, 52.14482004074472], [5.720612634743598, 52.14499212443783], [5.720349615829658, 52.14626022421086], [5.735793319126732, 52.147877079893846], [5.736075384831336, 52.14790836107266], [5.743295537775168, 52.1487007077031], [5.762105399044812, 52.14759826113173], [5.774690869194589, 52.152228703682056]]]]}, "properties": {"type": "boundary", "gemeente": "Ede"}}, {"type": "Feature", "geometry": {"type": "MultiPolygon", "coordinates": [[[[5.8505628810358035, 52.46665645221292], [5.853706748564363, 52.464935104243075], [5.859012912686451, 52.4625061517752], [5.862272441372823, 52.46134020388451], [5.863423555355685, 52.462408454914915], [5.864841080984381, 52.46205534224117], [5.863027255279176, 52.46096139233537], [5.867859438805913, 52.458971865121484], [5.8713638593038935, 52.45779344288734], [5.87146518962791, 52.45660307803843], [5.872032988557471, 52.45668708914884], [5.872547683528732, 52.455243216918305], [5.874067613060327, 52.45565948237839], [5.874649668602147, 52.45421306770303], [5.877614318579834, 52.453123667633974], [5.876436690833296, 52.45191388438927], [5.874765984792003, 52.45069611912853], [5.874339385733266, 52.44975911557082], [5.871384443894115, 52.447857272371905], [5.873751298281847, 52.446999902379304], [5.869303822785998, 52.44500740480196], [5.868767356153525, 52.44479471330567], [5.870671565749235, 52.44251756762746], [5.872243145731233, 52.44302865302453], [5.876389426055146, 52.43898275854609], [5.87681891200298, 52.43860481479318], [5.884390244070057, 52.4317762904273], [5.886624850637282, 52.42976064154317], [5.898844449718427, 52.42070584648079], [5.89995511807929, 52.41981654199614], [5.908147686605189, 52.41631178788989], [5.9162923142529085, 52.41294961503811], [5.905994030665401, 52.408600494471344], [5.924339265811547, 52.39139308762269], [5.9116944812488335, 52.38679352364145], [5.876009931212737, 52.35787297201409], [5.871171123645893, 52.361309497036814], [5.868452879656182, 52.36130639732853], [5.8647926117145195, 52.35965842342469], [5.85005072970681, 52.370916958046614], [5.834680810682765, 52.38199138106269], [5.821400646475143, 52.391003659701035], [5.820579945608407, 52.392556762527654], [5.8205790468463725, 52.396933675253024], [5.8178676495363115, 52.397292650813974], [5.817170630028807, 52.40156705987489], [5.812046101566962, 52.40066898793849], [5.811672299354853, 52.40279917833575], [5.808011664799954, 52.401773019971934], [5.801977040836512, 52.40004374484145], [5.79077717116562, 52.39686177607518], [5.787687856964809, 52.40006147258999], [5.7860164249849175, 52.39948750418484], [5.782623219951969, 52.399469370435476], [5.77981928400184, 52.39864554263433], [5.77968680318032, 52.398269886907705], [5.776542130633833, 52.396700707723575], [5.770748383926167, 52.39551571084438], [5.768702961043935, 52.39881997495622], [5.764099415101192, 52.39872309191309], [5.762963496618475, 52.400666161691404], [5.759401052441764, 52.40302364992802], [5.759230741119043, 52.404586209317685], [5.756913317305021, 52.40686799705845], [5.76628396931646, 52.411157382991455], [5.783605799404796, 52.42037792754284], [5.787626273234689, 52.42189601380492], [5.791486178280517, 52.42430980307972], [5.797604830658227, 52.428201550394654], [5.804104085785054, 52.431260778715945], [5.807415449627065, 52.43358153022599], [5.811100535801043, 52.43570618309776], [5.812499390712376, 52.43738143590444], [5.821916546863778, 52.44602386156915], [5.8207462030291, 52.44654820743006], [5.819864881357346, 52.44731411350587], [5.820768250103589, 52.448162559005205], [5.822411779086089, 52.44970606208452], [5.822064127428416, 52.44998832067017], [5.8230368463640625, 52.45179912987474], [5.823281598789142, 52.452897827928496], [5.820630891593264, 52.45441136393328], [5.816229401654465, 52.45593054337894], [5.817378415296422, 52.45725554132029], [5.81741885180426, 52.45730216460944], [5.818514311211809, 52.45815744640069], [5.819314865259832, 52.459170734636224], [5.823325426241385, 52.463851753654545], [5.82799993613659, 52.46933398927], [5.82900282568942, 52.46901756718365], [5.828928717761115, 52.468024893687236], [5.827440949888994, 52.467281708335776], [5.824919933744796, 52.465119174413516], [5.8230182090566265, 52.46232298170321], [5.823780101499487, 52.461349152244765], [5.8234207243574145, 52.460287947683035], [5.823150799512971, 52.45944725932829], [5.824903226248514, 52.45926797462162], [5.826423741427652, 52.459215236637405], [5.827232694311431, 52.458833343137854], [5.8272641624096035, 52.457643497709164], [5.831365126987457, 52.45915393341027], [5.831686846568921, 52.46023600244382], [5.836443117534421, 52.46662734083332], [5.8369079982024195, 52.46676283171567], [5.837521491301752, 52.466318909351706], [5.83874616127214, 52.4659899947859], [5.839656018215119, 52.46594699454866], [5.840025533856714, 52.46615292408229], [5.840858405770229, 52.46719515509378], [5.842364673965697, 52.47055063002651], [5.844981337110186, 52.46985885168136], [5.848406182524924, 52.46721591442868], [5.8505628810358035, 52.46665645221292]]]]}, "properties": {"type": "boundary", "gemeente": "Elburg"}}, {"type": "Feature", "geometry": {"type": "MultiPolygon", "coordinates": [[[[6.033864262399076, 52.364746617725146], [6.03777983954697, 52.362072458999634], [6.042684756807579, 52.3634953495662], [6.041726866118134, 52.357900215224824], [6.041784720163361, 52.356512602883406], [6.045421606067986, 52.35713525702134], [6.047710074688542, 52.35796410946238], [6.052327450811762, 52.36097697554204], [6.068758609223303, 52.361651789387714], [6.074859194704788, 52.36192298633496], [6.07430760873957, 52.36303494253532], [6.077845861286348, 52.36429726586736], [6.080882953188242, 52.36203631899044], [6.088488284110712, 52.36114587908602], [6.090713800782597, 52.36044437761767], [6.093522996658619, 52.358671931772896], [6.0947794414271765, 52.356931283887356], [6.087241401710649, 52.35389021368047], [6.078010753793484, 52.35242663541176], [6.078099791816712, 52.351755996663584], [6.076070973377084, 52.35057049551904], [6.076132035361939, 52.34566952807416], [6.075330788693635, 52.34455573736933], [6.0767649313578245, 52.33865096295003], [6.075580327679283, 52.33474196447726], [6.074054230134883, 52.33452384611381], [6.075633166565033, 52.333300363932175], [6.0743563516675785, 52.33255600307888], [6.073681361684822, 52.33056944029561], [6.052948689581335, 52.330907465325694], [6.052764725378112, 52.325952605932386], [6.051115693762189, 52.32369827206792], [6.046526740812535, 52.315650155598256], [6.037080844937938, 52.29889340025732], [6.03476307876016, 52.29479614379263], [6.03484357678076, 52.292465795286276], [6.043348861017048, 52.27872678805162], [6.043452874786829, 52.27560521315749], [6.041264299974204, 52.271658198629225], [6.042933694637419, 52.27004656997766], [6.043096634750851, 52.268892049972905], [6.040673892432257, 52.26822752081737], [6.036395050413693, 52.268530634154594], [6.03435240264051, 52.26910700295841], [6.030312882395859, 52.26923276147893], [6.031045193011752, 52.270924981954735], [6.028531250968539, 52.27098594794051], [6.028927461645129, 52.27232408136289], [6.0297618976061145, 52.27261430238245], [6.031256167628735, 52.2752357613878], [6.030398962929159, 52.2762049847993], [6.028863800470832, 52.27681317511878], [6.009163330315034, 52.27633840316896], [5.993370562042951, 52.2739314568401], [5.9893646958006475, 52.27403503657358], [5.992422713355096, 52.28490053304768], [5.991404972136693, 52.28554195899571], [5.985744094176593, 52.28566957634518], [5.985357638261678, 52.28459399009042], [5.982170049107955, 52.283825677980246], [5.981138150926174, 52.28070490771272], [5.973890082002467, 52.27320924568613], [5.9596043898933875, 52.27246148592298], [5.957921758475218, 52.27236717530986], [5.936211613145669, 52.27441944113606], [5.9229043496597065, 52.27198806559681], [5.87959300365602, 52.264991363896556], [5.867388460997487, 52.25987170425334], [5.8608924281751715, 52.25580713146357], [5.85452129674408, 52.260102332962965], [5.850811747596053, 52.2686954469146], [5.8481705547262255, 52.27511419882722], [5.84878097669564, 52.276829766356215], [5.851501190832766, 52.27854383570021], [5.852155592214293, 52.280090231382324], [5.845696572007351, 52.287321223979596], [5.844282598854383, 52.294898549912105], [5.8411851608870755, 52.29953069539738], [5.840831656272828, 52.30439714152505], [5.850993287813084, 52.308787118561995], [5.870426012053184, 52.32330943696901], [5.875517917356871, 52.32926893630886], [5.874891322911226, 52.32966206945576], [5.8762107098983325, 52.33200645211991], [5.880951880985918, 52.3351861233975], [5.874261598040707, 52.342130562297044], [5.864814864570701, 52.35132910715161], [5.875000791281242, 52.3570445861522], [5.876009931212737, 52.35787297201409], [5.9116944812488335, 52.38679352364145], [5.924339265811547, 52.39139308762269], [5.942427836491111, 52.39663613993204], [5.951025060321696, 52.39843725564552], [5.957117759950524, 52.392897137829394], [5.991334213042407, 52.378598081532346], [6.003683683934529, 52.37447838802594], [6.017479675273249, 52.369880918335845], [6.0317842120095655, 52.367230040865095], [6.034666555707555, 52.36611211993483], [6.033864262399076, 52.364746617725146]]]]}, "properties": {"type": "boundary", "gemeente": "Epe"}}, {"type": "Feature", "geometry": {"type": "MultiPolygon", "coordinates": [[[[5.748182325274047, 52.30683058162474], [5.7438382432573025, 52.29804751459647], [5.744295644718911, 52.29195962687183], [5.744682857594709, 52.28819521067326], [5.746023311333763, 52.28693709300055], [5.754649036914682, 52.28260242827141], [5.755492804009528, 52.27787645777204], [5.747878469502258, 52.271989808760424], [5.746504404871993, 52.27167290545675], [5.74922820648684, 52.26827310944234], [5.761449425039887, 52.248303961907176], [5.751680026705248, 52.24608188428602], [5.726389560260948, 52.24250331526545], [5.718798828114256, 52.24149202351533], [5.7153883145188225, 52.24017799809633], [5.711615959872896, 52.2397066900318], [5.710998277339921, 52.23962123036995], [5.706716750047459, 52.23940031960249], [5.693726177374494, 52.23971764895372], [5.689848469320692, 52.2404431837145], [5.683642677434117, 52.24061729667315], [5.681424688772899, 52.24174919460975], [5.6771595938157775, 52.249692328399405], [5.67551074680501, 52.25121214471006], [5.648823571316433, 52.266986661410186], [5.642055717753722, 52.27068685349391], [5.639211514108507, 52.2718619206323], [5.635905033813112, 52.27270242588407], [5.620899903226185, 52.27562799889273], [5.619015454964001, 52.27551736300638], [5.616980356722128, 52.27506092235664], [5.612223924490152, 52.275322937855535], [5.611049771882537, 52.275690426608406], [5.611523616908344, 52.27639843698787], [5.610655056948629, 52.27726375698986], [5.602892072867996, 52.278407874641694], [5.597880642721715, 52.27865971953858], [5.59324903337013, 52.27825461165828], [5.587536607164394, 52.27881320231617], [5.5781956301310665, 52.28185267751971], [5.577404319410258, 52.2823171779688], [5.5771612853410035, 52.28222010616194], [5.576996783330675, 52.28229036743554], [5.576628078256282, 52.282194143672065], [5.576507305000058, 52.28222960988548], [5.576473433545764, 52.28240751837623], [5.566290554103078, 52.2852292052238], [5.5661600545624434, 52.28522387390577], [5.555274493520853, 52.28670134517494], [5.552914926464271, 52.287918419654616], [5.553800182823179, 52.28836444849995], [5.5520074339561605, 52.290356434040405], [5.55134057750418, 52.29009771634113], [5.548079507063203, 52.291811942605], [5.559310415527749, 52.31111911287369], [5.559000141150772, 52.313559552672075], [5.56038950657911, 52.31493617437288], [5.559808204073557, 52.31594933321458], [5.559402386822812, 52.3167918106881], [5.560712488981693, 52.31821514502049], [5.561118219610957, 52.31810345802127], [5.55997205309527, 52.31673351083438], [5.560400402841294, 52.31605959261052], [5.561923965361573, 52.31530131444249], [5.5633539249047494, 52.315620014567415], [5.5643618329851, 52.31646742358878], [5.5639632961835845, 52.31667783432223], [5.564091598550099, 52.31690361034279], [5.563859953948716, 52.31700718044665], [5.563993501075347, 52.31711192790088], [5.5627373128481725, 52.31761483896789], [5.562534601655274, 52.31748548388481], [5.56190310695155, 52.31774313084891], [5.561933389380203, 52.31799757376642], [5.562392586497749, 52.31798910128225], [5.56267884856486, 52.31790318742983], [5.564841142188253, 52.31780779579748], [5.566079626090789, 52.31781977679307], [5.56699733647218, 52.31863853552941], [5.566610431606511, 52.31880755275144], [5.565655025702763, 52.317987036083935], [5.565352127051716, 52.31797660563449], [5.5653889867200395, 52.31872173584173], [5.565087982437566, 52.3187314108674], [5.565028680891236, 52.31802092588565], [5.564422927065881, 52.318040287958226], [5.564478431269305, 52.31874617724064], [5.5641284812658025, 52.31875131259558], [5.564095605286544, 52.31805461961028], [5.5626327512210665, 52.31808064916491], [5.563891200553565, 52.31916050158514], [5.564152432949398, 52.3191763467695], [5.566785095554299, 52.3191361489048], [5.567829766760419, 52.32041149452221], [5.575754618318803, 52.326598699666995], [5.577297452405742, 52.32570442066738], [5.578289623194376, 52.32511399058459], [5.581518803085463, 52.32257865284653], [5.587426763681342, 52.32163081959128], [5.587670603615493, 52.32101350101936], [5.593253068757468, 52.31927139962407], [5.597562401043551, 52.31930690566824], [5.6020516714012105, 52.317986375566875], [5.601945690474798, 52.31974769541754], [5.608692390617822, 52.3190546090551], [5.620377460388057, 52.32633207021212], [5.623112308080884, 52.32753275671111], [5.623454615054202, 52.32666806683273], [5.628785155376566, 52.32681629971141], [5.63017797789992, 52.32623113817988], [5.630264959558822, 52.32685121528245], [5.640704734836242, 52.32074948198784], [5.650484604789859, 52.315010119906155], [5.670797120794844, 52.303917456578866], [5.678124701463295, 52.30149264786745], [5.686448175609802, 52.313143339706144], [5.706172347694183, 52.328382232068456], [5.748043496184918, 52.31782640659885], [5.750748824820716, 52.31707400765095], [5.749117681472418, 52.310006949324354], [5.748182325274047, 52.30683058162474]]]]}, "properties": {"type": "boundary", "gemeente": "Ermelo"}}, {"type": "Feature", "geometry": {"type": "MultiPolygon", "coordinates": [[[[5.605992364437791, 52.363216697841594], [5.603904132179316, 52.361744114632984], [5.60144666892469, 52.36090343273499], [5.601882633815593, 52.3615208398104], [5.600946710552624, 52.36179027780439], [5.599310740221037, 52.36159255236472], [5.595681776974712, 52.36169539858519], [5.59368200783655, 52.36207837138524], [5.593331202301053, 52.36282682784828], [5.594583014551455, 52.36330777898448], [5.598462156716733, 52.363519812815206], [5.605992364437791, 52.363216697841594]]], [[[5.680022570959164, 52.376032987989824], [5.6956569568619715, 52.36076087156604], [5.6971051623672135, 52.36111472587824], [5.6983563865555515, 52.36059312202341], [5.700663022132623, 52.357487916686885], [5.698687177946598, 52.35673278915638], [5.698729566596097, 52.35601744272118], [5.698642486530117, 52.35580842077477], [5.699055430571847, 52.35280172851535], [5.704135909678964, 52.34685158926809], [5.704839813918988, 52.34412876732562], [5.705076577898702, 52.34287085366007], [5.705463162547282, 52.339860297696426], [5.711020812554643, 52.338725067650806], [5.712803952050814, 52.33623919913954], [5.7124817036528395, 52.3318457280689], [5.706172347694183, 52.328382232068456], [5.686448175609802, 52.313143339706144], [5.678124701463295, 52.30149264786745], [5.670797120794844, 52.303917456578866], [5.650484604789859, 52.315010119906155], [5.640704734836242, 52.32074948198784], [5.630264959558822, 52.32685121528245], [5.63017797789992, 52.32623113817988], [5.628785155376566, 52.32681629971141], [5.623454615054202, 52.32666806683273], [5.623112308080884, 52.32753275671111], [5.620377460388057, 52.32633207021212], [5.608692390617822, 52.3190546090551], [5.601945690474798, 52.31974769541754], [5.6020516714012105, 52.317986375566875], [5.597562401043551, 52.31930690566824], [5.593253068757468, 52.31927139962407], [5.587670603615493, 52.32101350101936], [5.587426763681342, 52.32163081959128], [5.581518803085463, 52.32257865284653], [5.578289623194376, 52.32511399058459], [5.577297452405742, 52.32570442066738], [5.575754618318803, 52.326598699666995], [5.581732660273305, 52.3299571810374], [5.593995832708787, 52.33428264853506], [5.598279432308982, 52.33712972107777], [5.60318118638368, 52.33983466851656], [5.6074923724794985, 52.3427137896305], [5.61136732106675, 52.34556817717208], [5.612273571750094, 52.34742862159128], [5.612587822438383, 52.34959962183089], [5.6146801342205555, 52.350740178252664], [5.612820198052316, 52.3510869969586], [5.612016070479849, 52.35169928881592], [5.61514528517753, 52.35169567005555], [5.614932487322497, 52.35199176334824], [5.613397435139527, 52.352041364551376], [5.613356100756431, 52.35228490486438], [5.615551214324066, 52.353494932694765], [5.614284139136535, 52.35680287586951], [5.619955557489573, 52.35462293366456], [5.620650250283671, 52.353770686388955], [5.6206574126232605, 52.35355756401716], [5.621056203531958, 52.35338118403955], [5.621133460214513, 52.35344930691402], [5.621229390388023, 52.35340200200892], [5.621191850069866, 52.35321724765855], [5.621475579533824, 52.353016916818646], [5.621342537911202, 52.35284267967474], [5.6222697924602345, 52.35225042297763], [5.623677938578165, 52.351959300618304], [5.623841165480409, 52.35183268165514], [5.623832456486183, 52.35154228766351], [5.623441574954378, 52.35118303242484], [5.624172316638441, 52.35087108663463], [5.624816420174873, 52.35143821977429], [5.6211670244453655, 52.35353199536239], [5.621379282386061, 52.35373724716219], [5.620370137809467, 52.35496737507437], [5.620501139594517, 52.355207618475724], [5.622665699721326, 52.35543640916551], [5.623806914318924, 52.35538911166739], [5.623962947981044, 52.35526995326982], [5.624837167750249, 52.354602321591464], [5.625477347299283, 52.35495526481455], [5.6241542822736275, 52.35555045998767], [5.622445561821248, 52.355585402981916], [5.621974979622869, 52.35567114772195], [5.620850431298832, 52.35548981160766], [5.6175106997163935, 52.35648447365998], [5.61567654782383, 52.356674992480144], [5.615447015918825, 52.35705774464368], [5.6169399427109115, 52.357586906356254], [5.619140569436795, 52.358445045227214], [5.6193799753706095, 52.36002003616237], [5.619098874636642, 52.36017118706511], [5.618983630401834, 52.358630412989534], [5.6188737554969315, 52.35864457016533], [5.619020010978946, 52.359674380399625], [5.618388120400489, 52.3595411392359], [5.618273187256851, 52.358951629300904], [5.618111773556198, 52.35898238241885], [5.61783055195582, 52.35931363166949], [5.615720093588495, 52.358602888039705], [5.615876240897956, 52.358400855091304], [5.615357696068123, 52.35822648107008], [5.615896617387834, 52.35769326243544], [5.61498147021535, 52.35723498901021], [5.614418506291069, 52.35782239365223], [5.614337481951421, 52.35810347781064], [5.614401114599349, 52.35814219338061], [5.614524812903446, 52.357936113722936], [5.6147618442392195, 52.35797708352005], [5.614939907102667, 52.358162055892855], [5.614917976414762, 52.35838680824569], [5.614660187390482, 52.35850723808187], [5.614418206441605, 52.35832019716224], [5.614391808211598, 52.3584153032537], [5.618898747039553, 52.3603415664099], [5.617496920599625, 52.36101998387409], [5.6167553841953595, 52.36064520375557], [5.61403507623894, 52.36225105585163], [5.6149273511716755, 52.362504911285804], [5.61531982397405, 52.362614692588856], [5.625168818284081, 52.35824793268073], [5.627086364022802, 52.35699631365844], [5.627437773835788, 52.357153259063374], [5.627157395638753, 52.35791314229599], [5.625060070214079, 52.359165868791635], [5.625544207676754, 52.359674881330285], [5.626940666405917, 52.35884414835506], [5.626614093362095, 52.35846728624938], [5.627608908106592, 52.357877411046864], [5.628511564804051, 52.35849100878495], [5.62858268329733, 52.360550537079], [5.627080417055417, 52.36057080177212], [5.627065329267515, 52.36099641468236], [5.627383292764072, 52.36098412652361], [5.627413100246882, 52.360687215322436], [5.628059088601148, 52.360675859832895], [5.628107540071696, 52.361044530067666], [5.627520438342527, 52.36114419466548], [5.628101970635531, 52.3614542129564], [5.628198024678905, 52.364441780619096], [5.628960726655718, 52.364721199246496], [5.629719246199594, 52.36424219698368], [5.629278827548668, 52.363980583202604], [5.62922090267007, 52.36181633769898], [5.629816000745553, 52.3615216800413], [5.630957628558275, 52.36219653247165], [5.630255087046137, 52.362601295510736], [5.629764031779097, 52.362613551718844], [5.629781091582568, 52.363658435411445], [5.630359271180976, 52.36390641891557], [5.633173799506157, 52.361797462050546], [5.638864972679317, 52.36242202655108], [5.640500607350469, 52.36337849864389], [5.639962249840015, 52.36371609318442], [5.634099551538354, 52.362816092158695], [5.6301736562196405, 52.36545722596505], [5.6306609724718415, 52.36585434397744], [5.641296703996995, 52.366056674123364], [5.644206692561886, 52.3675861788381], [5.6487788269621735, 52.36750067801287], [5.653340795310682, 52.36484119356671], [5.674046048857762, 52.37510687452752], [5.677227188327486, 52.37700604544143], [5.677592260038952, 52.378685757308354], [5.6789226307387, 52.37884155260163], [5.680022570959164, 52.376032987989824]]]]}, "properties": {"type": "boundary", "gemeente": "Harderwijk"}}, {"type": "Feature", "geometry": {"type": "MultiPolygon", "coordinates": [[[[6.040510178584093, 52.50625814765988], [6.0461884114718485, 52.503861094970816], [6.054221219100851, 52.499787564584814], [6.058398559819892, 52.496003623982446], [6.061775198250106, 52.490398675844716], [6.063431330259792, 52.48805369235167], [6.066372172043107, 52.48517127131951], [6.071426315289467, 52.482107970207466], [6.076422242263025, 52.48022384282594], [6.08926846871503, 52.476811738343805], [6.094247342977045, 52.47411146944411], [6.099147789690382, 52.47031095970182], [6.10170215763317, 52.46634772319426], [6.103546884644107, 52.453964134257106], [6.100061346528248, 52.453973563533545], [6.094877861899662, 52.45186381467167], [6.0928491439968075, 52.45480686466762], [6.0789921773539275, 52.45208388134325], [6.0687698350835735, 52.45130713670776], [6.06332150670911, 52.45115174185835], [6.060677379803387, 52.45045949619278], [6.035477639776825, 52.4437785894212], [6.022668392294614, 52.44410341159884], [6.029391949736772, 52.452652863662806], [6.030236276705689, 52.45378071856035], [6.034715264373499, 52.46167716406556], [6.033923661302019, 52.46439617511618], [6.036109234544443, 52.467512562603254], [6.036939416498616, 52.47031128671813], [6.035909866022295, 52.47416018870766], [6.033289721437366, 52.47803623028392], [6.032863566207957, 52.47849954001736], [6.028538900199816, 52.48195599631832], [6.025934125620823, 52.48328663156917], [6.021394626429204, 52.48373455821042], [6.019631592794536, 52.483660135205334], [6.0167009497476664, 52.48227060921221], [6.0160414537331945, 52.4827466212946], [6.018528167232079, 52.484467122683704], [6.018977478866895, 52.488958570290116], [6.008742598937737, 52.49656969383474], [6.000789529559911, 52.500149146905876], [6.007611088927533, 52.50426036938213], [6.012368574603482, 52.50594011916151], [6.014543722790961, 52.50577478332378], [6.015081498788418, 52.5059631487748], [6.019338659122658, 52.504827866130306], [6.022852506244997, 52.50533226661953], [6.02534758766852, 52.506573721138196], [6.0278585984991215, 52.509606592105555], [6.040510178584093, 52.50625814765988]]]]}, "properties": {"type": "boundary", "gemeente": "Hattem"}}, {"type": "Feature", "geometry": {"type": "MultiPolygon", "coordinates": [[[[6.0928491439968075, 52.45480686466762], [6.094877861899662, 52.45186381467167], [6.100061346528248, 52.453973563533545], [6.103546884644107, 52.453964134257106], [6.101986914335169, 52.447800349111354], [6.102295616808622, 52.445772295216464], [6.105024631867101, 52.44258695739493], [6.109581002680419, 52.44053110794481], [6.114107670351736, 52.43800683874327], [6.119490293099621, 52.43292608021762], [6.11638604240846, 52.430199786454985], [6.11817013360511, 52.4284371944894], [6.11824588615835, 52.42664419102286], [6.113872982714443, 52.41985358803049], [6.113573543489784, 52.41690599298572], [6.114742156514439, 52.414255925030965], [6.1108078902032075, 52.4078128669446], [6.114858144850005, 52.40698568733369], [6.116247704114382, 52.40487544455729], [6.119065831343005, 52.40264218046486], [6.123684272766368, 52.401916466732736], [6.1253733538096515, 52.400177639639324], [6.1275803113895915, 52.399617615194636], [6.130553787465173, 52.39997800369786], [6.129971636738466, 52.39860363329376], [6.1252095189223095, 52.39262746699558], [6.126197710921898, 52.38606622287756], [6.125831038700452, 52.38405882242021], [6.123651460121568, 52.381318467099014], [6.120854882233443, 52.37954224805054], [6.113372111213319, 52.37720908904074], [6.095134377575727, 52.37384136712153], [6.082464284339941, 52.37206950630915], [6.07970218227524, 52.37066505987703], [6.0782041211738616, 52.36904637492183], [6.077845861286348, 52.36429726586736], [6.07430760873957, 52.36303494253532], [6.074859194704788, 52.36192298633496], [6.068758609223303, 52.361651789387714], [6.052327450811762, 52.36097697554204], [6.047710074688542, 52.35796410946238], [6.045421606067986, 52.35713525702134], [6.041784720163361, 52.356512602883406], [6.041726866118134, 52.357900215224824], [6.042684756807579, 52.3634953495662], [6.03777983954697, 52.362072458999634], [6.033864262399076, 52.364746617725146], [6.034666555707555, 52.36611211993483], [6.0317842120095655, 52.367230040865095], [6.017479675273249, 52.369880918335845], [6.003683683934529, 52.37447838802594], [5.991334213042407, 52.378598081532346], [5.957117759950524, 52.392897137829394], [5.951025060321696, 52.39843725564552], [5.951861962436267, 52.4009561952642], [5.96672802752479, 52.405571873605844], [5.97372574555121, 52.409769809306454], [5.994004075370954, 52.42606290978142], [6.017756187071402, 52.44420892771621], [6.022668392294614, 52.44410341159884], [6.035477639776825, 52.4437785894212], [6.060677379803387, 52.45045949619278], [6.06332150670911, 52.45115174185835], [6.0687698350835735, 52.45130713670776], [6.0789921773539275, 52.45208388134325], [6.0928491439968075, 52.45480686466762]]]]}, "properties": {"type": "boundary", "gemeente": "Heerde"}}, {"type": "Feature", "geometry": {"type": "MultiPolygon", "coordinates": [[[[5.879396772423505, 51.80827718649548], [5.8810240316659215, 51.801448812282146], [5.887442002252324, 51.79537304551001], [5.887208093345575, 51.7853449329541], [5.887982771930109, 51.78298018564509], [5.8930861797456116, 51.778148391187834], [5.893408414642547, 51.7778522751328], [5.886373732267727, 51.778589822888854], [5.869014482836671, 51.775734726376704], [5.8678923968496415, 51.77552043713006], [5.867454140578516, 51.7744167414736], [5.867407784004328, 51.76760274158121], [5.869243875085615, 51.762859875143], [5.867140746650638, 51.76046155759638], [5.86503904724296, 51.75824916232334], [5.864468022937352, 51.75768112600272], [5.852148775752871, 51.75931681614266], [5.842415093851802, 51.7588115545077], [5.821494372062451, 51.757444804981944], [5.809466780802178, 51.75653348530701], [5.790533590558997, 51.75350865299506], [5.779664799041812, 51.75221158300548], [5.769297840464843, 51.752346808227294], [5.757957846499698, 51.75418790660257], [5.751708716502655, 51.75604287376527], [5.745237868096722, 51.75914422075653], [5.7407785808869, 51.763247690096165], [5.7356809545849226, 51.7689138901402], [5.73202420953215, 51.77189363790143], [5.729744713005198, 51.772850844234995], [5.732199616811723, 51.778177755272175], [5.733693433895232, 51.777936102819176], [5.734036243191219, 51.779898527207315], [5.737011158408822, 51.778348537757125], [5.74053845887835, 51.77790463310682], [5.741457401170607, 51.778762737599564], [5.746411199971207, 51.7788381834123], [5.768540610410482, 51.7825669246743], [5.769472581096469, 51.78518902644943], [5.7749876339864255, 51.78377305848287], [5.77859416923983, 51.78407382806591], [5.780658156527721, 51.78420366213655], [5.7959841188855545, 51.79187522405602], [5.8009479846141545, 51.795151066532604], [5.810219809627249, 51.790589032055934], [5.813810881482381, 51.79281039592509], [5.8140771266292335, 51.79281946263552], [5.824503677650798, 51.798002960742764], [5.824684590682871, 51.7980929487977], [5.826859483102734, 51.79953834743089], [5.8255054432779145, 51.800127801692845], [5.836959578090141, 51.806108845762665], [5.839167319668124, 51.80460836336943], [5.8413320118810805, 51.80590400618395], [5.840943686421127, 51.807199465352845], [5.846963863211456, 51.80811441491314], [5.852625028927874, 51.80750313689159], [5.853025609884072, 51.80785201874603], [5.864755781138733, 51.80980337020045], [5.876703697131094, 51.80985940331037], [5.879109385558863, 51.80952926770368], [5.879396772423505, 51.80827718649548]]]]}, "properties": {"type": "boundary", "gemeente": "Heumen"}}, {"type": "Feature", "geometry": {"type": "MultiPolygon", "coordinates": [[[[6.385962907147439, 52.24310895982599], [6.389863498803165, 52.24255888373946], [6.402619063359929, 52.24327142644486], [6.416422418940875, 52.24216609169008], [6.416395433966344, 52.23952489443609], [6.416807548062701, 52.237126086738904], [6.421975102675509, 52.23292551458761], [6.42934242387761, 52.223135597752425], [6.431573788626183, 52.22124403805962], [6.439967882020647, 52.217066976636204], [6.446311049758863, 52.21280075865078], [6.45274581329553, 52.20647705337891], [6.453491269631783, 52.204172329348125], [6.45613328980089, 52.20170910678173], [6.457287067582111, 52.200964538353944], [6.467118299902215, 52.20039523383731], [6.470269521129063, 52.19937968646586], [6.469464432002212, 52.19828193152062], [6.4699989435603165, 52.19269037789901], [6.472699946000784, 52.18904038971459], [6.4783569097552585, 52.183827169739544], [6.479031619478304, 52.18259953031475], [6.490646872993221, 52.17986292459728], [6.492401065463769, 52.17737181668213], [6.492221805182594, 52.17611556678889], [6.494371727625032, 52.173196374882735], [6.492845791877854, 52.16943002579274], [6.487846287607514, 52.16119379200629], [6.483787914308464, 52.157199369997706], [6.4614042970818755, 52.15214300445075], [6.462662347109446, 52.15060110900088], [6.4665193736105335, 52.14963959318358], [6.466581689040982, 52.14733640403222], [6.469434566004566, 52.14747537744228], [6.470711058163231, 52.146406500852756], [6.470959033661895, 52.14401037416156], [6.481224301804403, 52.142478822061875], [6.481646646999749, 52.14091454177825], [6.484866909161518, 52.137274961626254], [6.488518298200946, 52.134242544782154], [6.487889534457021, 52.132439055219756], [6.486522128697962, 52.13187500911206], [6.488258849599449, 52.12998075087727], [6.488304679213976, 52.12690259738984], [6.4914095349150065, 52.12614247670815], [6.4921094482054915, 52.124004586903595], [6.48971708759959, 52.12064189921018], [6.491187753464342, 52.12003497744564], [6.4890315805813525, 52.119298769807095], [6.487472887758444, 52.11632833786478], [6.48459303406454, 52.11449526750817], [6.481173916163292, 52.11029012109889], [6.482468969019661, 52.109060857162085], [6.482002597131839, 52.10592262290248], [6.48011647227935, 52.10465826550509], [6.478543794244585, 52.10068957418415], [6.476892447788846, 52.10042135246701], [6.472538097295186, 52.10210476943151], [6.4724230471544475, 52.104063393263225], [6.470194493789966, 52.10429081613768], [6.470498012741645, 52.10585260255448], [6.466704422331022, 52.10660635036146], [6.461463701331965, 52.104026204404704], [6.460133278720431, 52.106738253765016], [6.455205099800708, 52.10798004623819], [6.452466555832498, 52.10690542700432], [6.451822647103805, 52.10730387218722], [6.444885297123474, 52.10619599833983], [6.443461440708555, 52.104771243884926], [6.439742539015989, 52.1031320706328], [6.437558930934806, 52.10374265163676], [6.423998923427842, 52.09690787598552], [6.41842263056936, 52.1004386285191], [6.391529933118964, 52.113050890391236], [6.396489709946326, 52.117148295966885], [6.398389622563052, 52.1176476940752], [6.391822546154481, 52.123727742016534], [6.395843446524529, 52.13083225548221], [6.392680807314991, 52.131493643565726], [6.382678130754115, 52.12854861549019], [6.383440573369511, 52.12726121391025], [6.379201084260706, 52.125894962422265], [6.377940283944571, 52.12715324737936], [6.369139506841737, 52.12396923550627], [6.3619837150580105, 52.12666910145888], [6.357721793223037, 52.130299351273436], [6.357721251193986, 52.135526747528566], [6.328314580736742, 52.13771239433181], [6.326559092780545, 52.147386546087326], [6.324001038808711, 52.15275248813614], [6.315288362630257, 52.15129149431747], [6.305120014522963, 52.15067347752052], [6.300918240908093, 52.14911122049939], [6.298111299568372, 52.149819762075424], [6.295697359976311, 52.14883082243365], [6.290280242030451, 52.14940155892498], [6.286444573822279, 52.14893913804572], [6.2834165411171625, 52.148298220115485], [6.280151157728725, 52.14947291731334], [6.276896535826214, 52.149472819955], [6.274537881969638, 52.148843942037516], [6.269791571504771, 52.14995878154641], [6.2660322571997975, 52.14786525552714], [6.264391384181158, 52.14707543676104], [6.251103538724088, 52.14676125394106], [6.249285279245421, 52.147450766261855], [6.244346209335973, 52.146693678586175], [6.240151146234863, 52.146050453220134], [6.237974017455751, 52.14612590870467], [6.235261099950403, 52.15542871277273], [6.231640301922454, 52.15594039914461], [6.228878248514062, 52.15534556778112], [6.22844882363022, 52.15477288402098], [6.2234782634936465, 52.15384434363198], [6.223071760830952, 52.15583121547983], [6.219153403323854, 52.15607694535594], [6.218674504104868, 52.15836236711967], [6.216118568274545, 52.15858773348373], [6.217195379962768, 52.1595985905411], [6.2168607448023145, 52.16177684703331], [6.2158267150076405, 52.162036605112185], [6.2118140876824315, 52.16307392343123], [6.2072218745835395, 52.16664377570467], [6.200528864338606, 52.16491682397251], [6.198708179270812, 52.162910380558124], [6.195263719838031, 52.165623502003925], [6.192799660967077, 52.16980138146729], [6.194363164486164, 52.17432000248205], [6.1936212585413255, 52.176448699752996], [6.191545163171009, 52.178439862187666], [6.188913015990591, 52.17969797747616], [6.181141500699916, 52.18136563261953], [6.169533406781631, 52.18908967482124], [6.165399408886787, 52.189827391662476], [6.161438046665633, 52.1893591747797], [6.159033463005161, 52.190092474822094], [6.156350549063083, 52.19360107975836], [6.156512632727747, 52.19773644877656], [6.158203488099491, 52.19974328796676], [6.161430860461449, 52.2010937097166], [6.172119473734819, 52.201210107860064], [6.17836570703086, 52.20330103376013], [6.184037383337673, 52.204298306117984], [6.189597456436526, 52.20773162665428], [6.191051145815688, 52.21058494515297], [6.190717367702704, 52.214362938341075], [6.1892547034730265, 52.21726754739543], [6.180817586854146, 52.22315578563509], [6.1739759525706015, 52.22595950317481], [6.16968233772951, 52.22948623155875], [6.166269116059366, 52.23101384869413], [6.16734199214619, 52.23125256330051], [6.174214466272933, 52.23278136520554], [6.178384608276983, 52.23369851171697], [6.1825311367886, 52.233825023490915], [6.184974343643591, 52.231991159295376], [6.184836822222697, 52.23181991170434], [6.1859903059855865, 52.23139745737484], [6.186044464097878, 52.2314519455123], [6.1868567164258055, 52.23097497813752], [6.1891357870496835, 52.2291664868505], [6.189447198246262, 52.229343342414786], [6.190140399331254, 52.22921290951948], [6.203110209456761, 52.2292691361248], [6.216948558878173, 52.22647351074577], [6.214515342781639, 52.23132509854678], [6.216480304704186, 52.23147456841289], [6.22247922568729, 52.22887306453509], [6.227766140939393, 52.229754907687635], [6.233920004170776, 52.22903521920259], [6.238451827812268, 52.22758537441157], [6.257294698076005, 52.22727596507894], [6.260835305612395, 52.22907070524581], [6.2647183918960945, 52.22724754443924], [6.269400398121122, 52.22645712216066], [6.2712908726470395, 52.226413362451986], [6.271007050194301, 52.22790969026642], [6.277234978426666, 52.227935886582536], [6.286333149114828, 52.230361725300355], [6.291705650352023, 52.23087490137104], [6.292829176497507, 52.230826922663674], [6.293035028927576, 52.229512158022864], [6.296951781727865, 52.22900091837734], [6.297942274152358, 52.22552954137204], [6.320429230855108, 52.225668792859175], [6.325434085274158, 52.22699633876694], [6.338708399242045, 52.22715256820436], [6.33805695355873, 52.236222620559495], [6.349223115932068, 52.240104485105014], [6.349651644564615, 52.24124089256429], [6.351761471999548, 52.241697904143315], [6.366851457824859, 52.241531816171815], [6.377348629701445, 52.2447496270213], [6.381851643300315, 52.246112488483575], [6.383411008634175, 52.2440154955699], [6.385962907147439, 52.24310895982599]]]]}, "properties": {"type": "boundary", "gemeente": "Lochem"}}, {"type": "Feature", "geometry": {"type": "MultiPolygon", "coordinates": [[[[5.405338053406745, 51.83465327416681], [5.405842729780276, 51.83270547995243], [5.406970085748983, 51.832800388805985], [5.4083308224268505, 51.82928046311963], [5.414964413513455, 51.82493763511663], [5.416222372048052, 51.8226396524592], [5.414884903486066, 51.82129002678053], [5.410409109452826, 51.82254509131651], [5.406057695419837, 51.82242004540065], [5.401705853394265, 51.82089265375083], [5.400053589104096, 51.81941733510817], [5.398384420946322, 51.81715539300394], [5.3944090246865635, 51.812722920602425], [5.383490135065522, 51.804633565419074], [5.375602733688203, 51.79616010304658], [5.370193670584913, 51.791096765743575], [5.369038573435095, 51.78981606330267], [5.3625385588891215, 51.77946354407178], [5.360429296888923, 51.7686801891005], [5.359927020433124, 51.76058727733352], [5.357567768671958, 51.757890177106965], [5.35351397184112, 51.75547708468439], [5.322040859514832, 51.74652344951399], [5.304360491059464, 51.73878378097859], [5.300338332707137, 51.73728724429718], [5.295996325721429, 51.73671767761973], [5.291652080506563, 51.73726251817217], [5.283284711390077, 51.739776635886486], [5.27572004093453, 51.74016971855955], [5.268538039775351, 51.73964722147007], [5.264141200518691, 51.73882785246337], [5.255466022755416, 51.734899455459846], [5.2496794599284735, 51.733580495446624], [5.244678334950195, 51.73442102400737], [5.231103619610922, 51.74130373611273], [5.222139233191712, 51.74338735915332], [5.216347318592878, 51.74345097195205], [5.2118507923580255, 51.74273543794263], [5.206494042694999, 51.74147697025359], [5.195524235921602, 51.74027295945365], [5.1856996578985415, 51.74191732592208], [5.185020385641387, 51.745802659549966], [5.184444458594311, 51.745863883409314], [5.185724995488814, 51.75064553779312], [5.1849507512442, 51.75363630685015], [5.183518480366917, 51.75581754844073], [5.179674695513289, 51.7592369189242], [5.174565118376628, 51.76107261336688], [5.17512779187619, 51.762531525719815], [5.1738625952169945, 51.76408984854531], [5.180651401178094, 51.766555057310065], [5.181506317258431, 51.76641915575935], [5.183902257054834, 51.76609494088894], [5.190046874823384, 51.7656504137858], [5.19241183490219, 51.76645573295649], [5.191994571843928, 51.76745242294005], [5.195904605428317, 51.767440290052186], [5.20660125632991, 51.76905422609579], [5.211125644373102, 51.76925612130711], [5.214461292287854, 51.76861681101862], [5.231572180339904, 51.770627091330056], [5.233437095745234, 51.77081518006555], [5.237443898214177, 51.771964539074034], [5.240197341704189, 51.77100706181408], [5.248864870030611, 51.771236118684755], [5.251738080920518, 51.77241559827809], [5.259637698599159, 51.7738908277779], [5.262557876912129, 51.77382260261372], [5.262521612966708, 51.774646328830265], [5.269919535898388, 51.774326312760465], [5.268294722546411, 51.78336025360127], [5.266452360777985, 51.793121854420484], [5.276312241761799, 51.79521054307508], [5.286270733048442, 51.799140489420445], [5.288436493700303, 51.79957425920713], [5.288170380526347, 51.80017667327362], [5.281007329040424, 51.80191702693747], [5.2837147912151625, 51.80326210574413], [5.283874386568361, 51.805150676577114], [5.283086164695863, 51.80606728579462], [5.284479993781919, 51.806540249494354], [5.280852484235228, 51.81040065248363], [5.282958720522222, 51.81224795590537], [5.283258445350202, 51.816993972505465], [5.2846951835658915, 51.81743352453306], [5.281717759608442, 51.821207550467555], [5.290553200074637, 51.82323523354809], [5.297845487176937, 51.82405730362144], [5.304600080780707, 51.82396335976063], [5.3112693272558475, 51.82314440930956], [5.316328145727297, 51.82179692901957], [5.3248424334256255, 51.81780695635852], [5.326104920843547, 51.817008555172805], [5.3282989456975365, 51.81525060647481], [5.333550768334728, 51.810348921175446], [5.3390318463288065, 51.80659405811394], [5.343677145978439, 51.80485905161079], [5.347068040764866, 51.804234778599465], [5.347411868524868, 51.80418627755214], [5.354082270400513, 51.80420635360274], [5.361095556617371, 51.80571957792366], [5.365795976137885, 51.80795344192779], [5.370683171201481, 51.811951926010764], [5.384390970329237, 51.827291679416874], [5.393419048326175, 51.83379311171206], [5.400632671526211, 51.837658624771024], [5.405338053406745, 51.83465327416681]]]]}, "properties": {"type": "boundary", "gemeente": "Maasdriel"}}, {"type": "Feature", "geometry": {"type": "MultiPolygon", "coordinates": [[[[5.470693239322403, 52.263297751739465], [5.4709515396288575, 52.26265978423864], [5.476137468216818, 52.26311008542752], [5.472908036043489, 52.26222385507112], [5.472995131338667, 52.262026760408176], [5.4743237837751915, 52.26202797659482], [5.4742922589747165, 52.261720348037116], [5.472221894814295, 52.26126933011358], [5.473657909445234, 52.25761586520424], [5.474810726091519, 52.25705919326969], [5.478620292280215, 52.25782051135649], [5.478543609172564, 52.257432366415706], [5.474192740111727, 52.25647075368711], [5.481325709905103, 52.24339299151314], [5.483690935751487, 52.23924436674992], [5.487881856204744, 52.236595542922394], [5.490013578206555, 52.23582959480891], [5.496082379380011, 52.23627989494438], [5.497392476359341, 52.236373084421224], [5.499382784274031, 52.23388486020339], [5.500994956241797, 52.23412066597812], [5.501705895812268, 52.23296106882159], [5.506443566226888, 52.231594221753326], [5.508152681979812, 52.232506858397755], [5.51033384729246, 52.23283880463482], [5.5109993055330255, 52.2338094590185], [5.510247481897597, 52.235330968950585], [5.512974973508117, 52.23573274174165], [5.512765676081664, 52.23469112238404], [5.515015705246388, 52.23434608194231], [5.5155737897052255, 52.234128750368725], [5.514879111914224, 52.231142541172176], [5.517681708623474, 52.23141292851519], [5.517510933870247, 52.230959626964214], [5.519397641744642, 52.23062177735754], [5.523486231676775, 52.22750160358775], [5.523015409855894, 52.227304656916424], [5.526941840832124, 52.22304440183704], [5.533145200724401, 52.21910458773666], [5.53459269924299, 52.21929713172996], [5.536224110164889, 52.21760314242361], [5.540415066781955, 52.213254792430725], [5.5396110173221205, 52.21317409901016], [5.539846330501342, 52.21212795586345], [5.541354832352145, 52.21227959741925], [5.549551597163347, 52.20365000232875], [5.549917654291902, 52.20233693037847], [5.607726313172126, 52.20506398199106], [5.607968782650908, 52.205093706655745], [5.633267714926671, 52.208167168737006], [5.634862353168442, 52.2038063114427], [5.625743278771175, 52.192826008485994], [5.624283530474506, 52.193326805273486], [5.619634119045771, 52.19311980219445], [5.618579657760552, 52.19118342369974], [5.61779705843439, 52.1911821274347], [5.616918403427373, 52.192135899049276], [5.617444580802172, 52.194359329378926], [5.607762524492801, 52.19419810019966], [5.607749556228294, 52.19516229514987], [5.601948854757869, 52.19649235618069], [5.600249279013871, 52.197652061192315], [5.595557739754518, 52.19634193904467], [5.589922358388021, 52.19596047834238], [5.589553910472552, 52.195431390379476], [5.58795218513318, 52.195426427154764], [5.5881605998376624, 52.19484207262776], [5.583197981356325, 52.19541125039782], [5.580270556631568, 52.194501184427004], [5.577667007628085, 52.19479763613568], [5.575174106481914, 52.19266659287662], [5.576926872529005, 52.19166764340525], [5.577930552269089, 52.18618382503956], [5.575272877452103, 52.187008272396184], [5.574837383320938, 52.18617025724341], [5.566493775445398, 52.186522100862774], [5.56452824796399, 52.185341201645215], [5.56522928446522, 52.18072515931007], [5.566989288400681, 52.180812807054636], [5.568181165693871, 52.179916942421876], [5.568891659969164, 52.17790927125323], [5.565276767575261, 52.17811203014501], [5.554641737037673, 52.175684696822984], [5.548922932806693, 52.17532109384225], [5.546607959613139, 52.17678158374196], [5.544536374964125, 52.17713305119269], [5.542193598314971, 52.17784625368211], [5.537698661326455, 52.18207308905927], [5.534396429195213, 52.18583490146125], [5.530808195432295, 52.191539921482985], [5.529206781939557, 52.19100311717004], [5.521209435901648, 52.19183523793972], [5.5120848309803465, 52.188574477749654], [5.504934897554708, 52.18857542329248], [5.504177147328763, 52.18913546059618], [5.500823866245361, 52.1885775192679], [5.496309572098381, 52.18661852927544], [5.495934229900398, 52.186856723839405], [5.495366106489041, 52.18611492526239], [5.485609945512694, 52.18197493336262], [5.485182614477693, 52.17469587961017], [5.485099387234263, 52.1717810570581], [5.480846678347302, 52.16795552144186], [5.479922641195722, 52.165815123536134], [5.469633046470086, 52.16621001172245], [5.457615421006915, 52.16707983897513], [5.4465378567630465, 52.16802393027101], [5.443594709999753, 52.16883045802408], [5.439875848987696, 52.17119808293876], [5.438916385087724, 52.17291767876584], [5.440093488720599, 52.17337901889355], [5.439043384769426, 52.18412764992213], [5.438086589267941, 52.18458550861057], [5.44009628569872, 52.190052921182115], [5.439711933850392, 52.19608277039972], [5.439770331645951, 52.197237074165265], [5.439771895151447, 52.19726777971103], [5.43944954209277, 52.20219582117991], [5.441119197020418, 52.204323012479406], [5.440187679303421, 52.20463122406823], [5.440568430973524, 52.20583739565845], [5.439821010655466, 52.20598449556168], [5.439237636287536, 52.204602186185], [5.43471443685659, 52.20587654251171], [5.409670475458964, 52.21858036546965], [5.407222350533032, 52.213405446860925], [5.395522872299324, 52.21915465049433], [5.393211838332782, 52.220646298807104], [5.39476858254797, 52.22485127560256], [5.39659354310274, 52.22979121151383], [5.403642047705831, 52.24709940935097], [5.411863666242331, 52.24631756001624], [5.414642665558372, 52.24579840988663], [5.425033143989121, 52.24952875784245], [5.430274828137312, 52.250241479305394], [5.4353103018001105, 52.25233449671558], [5.452586613260979, 52.253749890439984], [5.454340398406067, 52.253514404425], [5.459959685179572, 52.25529061331231], [5.462422531129532, 52.25539607882409], [5.463391142287782, 52.256458773323565], [5.464170368208485, 52.25926628853169], [5.464326090848796, 52.259273781515304], [5.465191815504092, 52.25564989284281], [5.464745744271342, 52.25560981380782], [5.464813404854675, 52.255181888503735], [5.466057776405186, 52.255459495506265], [5.465962266210688, 52.255851507005694], [5.466531231711926, 52.25592552658387], [5.466096506684751, 52.25799161179161], [5.46555607053064, 52.25794947774206], [5.4651321067543215, 52.25933473550961], [5.465301823574166, 52.259372496515795], [5.465462989373195, 52.2588836182782], [5.466116218802692, 52.25880470925038], [5.466599034137356, 52.25834923231075], [5.471285567198876, 52.25934221523869], [5.470862339084138, 52.25966797651522], [5.468471894204911, 52.25927944759421], [5.468284486241781, 52.25957039093594], [5.4707609174217655, 52.260081166507184], [5.469856076195248, 52.26122496994745], [5.47116179317969, 52.26180375069132], [5.470858054357549, 52.261950363431964], [5.46758575655261, 52.261651406590204], [5.470844121467792, 52.26263286748551], [5.470534368611933, 52.26324597411324], [5.46981415500935, 52.26324811706029], [5.471447920146051, 52.26354155118469], [5.470693239322403, 52.263297751739465]]]]}, "properties": {"type": "boundary", "gemeente": "Nijkerk"}}, {"type": "Feature", "geometry": {"type": "MultiPolygon", "coordinates": [[[[5.857123219460624, 51.894620442682545], [5.8576273389998565, 51.88838832412781], [5.859491650180132, 51.88867184920411], [5.861311087450234, 51.88877399019484], [5.864101951499379, 51.88872011325254], [5.865490627575134, 51.888982069670845], [5.865424070520423, 51.888536868041854], [5.868696374033232, 51.888202639081946], [5.87148069122407, 51.88865190206647], [5.875840792157622, 51.88086260656287], [5.876135426495175, 51.87659722120778], [5.876952914782607, 51.87650328711176], [5.8802674247975295, 51.86921490677283], [5.881951848611951, 51.86709884901606], [5.882990040449598, 51.866674556626286], [5.882526398168936, 51.86628522838933], [5.882737798665017, 51.86614337845237], [5.884350154491458, 51.867015833368704], [5.88676523577896, 51.86520241898593], [5.881583689362733, 51.859099777532066], [5.881583920037573, 51.85909976487488], [5.887371243435922, 51.85881265633062], [5.88740767814366, 51.85454260153967], [5.8846216439386305, 51.85016744608453], [5.887336107499481, 51.84968997537674], [5.885490419172686, 51.84765897211258], [5.880388721276969, 51.84505437019269], [5.8845668105103295, 51.84384142556035], [5.894529778808958, 51.84055611429018], [5.892168893405511, 51.840012513532486], [5.898087220132839, 51.836404078493864], [5.895793387599143, 51.83357782629905], [5.895888403928298, 51.83258417251925], [5.896984240408208, 51.83216856386912], [5.903938510329142, 51.83134172423399], [5.906507479030028, 51.83058997764936], [5.908248787131149, 51.82935234505536], [5.9053029554247916, 51.82744983753562], [5.901431160057888, 51.82738745052692], [5.900332745394965, 51.82572372987117], [5.899094631463554, 51.8246151448018], [5.893710500893694, 51.823927169988686], [5.893522458503163, 51.82427969380013], [5.892338516673859, 51.82389331540511], [5.888749697490353, 51.82269133819455], [5.88831323773086, 51.82309988977991], [5.888062716790346, 51.82300267731365], [5.882605421380993, 51.82116313557267], [5.881930897090515, 51.82104472920948], [5.880491818489275, 51.820325555979686], [5.8815151242269055, 51.81740106737129], [5.884086963361615, 51.813856947150335], [5.885957491086527, 51.81250064060106], [5.8861464276354685, 51.81085256169648], [5.885546239548468, 51.81020269501426], [5.882447725053412, 51.80950336233714], [5.879109385558863, 51.80952926770368], [5.876703697131094, 51.80985940331037], [5.864755781138733, 51.80980337020045], [5.853025609884072, 51.80785201874603], [5.852625028927874, 51.80750313689159], [5.846963863211456, 51.80811441491314], [5.840943686421127, 51.807199465352845], [5.8413320118810805, 51.80590400618395], [5.839167319668124, 51.80460836336943], [5.836959578090141, 51.806108845762665], [5.8255054432779145, 51.800127801692845], [5.826859483102734, 51.79953834743089], [5.824684590682871, 51.7980929487977], [5.824503677650798, 51.798002960742764], [5.8140771266292335, 51.79281946263552], [5.813810881482381, 51.79281039592509], [5.810219809627249, 51.790589032055934], [5.8009479846141545, 51.795151066532604], [5.796075039357605, 51.798135286592675], [5.794373403363832, 51.7973147661688], [5.792246188671913, 51.79893003764673], [5.790434381000149, 51.80202307698737], [5.781301790230396, 51.80982723419056], [5.774722250929463, 51.82053306847822], [5.7747139283623055, 51.82054552613043], [5.774057270247528, 51.82158582863849], [5.771333588009914, 51.823062609767476], [5.757619981964201, 51.823989716163695], [5.764730993819841, 51.83229103838232], [5.775082452404444, 51.844246659912756], [5.777149196704983, 51.84446839279016], [5.779651630984994, 51.844568024040065], [5.7812049917309025, 51.84297719337448], [5.78358923713639, 51.84199762216049], [5.7865011953847345, 51.84092109380641], [5.797928999659526, 51.84619221186853], [5.806101095832607, 51.85046266911402], [5.8073252551482035, 51.85183968579537], [5.812357576204047, 51.85033476211278], [5.812323750474943, 51.84963960256981], [5.817374123604367, 51.84949364409739], [5.820326863681689, 51.85386961068285], [5.821509530075238, 51.855604256133155], [5.822151278107196, 51.855420176743614], [5.825390508849176, 51.860127046529], [5.825488053543121, 51.86268838474384], [5.823689108985004, 51.86431300948964], [5.825694427844759, 51.86621300820225], [5.817074403814732, 51.87026493832594], [5.82697104875314, 51.87318536044729], [5.831610810351532, 51.8722315189947], [5.832582692474679, 51.873439034964754], [5.83417297808261, 51.87562257406101], [5.835153409944304, 51.877618528375315], [5.832813017662871, 51.878434599101496], [5.837787981701238, 51.883433525236576], [5.836820434598383, 51.883655321707124], [5.835873209756307, 51.88603305713998], [5.8359397824666095, 51.88814706719753], [5.8343887507556795, 51.890341386479655], [5.830426052621523, 51.891654520924746], [5.830237480764848, 51.893680581963956], [5.836722070553676, 51.893745828304134], [5.836847799618982, 51.89374918409065], [5.857123219460624, 51.894620442682545]]]]}, "properties": {"type": "boundary", "gemeente": "Nijmegen"}}, {"type": "Feature", "geometry": {"type": "MultiPolygon", "coordinates": [[[[5.920852940680547, 52.48255486722013], [5.925560439431272, 52.474057659781415], [5.93541072169933, 52.47739212465023], [5.935774646926345, 52.47722589569161], [5.936354092392929, 52.476584803488194], [5.936880895049499, 52.476499145889264], [5.946123065735857, 52.482039725128494], [5.951452565729464, 52.484132896703954], [5.958302035022137, 52.48406316930833], [5.965310033837616, 52.47644457091188], [5.97180966617479, 52.48125232887265], [5.983162744156272, 52.48897596654152], [5.991723526449459, 52.49389908804385], [6.000789529559911, 52.500149146905876], [6.008742598937737, 52.49656969383474], [6.018977478866895, 52.488958570290116], [6.018528167232079, 52.484467122683704], [6.0160414537331945, 52.4827466212946], [6.0167009497476664, 52.48227060921221], [6.019631592794536, 52.483660135205334], [6.021394626429204, 52.48373455821042], [6.025934125620823, 52.48328663156917], [6.028538900199816, 52.48195599631832], [6.032863566207957, 52.47849954001736], [6.033289721437366, 52.47803623028392], [6.035909866022295, 52.47416018870766], [6.036939416498616, 52.47031128671813], [6.036109234544443, 52.467512562603254], [6.033923661302019, 52.46439617511618], [6.034715264373499, 52.46167716406556], [6.030236276705689, 52.45378071856035], [6.029391949736772, 52.452652863662806], [6.022668392294614, 52.44410341159884], [6.017756187071402, 52.44420892771621], [5.994004075370954, 52.42606290978142], [5.97372574555121, 52.409769809306454], [5.96672802752479, 52.405571873605844], [5.951861962436267, 52.4009561952642], [5.951025060321696, 52.39843725564552], [5.942427836491111, 52.39663613993204], [5.924339265811547, 52.39139308762269], [5.905994030665401, 52.408600494471344], [5.9162923142529085, 52.41294961503811], [5.908147686605189, 52.41631178788989], [5.89995511807929, 52.41981654199614], [5.898844449718427, 52.42070584648079], [5.886624850637282, 52.42976064154317], [5.884390244070057, 52.4317762904273], [5.87681891200298, 52.43860481479318], [5.876389426055146, 52.43898275854609], [5.872243145731233, 52.44302865302453], [5.870671565749235, 52.44251756762746], [5.868767356153525, 52.44479471330567], [5.869303822785998, 52.44500740480196], [5.873751298281847, 52.446999902379304], [5.871384443894115, 52.447857272371905], [5.874339385733266, 52.44975911557082], [5.874765984792003, 52.45069611912853], [5.876436690833296, 52.45191388438927], [5.877614318579834, 52.453123667633974], [5.874649668602147, 52.45421306770303], [5.874067613060327, 52.45565948237839], [5.872547683528732, 52.455243216918305], [5.872032988557471, 52.45668708914884], [5.87146518962791, 52.45660307803843], [5.8713638593038935, 52.45779344288734], [5.867859438805913, 52.458971865121484], [5.863027255279176, 52.46096139233537], [5.864841080984381, 52.46205534224117], [5.863423555355685, 52.462408454914915], [5.862272441372823, 52.46134020388451], [5.859012912686451, 52.4625061517752], [5.853706748564363, 52.464935104243075], [5.8505628810358035, 52.46665645221292], [5.848406182524924, 52.46721591442868], [5.844981337110186, 52.46985885168136], [5.842364673965697, 52.47055063002651], [5.8502179719736995, 52.48560704205786], [5.851102515330716, 52.49140128354606], [5.852177065499201, 52.49480874300573], [5.858224279156753, 52.50026980224995], [5.864551313831578, 52.51581434989872], [5.866439329795511, 52.517755785612124], [5.8658027671014175, 52.51865815674718], [5.8762068714940625, 52.52202508480872], [5.878911220133766, 52.521673347494655], [5.887278081931568, 52.51690624961877], [5.901582426577187, 52.505679203730196], [5.910229970296166, 52.497194717141966], [5.920852940680547, 52.48255486722013]]]]}, "properties": {"type": "boundary", "gemeente": "Oldebroek"}}, {"type": "Feature", "geometry": {"type": "MultiPolygon", "coordinates": [[[[5.548079507063203, 52.291811942605], [5.55134057750418, 52.29009771634113], [5.5520074339561605, 52.290356434040405], [5.553800182823179, 52.28836444849995], [5.552914926464271, 52.287918419654616], [5.555274493520853, 52.28670134517494], [5.5661600545624434, 52.28522387390577], [5.566290554103078, 52.2852292052238], [5.576473433545764, 52.28240751837623], [5.576507305000058, 52.28222960988548], [5.576628078256282, 52.282194143672065], [5.576996783330675, 52.28229036743554], [5.5771612853410035, 52.28222010616194], [5.577404319410258, 52.2823171779688], [5.5781956301310665, 52.28185267751971], [5.587536607164394, 52.27881320231617], [5.59324903337013, 52.27825461165828], [5.597880642721715, 52.27865971953858], [5.602892072867996, 52.278407874641694], [5.610655056948629, 52.27726375698986], [5.611523616908344, 52.27639843698787], [5.611049771882537, 52.275690426608406], [5.612223924490152, 52.275322937855535], [5.616980356722128, 52.27506092235664], [5.619015454964001, 52.27551736300638], [5.620899903226185, 52.27562799889273], [5.635905033813112, 52.27270242588407], [5.639211514108507, 52.2718619206323], [5.642055717753722, 52.27068685349391], [5.648823571316433, 52.266986661410186], [5.67551074680501, 52.25121214471006], [5.6771595938157775, 52.249692328399405], [5.681424688772899, 52.24174919460975], [5.683642677434117, 52.24061729667315], [5.6812705633194325, 52.225339895698475], [5.670863604739064, 52.223968845203956], [5.665519093886127, 52.22270497063718], [5.6576628754896925, 52.219173332196185], [5.6463610837032405, 52.21407611922716], [5.633267714926671, 52.208167168737006], [5.607968782650908, 52.205093706655745], [5.607726313172126, 52.20506398199106], [5.549917654291902, 52.20233693037847], [5.549551597163347, 52.20365000232875], [5.541354832352145, 52.21227959741925], [5.539846330501342, 52.21212795586345], [5.5396110173221205, 52.21317409901016], [5.540415066781955, 52.213254792430725], [5.536224110164889, 52.21760314242361], [5.53459269924299, 52.21929713172996], [5.533145200724401, 52.21910458773666], [5.526941840832124, 52.22304440183704], [5.523015409855894, 52.227304656916424], [5.523486231676775, 52.22750160358775], [5.519397641744642, 52.23062177735754], [5.517510933870247, 52.230959626964214], [5.517681708623474, 52.23141292851519], [5.514879111914224, 52.231142541172176], [5.5155737897052255, 52.234128750368725], [5.515015705246388, 52.23434608194231], [5.512765676081664, 52.23469112238404], [5.512974973508117, 52.23573274174165], [5.510247481897597, 52.235330968950585], [5.5109993055330255, 52.2338094590185], [5.51033384729246, 52.23283880463482], [5.508152681979812, 52.232506858397755], [5.506443566226888, 52.231594221753326], [5.501705895812268, 52.23296106882159], [5.500994956241797, 52.23412066597812], [5.499382784274031, 52.23388486020339], [5.497392476359341, 52.236373084421224], [5.496082379380011, 52.23627989494438], [5.490013578206555, 52.23582959480891], [5.487881856204744, 52.236595542922394], [5.483690935751487, 52.23924436674992], [5.481325709905103, 52.24339299151314], [5.474192740111727, 52.25647075368711], [5.478543609172564, 52.257432366415706], [5.478620292280215, 52.25782051135649], [5.488409387403095, 52.26254076641519], [5.501903353739594, 52.26448313726594], [5.505545562528199, 52.264758854226116], [5.527440420733315, 52.26368089276869], [5.5282052443804455, 52.26426060050329], [5.526081105241986, 52.264801057852395], [5.528749325684305, 52.264842311826385], [5.5308233643478895, 52.26605597731217], [5.531591094530383, 52.26769340192979], [5.530606453600781, 52.269167275398246], [5.531038162031452, 52.27156162550662], [5.531173784014074, 52.27156146377824], [5.5316020724960895, 52.26911315878899], [5.5333145292268675, 52.269014347700946], [5.534814438129745, 52.27057012490092], [5.533116661257196, 52.271244972270544], [5.531628005075729, 52.27140468640225], [5.531628259020052, 52.271482652213066], [5.533515913916803, 52.271750400945216], [5.534583306850525, 52.27125349077544], [5.535771592088955, 52.27143152914143], [5.541008368021732, 52.279169228336066], [5.548079507063203, 52.291811942605]]]]}, "properties": {"type": "boundary", "gemeente": "Putten"}}, {"type": "Feature", "geometry": {"type": "MultiPolygon", "coordinates": [[[[5.813373652699413, 52.024070460574386], [5.808338274041491, 52.018759767282376], [5.807225921992703, 52.011700291656624], [5.802960590410477, 52.004053824647805], [5.820339141487896, 52.000805122869636], [5.8338074445709704, 51.99871717506762], [5.8473972905367075, 51.998318243336115], [5.856194870888176, 51.99610575344347], [5.863713777007394, 51.9957686257289], [5.862560012077073, 51.991220784665025], [5.864702374011964, 51.99108128562637], [5.863763928323439, 51.98754085662803], [5.8637628957651655, 51.987537396705854], [5.863161724813486, 51.985325316836395], [5.865266138520513, 51.9845577800608], [5.866218478671184, 51.984006338370506], [5.867369713067763, 51.9802897497492], [5.863736836276108, 51.97796444152764], [5.864716640199152, 51.9762712175395], [5.866866861388051, 51.975302290357675], [5.869186852479163, 51.97599121204561], [5.870860216798019, 51.97511277135238], [5.867136107669171, 51.971953715765885], [5.864182196273013, 51.97050360413429], [5.859467560303783, 51.969554733911295], [5.854358118817419, 51.96982546946614], [5.854301925387801, 51.969835728088], [5.8440317665661174, 51.97250357797116], [5.835342614473691, 51.97355842236718], [5.825429829434705, 51.97323098231792], [5.818391285978999, 51.97189936554377], [5.810745131995023, 51.96925207825929], [5.78677333977677, 51.96015823706077], [5.782460000355628, 51.9591689853983], [5.777610554397044, 51.95912624438611], [5.772150908606267, 51.96016274960967], [5.761901310545893, 51.96353047462773], [5.746295777913054, 51.97001959289103], [5.741610377893081, 51.97011244654826], [5.730773422449605, 51.967968323964946], [5.7226056698710215, 51.96405039697554], [5.720886239768216, 51.96690483769391], [5.717683614869476, 51.96682239074295], [5.7136401677135265, 51.9681384837971], [5.71363911937452, 51.96814199841635], [5.718490813507908, 51.97448370711425], [5.717783791478955, 51.97537823157549], [5.721155900204154, 51.98092335847133], [5.716639356446076, 51.98143632984612], [5.720464117369684, 51.99100714170703], [5.724362690940775, 52.00070797456964], [5.732776384175721, 52.000739671634726], [5.735883566606893, 52.002319766916365], [5.734137088693265, 52.00641822762409], [5.737566570517113, 52.00715726773935], [5.738813800530582, 52.00814163315179], [5.7392846581434105, 52.01016841423984], [5.738181878095565, 52.012287167262826], [5.741160043610201, 52.01643631357163], [5.74513745158323, 52.019768386009524], [5.747355424457179, 52.020019461723194], [5.756567827661041, 52.02106157222462], [5.769880774561355, 52.02154061506612], [5.770470660069142, 52.02115604282664], [5.77088690852425, 52.02158209253335], [5.777658029238773, 52.021878093523874], [5.79813811912832, 52.02201525357093], [5.803630897257335, 52.02068176769455], [5.804220805778825, 52.02113715635379], [5.802432822558807, 52.02235769390973], [5.813373652699413, 52.024070460574386]]]]}, "properties": {"type": "boundary", "gemeente": "Renkum"}}, {"type": "Feature", "geometry": {"type": "MultiPolygon", "coordinates": [[[[6.077430274049874, 52.08361988334909], [6.0776914560967485, 52.083526248152], [6.080110447314197, 52.08375325714543], [6.080749317529307, 52.083833312195374], [6.081354878456693, 52.082296123677544], [6.0845748552170615, 52.08169614762895], [6.085261000978716, 52.08156665349872], [6.0980841875582, 52.07916592039576], [6.103423398130901, 52.07814346851302], [6.102953850266042, 52.07757073436323], [6.109225698507404, 52.07489320159056], [6.113970837349842, 52.071583176547286], [6.115255535771382, 52.06916814975137], [6.115698868083982, 52.068230956584046], [6.120984028802344, 52.06859467124524], [6.119953118046551, 52.066761660243195], [6.122769427336424, 52.06322943171686], [6.128720534960228, 52.06427726951219], [6.128819703892985, 52.062798555620205], [6.132083006151172, 52.062754921461355], [6.132592363119413, 52.06185887965612], [6.135751167439579, 52.06205837533219], [6.136425175404324, 52.06039208848562], [6.135353612472056, 52.05973410164932], [6.137469351887277, 52.05918091390533], [6.132073763622137, 52.05573239744482], [6.123063190443881, 52.052543709055165], [6.11576376725465, 52.04874565415345], [6.111604744377075, 52.04469896542723], [6.110883055740743, 52.041616480526734], [6.111724061865743, 52.039251541475956], [6.113301444878496, 52.03766990316582], [6.116848213874694, 52.03588113853064], [6.121502505701856, 52.034617145723416], [6.126947125156522, 52.03244858174674], [6.130731670446391, 52.02910070689871], [6.13226776301577, 52.025168016615304], [6.1310306052455665, 52.02086153683483], [6.129739554766303, 52.01929748036101], [6.127639114084404, 52.01670353038131], [6.12739991197464, 52.01271381155872], [6.1259600716554585, 52.010126431020694], [6.1223394711378045, 52.007352770706895], [6.114768032250884, 52.00456666663312], [6.112282199767015, 51.99897485659878], [6.109590867324729, 51.99643658622747], [6.1090002845870455, 51.99613700201862], [6.103429254926369, 51.994519443005814], [6.093749404690252, 51.992787163087414], [6.087919491254717, 51.9934301241538], [6.084623470208036, 51.99479678451346], [6.078026150070717, 52.00131481758461], [6.077662964001509, 52.00378610702287], [6.0788452782663125, 52.007130325961946], [6.077621974155467, 52.00962302523191], [6.07407887638658, 52.011928286434944], [6.068279070586712, 52.01416786681661], [6.06438202444505, 52.01497444575036], [6.06408685462969, 52.0149968391346], [6.057439805093943, 52.01402190582518], [6.048066440810249, 52.009794453961874], [6.04574955427161, 52.00755584531354], [6.044615958276906, 52.003988609623654], [6.043089036856829, 52.00223583563364], [6.033219172841676, 51.997210862322355], [6.027791375299412, 51.9958403622697], [6.020322176222635, 51.99691301358564], [6.015333818112646, 51.9968677960707], [6.010390260948972, 51.994725440061806], [6.006547560956084, 51.991284518379345], [6.004876977566077, 51.986824132132185], [6.001965291951874, 51.980649841856945], [5.9982837535383915, 51.97706471266504], [5.990340114969176, 51.97440592458356], [5.985008551483239, 51.97889748466141], [5.980927745652628, 51.98131686547189], [5.97123883626187, 51.98469952467175], [5.963829348468254, 51.987054597508404], [5.960938912858345, 51.98849185815383], [5.955193186420404, 51.993364037542925], [5.955368476424993, 51.993611878506165], [5.95361336611934, 51.995001499620045], [5.9515263179131015, 51.999637735885855], [5.957799222185312, 52.000876424328624], [5.963274460920002, 52.00038095582075], [5.974513649386794, 52.002839149294374], [5.97581241289837, 52.004447038244976], [5.978883942788474, 52.00907125707224], [5.97986399553013, 52.01353888386236], [5.97918075353214, 52.01648213688057], [5.980460960125229, 52.0184049135701], [5.9941254922129135, 52.02450060629165], [5.9958048494527425, 52.02622026742027], [5.994795831139541, 52.02777722540491], [5.987119249318503, 52.04110080519642], [5.9816498135501535, 52.04808803347358], [5.9779592766978675, 52.0543902405374], [5.988966338733069, 52.055068209986075], [5.998216004578259, 52.05405800909486], [6.00016111959272, 52.054385190610276], [6.003946886345939, 52.05674812969516], [6.006044563086326, 52.06213084620911], [6.006084933846634, 52.06634902833124], [6.009643542800383, 52.06600185651094], [6.023737888472606, 52.06728250250823], [6.02802602994815, 52.069020085124144], [6.042699972154174, 52.07795820002763], [6.058607235279455, 52.08532389345367], [6.061769345803101, 52.086494710549125], [6.067665877220241, 52.08821050775949], [6.068062948241804, 52.08824409645967], [6.076102083786859, 52.08749813784064], [6.077095326585521, 52.08388375825002], [6.0772794849436655, 52.08384449644258], [6.077430274049874, 52.08361988334909]]]]}, "properties": {"type": "boundary", "gemeente": "Rheden"}}, {"type": "Feature", "geometry": {"type": "MultiPolygon", "coordinates": [[[[6.003946886345939, 52.05674812969516], [6.00016111959272, 52.054385190610276], [5.998216004578259, 52.05405800909486], [5.988966338733069, 52.055068209986075], [5.9779592766978675, 52.0543902405374], [5.9816498135501535, 52.04808803347358], [5.987119249318503, 52.04110080519642], [5.994795831139541, 52.02777722540491], [5.9958048494527425, 52.02622026742027], [5.9941254922129135, 52.02450060629165], [5.980460960125229, 52.0184049135701], [5.97918075353214, 52.01648213688057], [5.9798639955301285, 52.01353888386226], [5.978883942788474, 52.00907125707224], [5.97581241289837, 52.004447038244976], [5.974513649386794, 52.002839149294374], [5.963274460920002, 52.00038095582075], [5.957799222185312, 52.000876424328624], [5.9515263179131015, 51.999637735885855], [5.950965911522413, 52.00135376805391], [5.949817168807243, 52.004112307635594], [5.947689102471521, 52.006882489489456], [5.943310317693084, 52.01013422310831], [5.946048195450239, 52.01050389989649], [5.942396220794239, 52.01083091295091], [5.941402079259075, 52.01148597011955], [5.937098831567902, 52.048533165051246], [5.943248837686669, 52.0623047209638], [5.955930987203362, 52.07333878140317], [5.964646016531948, 52.076322447805985], [5.97704285706513, 52.07830991225433], [5.990479916218063, 52.07916437456237], [6.008848677855863, 52.07401431276021], [6.008987433118095, 52.07166325995078], [6.006084933846634, 52.06634902833124], [6.006044563086326, 52.06213084620911], [6.003946886345939, 52.05674812969516]]]]}, "properties": {"type": "boundary", "gemeente": "Rozendaal"}}, {"type": "Feature", "geometry": {"type": "MultiPolygon", "coordinates": [[[[5.517382916123686, 52.10062944123528], [5.519368149531524, 52.1004943926039], [5.523186557943016, 52.10432250681245], [5.525163740731643, 52.10075163721075], [5.531543284885714, 52.10226714628796], [5.532816931383049, 52.099984054327784], [5.539160158677871, 52.09781386211934], [5.538830644598462, 52.0964363346172], [5.53507914049846, 52.092874757775206], [5.538293887332591, 52.09268985969582], [5.537118413410305, 52.088643921938036], [5.530856006186133, 52.08977450999371], [5.526634078873964, 52.08490350069], [5.531305983234228, 52.08393933465879], [5.531142085205783, 52.08227961495541], [5.526896142754349, 52.08067998321949], [5.522654279693456, 52.07754218691033], [5.5203571047512145, 52.078307774167236], [5.519413800208833, 52.07920692891261], [5.51445318689383, 52.07879540894185], [5.509922511500009, 52.079050265372274], [5.510360633430655, 52.07805508608137], [5.509112826001397, 52.07697711447606], [5.506836503062947, 52.07674841424456], [5.505003133924135, 52.07674239232835], [5.504922639319208, 52.07598904778297], [5.504584206511245, 52.07334968884443], [5.502092198606302, 52.073345275367224], [5.499882261110469, 52.07133526860862], [5.49612785786005, 52.07167800189389], [5.494066963893541, 52.07190836291449], [5.490696289490859, 52.071410609219335], [5.488281802175692, 52.07039266204475], [5.483897251984025, 52.06965647171816], [5.4763590714430155, 52.07264729285998], [5.4736612814734835, 52.07313490149241], [5.470904229376253, 52.07468639270709], [5.467373680955869, 52.075492168340375], [5.4664395464228965, 52.07610060437764], [5.4656531492000475, 52.078288320729946], [5.459243168901096, 52.0802256238074], [5.460147608672675, 52.080952255402835], [5.459677927943765, 52.08200356758912], [5.461298967696613, 52.08264618318017], [5.463367548701143, 52.083442324927624], [5.464053404012848, 52.083056334163345], [5.467903452434275, 52.08595565544013], [5.471491567562877, 52.08820082158364], [5.47183513134448, 52.08930239463822], [5.472945069866073, 52.089110216138906], [5.474720862108411, 52.09022117919679], [5.476784517912795, 52.09038006914461], [5.486082603781722, 52.093656951168825], [5.48473945884179, 52.09662462137486], [5.485267084248283, 52.09910038568735], [5.484301709126504, 52.10554236206833], [5.493861744149338, 52.11109752717092], [5.500958933757081, 52.110870065768], [5.502072252657183, 52.10973566242863], [5.507197683256857, 52.10795342699703], [5.510400680926715, 52.107842654461066], [5.512517445345774, 52.10610089676839], [5.515489088547668, 52.10173140970299], [5.517382916123686, 52.10062944123528]]]]}, "properties": {"type": "boundary", "gemeente": "Scherpenzeel"}}, {"type": "Feature", "geometry": {"type": "MultiPolygon", "coordinates": [[[[5.453383863049069, 51.9227611811778], [5.45392177957263, 51.9205170707135], [5.461643085344216, 51.92162058701977], [5.462628648685884, 51.92090413128353], [5.46361441155929, 51.92131775410541], [5.4697294625757324, 51.9198775554013], [5.468721070375734, 51.918522378281864], [5.469781802050653, 51.918119662631355], [5.467233832232954, 51.914769787495416], [5.468009060059027, 51.914782450881695], [5.4705811165009885, 51.91143565992886], [5.472150619760195, 51.91171638866816], [5.472450306859576, 51.908068660310974], [5.458770701768589, 51.90489265259319], [5.456572116233226, 51.90481162494478], [5.455608836022704, 51.90445205778376], [5.456039562874258, 51.90370324953403], [5.4564399927576455, 51.903025082149306], [5.4555401977817, 51.90282149565817], [5.458853216088444, 51.89749538108601], [5.4609653894559935, 51.89364891676492], [5.463565209388022, 51.891338635035076], [5.463915916236753, 51.88900869118374], [5.4534337270977025, 51.88743723878256], [5.444982749914332, 51.884203056792416], [5.436045436774729, 51.879018880561915], [5.434812804908745, 51.87815034870275], [5.433339659735672, 51.87705239833342], [5.4229775384663945, 51.8664239576817], [5.417824245143532, 51.85809170092836], [5.415233516652199, 51.85180083822617], [5.409569771899394, 51.85370151474734], [5.4080953971634464, 51.854386666253134], [5.407927741698764, 51.854412651282814], [5.399780499003528, 51.85457209847092], [5.395238598189029, 51.852933367820285], [5.379619043828869, 51.86151414644542], [5.37840724322015, 51.86339984267016], [5.37312085387293, 51.861446870736025], [5.360069252740558, 51.858362382601825], [5.349293252724634, 51.85842658012683], [5.342759138071042, 51.856798296409316], [5.338888690329415, 51.85759409130427], [5.33853383852115, 51.85826369341324], [5.328290124515392, 51.85701750030618], [5.328084404303055, 51.859262621624836], [5.328358444188078, 51.85940776802915], [5.328089007797646, 51.864517340824946], [5.336582741053232, 51.86996634799834], [5.33902356522249, 51.87403416239033], [5.341664500838365, 51.87348598540711], [5.344072705720762, 51.874942374526086], [5.344866419023042, 51.877458605334475], [5.34984689392295, 51.87722018180213], [5.351474582284403, 51.87815808401287], [5.353782227760086, 51.87806634280141], [5.36906140461162, 51.88535706423508], [5.382760470137762, 51.892035771042394], [5.392605089237381, 51.89683925628029], [5.39982380838858, 51.89857573605296], [5.404220130906638, 51.903992723883725], [5.404321049785074, 51.90507006026329], [5.4080739841974195, 51.90644410912576], [5.4095389716697495, 51.90776839187164], [5.4112561643986075, 51.91200864106528], [5.413297187316785, 51.91281469024569], [5.418015805518887, 51.91329535981112], [5.420751823441539, 51.914847989595394], [5.423800393154635, 51.917350874621285], [5.427345434322465, 51.918500962788485], [5.431701535163594, 51.91846362053801], [5.433279541235235, 51.91942864760072], [5.433770401735266, 51.91982409870351], [5.435111088301686, 51.92067025011926], [5.443800557540797, 51.92142311137154], [5.446978897557594, 51.92057142210235], [5.449595628647216, 51.92182603409604], [5.453383863049069, 51.9227611811778]]]]}, "properties": {"type": "boundary", "gemeente": "Tiel"}}, {"type": "Feature", "geometry": {"type": "MultiPolygon", "coordinates": [[[[6.066525746656066, 52.31780930973342], [6.071843587632516, 52.317185274719506], [6.073776499947109, 52.31774114390824], [6.079694660864009, 52.317641750434504], [6.08099075315205, 52.311902688182286], [6.084398687935797, 52.31145231519411], [6.08292836837572, 52.30712036618526], [6.0840720085490485, 52.30168613663829], [6.086234651077078, 52.301898065741206], [6.088129641228464, 52.30037651276318], [6.0909027925771735, 52.299989685778016], [6.099194764147601, 52.300128561733395], [6.098742220698591, 52.301160124426325], [6.101321017959444, 52.301224987262124], [6.105865060566663, 52.29240818072561], [6.111322196502677, 52.28821102938651], [6.111267643279123, 52.280720829869004], [6.112365227656947, 52.278305249568284], [6.121109830822532, 52.27202577806948], [6.122982458276017, 52.2692556367863], [6.1239076833739565, 52.26450707159752], [6.1274471077807915, 52.261705167271856], [6.130069554405039, 52.26069156956167], [6.125145420598684, 52.25682555858791], [6.123638144460857, 52.2536880999562], [6.123865933795874, 52.25148131757722], [6.1367226050346275, 52.24904100399756], [6.138897134073503, 52.24768834586408], [6.1435024012555655, 52.246411841311804], [6.144510221633293, 52.24712244943906], [6.1494183443618065, 52.24797186605099], [6.150020678493372, 52.24831605198598], [6.153337378521493, 52.247054838548806], [6.1541996409594715, 52.24586870252001], [6.153845482381153, 52.24430630616813], [6.151166856735241, 52.24253267805842], [6.142237061901367, 52.23845603150279], [6.1417075287235035, 52.23417229052719], [6.143079694598524, 52.23161850218702], [6.147510232290683, 52.22777836530455], [6.156509408377439, 52.2256947145413], [6.16015339135731, 52.22522326871328], [6.162173286204593, 52.2241662679238], [6.163986009893321, 52.22164608325425], [6.162616284715061, 52.2183640235125], [6.164069049416788, 52.217440764149096], [6.165963204094934, 52.217755777168456], [6.1686716472400605, 52.220699235056415], [6.165276592966619, 52.22284238790098], [6.165723052483807, 52.22350341608535], [6.162499887949431, 52.22791701023554], [6.167865420808315, 52.22633867776221], [6.168435926027968, 52.22727908079653], [6.163028304263237, 52.228522196527834], [6.166269116059366, 52.23101384869413], [6.16968233772951, 52.22948623155875], [6.1739759525706015, 52.22595950317481], [6.180817586854146, 52.22315578563509], [6.1892547034730265, 52.21726754739543], [6.190717367702704, 52.214362938341075], [6.191051145815688, 52.21058494515297], [6.189597456436526, 52.20773162665428], [6.184037383337673, 52.204298306117984], [6.17836570703086, 52.20330103376013], [6.172119473734819, 52.201210107860064], [6.161430860461449, 52.2010937097166], [6.158203488099491, 52.19974328796676], [6.156512632727747, 52.19773644877656], [6.156350549063083, 52.19360107975836], [6.159033463005161, 52.190092474822094], [6.161438046665633, 52.1893591747797], [6.165399408886787, 52.189827391662476], [6.169533406781631, 52.18908967482124], [6.181141500699916, 52.18136563261953], [6.188913015990591, 52.17969797747616], [6.191545163171009, 52.178439862187666], [6.1936212585413255, 52.176448699752996], [6.194363164486164, 52.17432000248205], [6.192799660967077, 52.16980138146729], [6.191513681819189, 52.16763602767849], [6.1867497534334035, 52.16449012021984], [6.184678783252854, 52.16122269767123], [6.172577201757729, 52.161329250961295], [6.172503529762833, 52.16183415563413], [6.167215744083541, 52.16205959024681], [6.1669934232429595, 52.161115402712035], [6.159817021972874, 52.16153975785541], [6.155019196965473, 52.160258683456135], [6.153578445306313, 52.15962246420374], [6.144135775070374, 52.15937069019976], [6.140815969280408, 52.15868938746813], [6.140337546674351, 52.1586336404914], [6.106133464109905, 52.152191343203214], [6.076067612341002, 52.1439383497257], [6.074369890070436, 52.14730120576544], [6.0745440560575, 52.14838763939943], [6.0726695524564125, 52.15006757563814], [6.067384052529038, 52.15391087322803], [6.06425733058123, 52.15738500943068], [6.064458367287307, 52.158326566495795], [6.066245612153735, 52.161020317603935], [6.066422924881511, 52.161524466865615], [6.065807243217697, 52.16464882273773], [6.065694506859038, 52.16522177432848], [6.062863470167037, 52.17088876743753], [6.062453694741942, 52.171713389165966], [6.061355158516935, 52.173945875947354], [6.059794664631439, 52.176221156245965], [6.055345065397684, 52.17949318935304], [6.053807297686711, 52.181352490227994], [6.051636734056051, 52.18214281088463], [6.05012554394826, 52.18328799493043], [6.049389666804011, 52.18521024533066], [6.0509734893877205, 52.18714185950882], [6.051070082121815, 52.18875208148602], [6.053169899955929, 52.19261388048904], [6.0538742986121825, 52.19499983257321], [6.056093231718107, 52.1960555686609], [6.058238729787101, 52.19593537673699], [6.058251399741579, 52.196171602786656], [6.057285825709617, 52.19665996489301], [6.053746220203769, 52.20087527549672], [6.050244325474599, 52.21001989460627], [6.047908494526256, 52.21300445397502], [6.048241142176925, 52.216424782948394], [6.046866905188343, 52.22044349010101], [6.046909690545761, 52.2213681182526], [6.042408237165413, 52.222471358997346], [6.040899444121954, 52.22413407332948], [6.03546441666169, 52.224481488168486], [6.0334249797639, 52.22407995487054], [6.034461982472473, 52.22778587975918], [6.034239907248456, 52.231345513022475], [6.03364011908081, 52.23151518048242], [6.034973309613207, 52.23139076070833], [6.036042187970511, 52.23191768494153], [6.034408943507556, 52.2343054304129], [6.032545682285683, 52.2355909730637], [6.028472235525952, 52.23904347214913], [6.028331836580346, 52.24168027344505], [6.026506116051407, 52.242904719095115], [6.028927672626269, 52.24439074969792], [6.027889098747636, 52.24486093279852], [6.0283997080368605, 52.245388211292095], [6.027338655856923, 52.24581345454879], [6.024801946324934, 52.24893678776141], [6.028466155097333, 52.248658061533696], [6.031159817219465, 52.253164400066545], [6.031769780210962, 52.25855079456222], [6.035149633257926, 52.258314993991995], [6.035802081428505, 52.25951358352502], [6.036506093419861, 52.25948983489647], [6.037493879298955, 52.26092076241833], [6.0376847605473465, 52.26360639911633], [6.034849105908022, 52.26551755948592], [6.036395050413693, 52.268530634154594], [6.040673892432257, 52.26822752081737], [6.043096634750851, 52.268892049972905], [6.042933694637419, 52.27004656997766], [6.041264299974204, 52.271658198629225], [6.043452874786829, 52.27560521315749], [6.043348861017048, 52.27872678805162], [6.03484357678076, 52.292465795286276], [6.03476307876016, 52.29479614379263], [6.037080844937938, 52.29889340025732], [6.046526740812535, 52.315650155598256], [6.051115693762189, 52.32369827206792], [6.052764725378112, 52.325952605932386], [6.052948689581335, 52.330907465325694], [6.073681361684822, 52.33056944029561], [6.07070635007615, 52.321882099210306], [6.067388263996857, 52.3214130867617], [6.066087623037839, 52.32025327134844], [6.066525746656066, 52.31780930973342]]]]}, "properties": {"type": "boundary", "gemeente": "Voorst"}}, {"type": "Feature", "geometry": {"type": "MultiPolygon", "coordinates": [[[[5.720464117369684, 51.99100714170703], [5.716639356446076, 51.98143632984612], [5.721155900204154, 51.98092335847133], [5.717783791478955, 51.97537823157549], [5.718490813507908, 51.97448370711425], [5.71363911937452, 51.96814199841635], [5.7136401677135265, 51.9681384837971], [5.717683614869476, 51.96682239074295], [5.720886239768216, 51.96690483769391], [5.7226056698710215, 51.96405039697554], [5.721503147334582, 51.96386741972655], [5.706632542510654, 51.96270538460617], [5.6819184099926945, 51.959158573687496], [5.676553060304165, 51.95757451198101], [5.669698429484744, 51.95382080329669], [5.66598918734974, 51.95279925903334], [5.662190748087164, 51.95264303223253], [5.653760741021647, 51.953910284258406], [5.648922728135576, 51.95400111039771], [5.644259476923879, 51.952348690255256], [5.6462202449483785, 51.95058450283197], [5.64962184124798, 51.95002100818988], [5.645304598284205, 51.94668071841629], [5.645088673982009, 51.94487953675931], [5.640639074060869, 51.93957798197698], [5.639625783755811, 51.93825894292606], [5.636232124408163, 51.936692249543974], [5.630288828438236, 51.93640938795628], [5.6278646796782565, 51.93719369842349], [5.622767580054469, 51.939765318642976], [5.617887833240607, 51.94135102413878], [5.605939713923647, 51.94312468990076], [5.616428042276996, 51.94935343014931], [5.620437397385069, 51.948324663205454], [5.620162613113754, 51.951497987995424], [5.6234466070531735, 51.95194543000216], [5.625027570414264, 51.95161469812563], [5.627308699285775, 51.95247316763027], [5.626495307227672, 51.95736559918909], [5.623213645855382, 51.96256459073045], [5.620258296249673, 51.96658217567604], [5.624855756617768, 51.970448199252125], [5.626064250760592, 51.974069889602085], [5.619888340017596, 51.97771017876926], [5.615059950233055, 51.98271677526737], [5.613812768402966, 51.990342608680535], [5.609972206734852, 51.993691364892335], [5.606016941466699, 51.9941641887406], [5.606832009264298, 51.99742224720265], [5.614491878936868, 51.99964941844614], [5.619307263874116, 51.992738233612315], [5.624945528096147, 51.99514136396178], [5.627251106191216, 51.99314208071597], [5.633298079724302, 51.99520220010243], [5.637220883828089, 51.99191707564647], [5.653944999588348, 51.99516048212408], [5.655417171634538, 51.9933064428275], [5.662842554352712, 51.99494735998569], [5.664526450128793, 51.99412987986973], [5.669601464874842, 51.99466816646349], [5.67253947024503, 51.99352065369496], [5.675368103411941, 51.99095116633093], [5.678295850265029, 51.99140033463967], [5.682693034853514, 51.99255285610221], [5.683093304549314, 51.993911163557264], [5.6847159362751105, 51.99392588866986], [5.687618614421014, 51.99456048881782], [5.688883783707166, 51.99492244784437], [5.724362690940775, 52.00070797456964], [5.720464117369684, 51.99100714170703]]]]}, "properties": {"type": "boundary", "gemeente": "Wageningen"}}, {"type": "Feature", "geometry": {"type": "MultiPolygon", "coordinates": [[[[5.974910193355643, 51.94161988442148], [5.970352199964231, 51.939325677532025], [5.969259936590131, 51.93955750942597], [5.96577547088436, 51.938767329827876], [5.9617942394037655, 51.93879233751409], [5.960293456166141, 51.94378247404401], [5.9552254514994765, 51.94875330637283], [5.950109496982474, 51.95422868582668], [5.949392283083679, 51.95900351725144], [5.952428827866258, 51.96456971293568], [5.959494006846006, 51.96946550086112], [5.963628896833066, 51.971143109213806], [5.968412634071743, 51.972082665787795], [5.990340114969176, 51.97440592458356], [5.9982837535383915, 51.97706471266504], [6.001965291951874, 51.980649841856945], [6.003143244080984, 51.98025882893241], [6.001732938226036, 51.977551534233605], [6.000428541537227, 51.976169980158794], [5.996191918178718, 51.97395574767965], [5.991551920400969, 51.97266305712914], [5.9840002390179805, 51.972399371435564], [5.986636428585547, 51.968499903462735], [5.985264356501349, 51.96395934773306], [5.987697981278599, 51.962911293627016], [5.986840706461987, 51.96226790011952], [5.986999853926019, 51.95991145110881], [5.985525016348462, 51.955128679232814], [5.984836268574985, 51.95168210313092], [5.987576549125574, 51.95044085372227], [5.98456901068133, 51.94691014937018], [5.986168164805675, 51.9463635912454], [5.984363893564706, 51.94302061493359], [5.979982611687453, 51.9429369983663], [5.974910193355643, 51.94161988442148]]]]}, "properties": {"type": "boundary", "gemeente": "Westervoort"}}, {"type": "Feature", "geometry": {"type": "MultiPolygon", "coordinates": [[[[6.75297712863504, 52.02840552036641], [6.764088141837638, 52.02231089367263], [6.766306984068205, 52.018782217373214], [6.771677761494452, 52.01796906168648], [6.811410313404989, 51.998096627100225], [6.807798447749938, 51.994967613638636], [6.826607222941063, 51.99352756232875], [6.830351540622025, 51.98619248737563], [6.829628669607407, 51.97938878182795], [6.830233575079419, 51.97640756812656], [6.832307491746313, 51.97434555591697], [6.832801339121228, 51.97180690446585], [6.8324266727917315, 51.97004455465247], [6.828528567465912, 51.96410573723151], [6.813836937753361, 51.96363337656169], [6.812460606460543, 51.96183358707854], [6.7988673156519726, 51.95871594318873], [6.796243814395382, 51.94397589719456], [6.797270407924141, 51.942552882466885], [6.793990327911886, 51.935293886568516], [6.785976745114736, 51.93118969916324], [6.788944239471067, 51.92965697765667], [6.770035298318813, 51.91619927804238], [6.765992766097399, 51.91606538249878], [6.760481255590647, 51.91412134973524], [6.757272673304103, 51.913824606413044], [6.7540259323139775, 51.91262366959933], [6.754398593584395, 51.91006698540668], [6.752056378092117, 51.90855119692117], [6.751263836046085, 51.90724027003717], [6.74554127800349, 51.905722430347055], [6.737132007075204, 51.904681640015184], [6.732497355990602, 51.89872305792034], [6.72196907211261, 51.89606374283497], [6.703220600063977, 51.906395851977045], [6.703802156369543, 51.909408275736965], [6.702721967621959, 51.90980981840563], [6.6998236877998565, 51.9090591722309], [6.697666822372721, 51.90987049473986], [6.695345770408649, 51.915868595863984], [6.692649717450802, 51.91471733228231], [6.68424824046274, 51.91609731344105], [6.684224149568505, 51.917591103496015], [6.674789022546911, 51.91593812288059], [6.6687330736924855, 51.9138637415925], [6.666992408140504, 51.91430617832114], [6.6642852639232775, 51.91648118538742], [6.662942390558495, 51.91573692384071], [6.661009517477073, 51.91560372116671], [6.660587393212556, 51.916706533153544], [6.661613111073391, 51.916906172889824], [6.660766474505319, 51.918369174210035], [6.662843148758252, 51.91851000762568], [6.663126282960401, 51.919794014722676], [6.661720692174486, 51.92035133516887], [6.662178288374149, 51.92053807431006], [6.6606783228137285, 51.922228548664116], [6.658030332805563, 51.924332107200044], [6.657985058724328, 51.92602834980831], [6.659071633163446, 51.92584323843097], [6.659003754955315, 51.9290196846409], [6.657873386954506, 51.929106261590675], [6.657600984643387, 51.928449338979355], [6.656648610402509, 51.930180183350856], [6.653652922966888, 51.9302672482443], [6.653257657704889, 51.929111905792304], [6.651292394838852, 51.9285425819168], [6.649483397051582, 51.92890688650788], [6.646943631080614, 51.9293926755005], [6.645973586916186, 51.92960590093447], [6.639180138271955, 51.93246656089034], [6.634152572329094, 51.93530015633748], [6.634223257104113, 51.937371775908225], [6.632007809499918, 51.93781715580569], [6.633705864585663, 51.939715467474755], [6.634323848141692, 51.94501341791486], [6.633739756955162, 51.94586431421333], [6.63306829958096, 51.94768537065938], [6.629071226076196, 51.950092237185004], [6.63922572465163, 51.95939767487293], [6.638915729576389, 51.962547174321706], [6.63787925469097, 51.96498672077268], [6.642525352941875, 51.965820100597654], [6.645599901508756, 51.968864875562346], [6.655598123037087, 51.97554493078834], [6.654618455202956, 51.97631512461913], [6.657055998147161, 51.97755215642905], [6.6551624112135634, 51.97933276678737], [6.652705085594765, 51.99753203793044], [6.653361959401921, 51.99993116799052], [6.654464740811551, 52.00291046777651], [6.655244175661995, 52.00463873443951], [6.658170070559021, 52.01117841022676], [6.655813555997801, 52.013562565908835], [6.656649119750969, 52.01481426911389], [6.6585292053604315, 52.0142337823236], [6.661753727800568, 52.01555035163237], [6.66237548669867, 52.017412917291054], [6.672060564707608, 52.0229012155687], [6.677733405917457, 52.02837500623598], [6.679606566247758, 52.0286862125592], [6.6806667045212835, 52.027998696329675], [6.683569270908628, 52.02820194494497], [6.687852838219901, 52.03985600746891], [6.714134144287241, 52.040064582025366], [6.75297712863504, 52.02840552036641]]]]}, "properties": {"type": "boundary", "gemeente": "Winterswijk"}}, {"type": "Feature", "geometry": {"type": "MultiPolygon", "coordinates": [[[[5.764730993819841, 51.83229103838232], [5.757619981964201, 51.823989716163695], [5.771333588009914, 51.823062609767476], [5.774057270247528, 51.82158582863849], [5.7747139283623055, 51.82054552613043], [5.774722250929463, 51.82053306847822], [5.781301790230396, 51.80982723419056], [5.790434381000149, 51.80202307698737], [5.792246188671913, 51.79893003764673], [5.794373403363832, 51.7973147661688], [5.796075039357605, 51.798135286592675], [5.8009479846141545, 51.795151066532604], [5.7959841188855545, 51.79187522405602], [5.780658156527721, 51.78420366213655], [5.77859416923983, 51.78407382806591], [5.7749876339864255, 51.78377305848287], [5.769472581096469, 51.78518902644943], [5.768540610410482, 51.7825669246743], [5.746411199971207, 51.7788381834123], [5.741457401170607, 51.778762737599564], [5.74053845887835, 51.77790463310682], [5.737011158408822, 51.778348537757125], [5.734036243191219, 51.779898527207315], [5.733693433895232, 51.777936102819176], [5.732199616811723, 51.778177755272175], [5.729744713005198, 51.772850844234995], [5.721904081292732, 51.77482628610211], [5.711229297618238, 51.775033704652486], [5.705975898099962, 51.776254952830655], [5.702308685438855, 51.7781434715464], [5.696500166035037, 51.78546656539747], [5.693715532893722, 51.78774086329385], [5.685789106955869, 51.79119307142961], [5.674102673279558, 51.79244960265377], [5.668406365664506, 51.792916923619615], [5.663350211798893, 51.79453438397146], [5.657493211374399, 51.798030067831576], [5.653913181215196, 51.80115180872446], [5.6499006841608415, 51.806136921521656], [5.646574085391037, 51.81303034669708], [5.644215426533185, 51.81603678385327], [5.641304018793936, 51.81789189913211], [5.635214153844164, 51.8195436668956], [5.6258961546991415, 51.81922969964788], [5.622159100307872, 51.81921100900851], [5.617812352918065, 51.820055555856], [5.606234787285733, 51.82529999452097], [5.597976081683884, 51.828049393833425], [5.599544035442094, 51.82911856588898], [5.603069255917249, 51.82828138292858], [5.608961388380108, 51.830988786141894], [5.607852990730905, 51.83312073373933], [5.609857025219184, 51.833939887983924], [5.606630779381593, 51.8356892324156], [5.609834784642363, 51.8362738057788], [5.623141966312245, 51.84046864508875], [5.643199789968158, 51.84498825722129], [5.635932179409214, 51.84745729054624], [5.63786661128372, 51.84888588080845], [5.635348642564198, 51.85111714797835], [5.640119690350058, 51.85603254481441], [5.636177097216613, 51.867361599018366], [5.6582284153928795, 51.866546903377625], [5.667852391646855, 51.86592656438179], [5.670767028080255, 51.86456340173533], [5.672184182165316, 51.86204434401698], [5.6795707962677655, 51.86052541552704], [5.678257789920212, 51.85857409127589], [5.681635714594711, 51.85688170803014], [5.680167188640668, 51.855116189608225], [5.680497620200392, 51.85386974743559], [5.6843727316672865, 51.849198952635334], [5.684820048263807, 51.848780761178126], [5.681356643564841, 51.848677470615755], [5.681733514923715, 51.846259793473564], [5.677403916442328, 51.846258112821275], [5.678110432962627, 51.84314675386965], [5.715640959969026, 51.83970865369397], [5.71762526565678, 51.83951686868708], [5.732043711802213, 51.83798046197999], [5.746928694890717, 51.835270829129904], [5.764730993819841, 51.83229103838232]]]]}, "properties": {"type": "boundary", "gemeente": "Wijchen"}}, {"type": "Feature", "geometry": {"type": "MultiPolygon", "coordinates": [[[[5.118357519715639, 51.81790509952841], [5.121758642316289, 51.816607281996866], [5.127340945914026, 51.8151631760091], [5.134905688127559, 51.81421899805826], [5.1404530363638266, 51.81409321789718], [5.148702979406744, 51.815016846275036], [5.159279775107532, 51.81648007194304], [5.170642471484071, 51.81703256473988], [5.176742916359045, 51.816349184200966], [5.195122618500457, 51.81150983350258], [5.203271994969655, 51.81024077199019], [5.2128816791800325, 51.81004898270638], [5.220700386155972, 51.8109046193102], [5.2354569063784755, 51.814482301175545], [5.237415717800245, 51.815020793669376], [5.247175204693762, 51.81712242937351], [5.279514574229223, 51.82074072100946], [5.281717759608442, 51.821207550467555], [5.2846951835658915, 51.81743352453306], [5.283258445350202, 51.816993972505465], [5.282958720522222, 51.81224795590537], [5.280852484235228, 51.81040065248363], [5.284479993781919, 51.806540249494354], [5.283086164695863, 51.80606728579462], [5.283874386568361, 51.805150676577114], [5.2837147912151625, 51.80326210574413], [5.281007329040424, 51.80191702693747], [5.288170380526347, 51.80017667327362], [5.288436493700303, 51.79957425920713], [5.286270733048442, 51.799140489420445], [5.276312241761799, 51.79521054307508], [5.266452360777985, 51.793121854420484], [5.268294722546411, 51.78336025360127], [5.269919535898388, 51.774326312760465], [5.262521612966708, 51.774646328830265], [5.262557876912129, 51.77382260261372], [5.259637698599159, 51.7738908277779], [5.251738080920518, 51.77241559827809], [5.248864870030611, 51.771236118684755], [5.240197341704189, 51.77100706181408], [5.237443898214177, 51.771964539074034], [5.233437095745234, 51.77081518006555], [5.231572180339904, 51.770627091330056], [5.214461292287854, 51.76861681101862], [5.211125644373102, 51.76925612130711], [5.20660125632991, 51.76905422609579], [5.195904605428317, 51.767440290052186], [5.191994571843928, 51.76745242294005], [5.19241183490219, 51.76645573295649], [5.190046874823384, 51.7656504137858], [5.183902257054834, 51.76609494088894], [5.181506317258431, 51.76641915575935], [5.180651401178094, 51.766555057310065], [5.1738625952169945, 51.76408984854531], [5.17512779187619, 51.762531525719815], [5.174565118376628, 51.76107261336688], [5.179674695513289, 51.7592369189242], [5.183518480366917, 51.75581754844073], [5.1849507512442, 51.75363630685015], [5.185724995488814, 51.75064553779312], [5.184444458594311, 51.745863883409314], [5.185020385641387, 51.745802659549966], [5.1856996578985415, 51.74191732592208], [5.177259920557999, 51.74291751558785], [5.168836666837082, 51.74307362346699], [5.16349646183269, 51.742702090654745], [5.128054496767877, 51.737606818157936], [5.126607793733874, 51.73792864480817], [5.125984268398887, 51.73962887765198], [5.125591189066012, 51.74322631131216], [5.1263356606247905, 51.7450212017104], [5.138112330839101, 51.75072605839611], [5.142713523153048, 51.755210025451056], [5.137652150113067, 51.75762806295617], [5.135890303594542, 51.760319572592365], [5.136349774663297, 51.76391630732189], [5.138687164859358, 51.76745272414178], [5.13964865394044, 51.77021928764804], [5.1375803445593125, 51.772905176443906], [5.118644725032808, 51.77781260392015], [5.116087380206519, 51.77892358867282], [5.108969549730932, 51.783578109447156], [5.104857414949791, 51.78572509894638], [5.100276887706158, 51.78715055193274], [5.095889622763452, 51.787647613255615], [5.091437101778243, 51.78693306914678], [5.08720104535756, 51.78509549429459], [5.08195265951233, 51.780712627853475], [5.078538393042338, 51.77956371752655], [5.074247870869339, 51.77907003869142], [5.069854074461344, 51.77954876181264], [5.066965347298303, 51.780553167663975], [5.0610426670192075, 51.78528274910155], [5.057118372494395, 51.79069542427124], [5.0525784529925675, 51.795290740008795], [5.0481453276496575, 51.79811401423224], [5.044478682453054, 51.799326232695435], [5.03859649692293, 51.80096586698433], [5.0261776852426685, 51.803965109257334], [5.0242458631178835, 51.804770813917486], [5.015969349068918, 51.808222011176575], [5.012425695931918, 51.81064823958835], [5.010306503904102, 51.813010603159206], [5.010101670037172, 51.81660853756365], [5.0093431010541964, 51.81751219716117], [5.000362936658762, 51.820933538210376], [5.012995075833073, 51.82072591750591], [5.026350739777157, 51.818856910771416], [5.035122653609783, 51.81750056129816], [5.039863411191709, 51.81731546893958], [5.0507257254423115, 51.81853321270841], [5.07410933062994, 51.82582098761499], [5.082453283594733, 51.82684805303573], [5.089866819148427, 51.826642700906255], [5.10098067407884, 51.8244572069881], [5.118357519715639, 51.81790509952841]]]]}, "properties": {"type": "boundary", "gemeente": "Zaltbommel"}}, {"type": "Feature", "geometry": {"type": "MultiPolygon", "coordinates": [[[[6.078026150070717, 52.00131481758461], [6.084623470208036, 51.99479678451346], [6.087919491254717, 51.9934301241538], [6.093749404690252, 51.992787163087414], [6.103429254926369, 51.994519443005814], [6.1090002845870455, 51.99613700201862], [6.109590867324729, 51.99643658622747], [6.11049534742934, 51.995605288025864], [6.1143405535184385, 51.99681468060767], [6.114450440961147, 51.99682306637724], [6.1302527504441136, 51.997092187524615], [6.136094669414723, 51.99742992190183], [6.1399658980264205, 51.99706612472053], [6.1418212859647285, 51.99757353349083], [6.141138366982505, 51.99857896457997], [6.149831385502271, 52.001868852224874], [6.1592509919579745, 51.99973977438986], [6.163076083178774, 51.999567443648864], [6.164317741009977, 51.99898630842064], [6.159935023744074, 51.99784706746277], [6.159566198411719, 51.99602504316646], [6.161889687909375, 51.99324860902746], [6.161585541533557, 51.99075372980641], [6.160484091142115, 51.98103680147968], [6.144688884936917, 51.98050015408908], [6.12921237331957, 51.978213933056985], [6.121090814351104, 51.97339806170873], [6.122335161187644, 51.971483932222405], [6.118294186515169, 51.970535323695714], [6.112358661338544, 51.96886700080135], [6.108823688910043, 51.967172660414136], [6.105201202388605, 51.966697105520986], [6.090394064514159, 51.96784413822048], [6.089514831771404, 51.96350902179077], [6.09137081882256, 51.96291587553605], [6.091102119180382, 51.94231008269759], [6.091428384023841, 51.938720819426045], [6.09414910357947, 51.93882766995575], [6.0946891969538965, 51.93671997172331], [6.112653382373971, 51.92780347725229], [6.124489671024472, 51.92229245767306], [6.138433266909952, 51.9155292887275], [6.1403052849153426, 51.91547456526527], [6.141434140171369, 51.91592355101243], [6.142959372380029, 51.918457534200336], [6.143708057607931, 51.91803025415716], [6.142583942560455, 51.915429839633475], [6.143329148265982, 51.91362747795945], [6.152570372474731, 51.90886853354276], [6.154776685978577, 51.911264536247096], [6.1566238297685505, 51.91122743260148], [6.157193535904651, 51.90736757327065], [6.1600282271749345, 51.90475364031337], [6.162856033609527, 51.90294873233198], [6.165355338634427, 51.90234469426141], [6.166773387792171, 51.901047185223206], [6.1679126007219836, 51.900941970172425], [6.1656336939665595, 51.898596483205594], [6.1630247648739696, 51.90114044850831], [6.162291586735451, 51.90094025480263], [6.157386324851768, 51.90510036155432], [6.1562261032510825, 51.905244855330515], [6.15431527088079, 51.905198726677376], [6.1540530537733185, 51.90455388426749], [6.130547771731514, 51.8998573267257], [6.1256732178238344, 51.89820118556659], [6.117889990634332, 51.901658972648754], [6.1148217636839695, 51.897720272940816], [6.11230730111413, 51.89894417127403], [6.111538887392879, 51.898614883362356], [6.109306561351534, 51.89582999517653], [6.110176482302928, 51.89494263840483], [6.103474913056143, 51.89248321025218], [6.106331207071385, 51.89165306940755], [6.113099052727806, 51.89256659187499], [6.1182247352038255, 51.89201240039796], [6.121149657265386, 51.89106537389956], [6.1222995212333355, 51.89010772828755], [6.1243967918827575, 51.890152657157365], [6.130112743189293, 51.88827228063588], [6.133444493628444, 51.88647681012417], [6.137127744717295, 51.885802582896105], [6.138052638677215, 51.88359643231632], [6.143610616489607, 51.876251016993024], [6.143296032764955, 51.87497979604622], [6.144549095734038, 51.87161831925001], [6.144539681300402, 51.86974432876082], [6.148425865488526, 51.86823077355101], [6.150783021719555, 51.86618609801801], [6.156108071881727, 51.86547010814931], [6.161514469275547, 51.862986788643234], [6.166919096091368, 51.861641917567404], [6.16723559952884, 51.860964673737044], [6.164369265409945, 51.85887366556032], [6.163607202693072, 51.85344457847078], [6.16564024446254, 51.85020902242915], [6.166560250398804, 51.84072143024027], [6.147493893856588, 51.84540434651664], [6.135771466078104, 51.84716911271337], [6.107226975524109, 51.8480987452919], [6.099520430065213, 51.84939049857729], [6.089555944522658, 51.85259654173072], [6.0772113752572965, 51.85924136085686], [6.063485604675176, 51.86545071122503], [6.05441408594307, 51.86910648818309], [6.046284676450168, 51.87091265783195], [6.037154781480188, 51.875417852987056], [6.03058270269416, 51.88023866805169], [6.021802981596619, 51.89632287825423], [6.014525844037281, 51.901258997935095], [5.998450789992078, 51.90664024480192], [5.987062530698785, 51.913313405199354], [5.988920989977446, 51.91396481877526], [5.992755402843411, 51.91233352942806], [5.997278949087299, 51.91307196662881], [6.000329784706289, 51.91324124096008], [6.014047068826484, 51.91643194187974], [6.026994141850636, 51.91651789976727], [6.034724372128045, 51.91384566505108], [6.037456711241502, 51.913961792368255], [6.0378965843996, 51.91471833238748], [6.038843080809293, 51.91633983458727], [6.041276749047776, 51.915804944113184], [6.041842311484542, 51.91695187073327], [6.042939949181592, 51.91680855971706], [6.043464385140476, 51.91746090654443], [6.044713193758861, 51.92011541689668], [6.043514674476344, 51.92080323119265], [6.045996209685629, 51.923304953245236], [6.04539949894951, 51.924090541725484], [6.046995461188258, 51.92532737739852], [6.046276080739529, 51.92690564636687], [6.0423578677889305, 51.92777147444816], [6.045723926399113, 51.93040063066161], [6.046401304302624, 51.929995082825535], [6.047387270805054, 51.930325656459075], [6.0490162738020805, 51.931539619599235], [6.0515825286301075, 51.93104432005429], [6.053027236669746, 51.940328197275136], [6.054805634552705, 51.9399355883512], [6.056457079867456, 51.94222952358332], [6.061086148795059, 51.94565566344367], [6.060463237947962, 51.94596803187992], [6.063263225367136, 51.9490828422113], [6.052665490688759, 51.952697556759674], [6.05846176137093, 51.95830916985021], [6.059988712417506, 51.96324082595233], [6.060839093496119, 51.97448304742618], [6.067274676040474, 51.97533167371947], [6.068630537459116, 51.98047561418112], [6.062147727677558, 51.98073928523576], [6.06077249166995, 51.98185912961511], [6.047231694088719, 51.980636575816575], [6.042247791065348, 51.97900938084701], [6.042969307495581, 51.97867948381123], [6.034305785471847, 51.97135291561334], [6.026889406663627, 51.970892886386224], [6.021818307128419, 51.97820245840778], [6.009879424261565, 51.97886871226886], [6.00566426008766, 51.97908798570702], [6.001732938225875, 51.97755153423361], [6.003143244080984, 51.98025882893241], [6.001965291951874, 51.980649841856945], [6.004876977566077, 51.986824132132185], [6.006547560956084, 51.991284518379345], [6.010390260948972, 51.994725440061806], [6.015333818112646, 51.9968677960707], [6.020322176222635, 51.99691301358564], [6.027791375299412, 51.9958403622697], [6.033219172841676, 51.997210862322355], [6.043089036856829, 52.00223583563364], [6.044615958276906, 52.003988609623654], [6.04574955427161, 52.00755584531354], [6.048066440810249, 52.009794453961874], [6.057439805093943, 52.01402190582518], [6.06408685462969, 52.0149968391346], [6.06438202444505, 52.01497444575036], [6.068279070586712, 52.01416786681661], [6.07407887638658, 52.011928286434944], [6.077621974155467, 52.00962302523191], [6.0788452782663125, 52.007130325961946], [6.077662964001509, 52.00378610702287], [6.078026150070717, 52.00131481758461]]]]}, "properties": {"type": "boundary", "gemeente": "Zevenaar"}}, {"type": "Feature", "geometry": {"type": "MultiPolygon", "coordinates": [[[[6.195263719838031, 52.165623502003925], [6.198708179270812, 52.162910380558124], [6.200528864338606, 52.16491682397251], [6.2072218745835395, 52.16664377570467], [6.2118140876824315, 52.16307392343123], [6.2158267150076405, 52.162036605112185], [6.2168607448023145, 52.16177684703331], [6.217195379962768, 52.1595985905411], [6.216118568274545, 52.15858773348373], [6.218674504104868, 52.15836236711967], [6.219153403323854, 52.15607694535594], [6.223071760830952, 52.15583121547983], [6.2234782634936465, 52.15384434363198], [6.22844882363022, 52.15477288402098], [6.228878248514062, 52.15534556778112], [6.231640301922454, 52.15594039914461], [6.235261099950403, 52.15542871277273], [6.237974017455751, 52.14612590870467], [6.240151146234863, 52.146050453220134], [6.244346209335973, 52.146693678586175], [6.249285279245421, 52.147450766261855], [6.251103538724088, 52.14676125394106], [6.264391384181158, 52.14707543676104], [6.2660322571997975, 52.14786525552714], [6.269791571504771, 52.14995878154641], [6.274537881969638, 52.148843942037516], [6.276896535826214, 52.149472819955], [6.280151157728725, 52.14947291731334], [6.2834165411171625, 52.148298220115485], [6.286444573822279, 52.14893913804572], [6.290280242030451, 52.14940155892498], [6.295697359976311, 52.14883082243365], [6.298111299568372, 52.149819762075424], [6.300918240908093, 52.14911122049939], [6.305120014522963, 52.15067347752052], [6.315288362630257, 52.15129149431747], [6.324001038808711, 52.15275248813614], [6.326559092780545, 52.147386546087326], [6.328314580736742, 52.13771239433181], [6.310176107380977, 52.131558403772495], [6.296002731574279, 52.12827436756322], [6.282621944353436, 52.12351853183781], [6.27750034045297, 52.12168601886946], [6.2715901945137045, 52.11304175018386], [6.26970114324762, 52.11160987785325], [6.266609999462836, 52.111829939794845], [6.258233554431857, 52.11027232752366], [6.244724301248704, 52.11261403733234], [6.24243195848344, 52.11253043892905], [6.2359216631723395, 52.11371659967081], [6.2350436159779195, 52.11280018399176], [6.233877191877102, 52.11312586020775], [6.231768676572067, 52.111150920872944], [6.232416192293924, 52.11074719271604], [6.226637939376109, 52.109409553286], [6.225778029695136, 52.106851749934194], [6.2221562318475705, 52.106725693644776], [6.224509900091742, 52.10186245552344], [6.224476617359042, 52.1001990924269], [6.2201631961861885, 52.10032691493352], [6.219223313477959, 52.09254994546163], [6.2216940903482705, 52.08877468771046], [6.220180982683413, 52.08957810696611], [6.219476276334489, 52.088733001438314], [6.218162052473399, 52.089592179418986], [6.21848586942344, 52.09272977733485], [6.21700030600331, 52.093115119406555], [6.2168317781007705, 52.0944331493209], [6.219201611129349, 52.096308923449435], [6.217899059602979, 52.09788131006292], [6.217677867937592, 52.104526386882085], [6.215352728024164, 52.10896629625048], [6.213251125380501, 52.111085557838756], [6.2100880728871175, 52.11268659769471], [6.206206863191286, 52.1135551520999], [6.192190703322537, 52.11421420331248], [6.189094835267796, 52.11504085568618], [6.18588616954588, 52.118357796797355], [6.185885126965838, 52.12379467748062], [6.184843917256377, 52.12467911393092], [6.182515558762047, 52.126239042565786], [6.184014291532487, 52.12912100267359], [6.183639976524112, 52.1312497759369], [6.182423518253223, 52.13254653316904], [6.183546450428707, 52.13425262978559], [6.179411417628376, 52.13557976550241], [6.179869764748439, 52.135852105919994], [6.177586657557502, 52.13689413915161], [6.179101618554397, 52.13790139917512], [6.1788926984626364, 52.1385592483124], [6.174131489020273, 52.13943205809875], [6.175048260601712, 52.14147128585773], [6.172841076500471, 52.142372409404175], [6.172143567222889, 52.14338969051578], [6.173396059697899, 52.14496989796479], [6.168504920968473, 52.1462263096692], [6.163433966212802, 52.14610280357284], [6.150589763385141, 52.14397780788198], [6.1428567963220555, 52.14565889363461], [6.140389870382815, 52.14835249697527], [6.14063982974734, 52.15220945150667], [6.14208173224894, 52.15519597255758], [6.14433468764637, 52.15693729869034], [6.147422493736213, 52.157995808033036], [6.159158156002875, 52.1577051905183], [6.171668909676417, 52.15280003889289], [6.179295577424083, 52.15226237570736], [6.181605322114236, 52.15270571543224], [6.184678783252854, 52.16122269767123], [6.1867497534334035, 52.16449012021984], [6.191513681819189, 52.16763602767849], [6.192799660967077, 52.16980138146729], [6.195263719838031, 52.165623502003925]]]]}, "properties": {"type": "boundary", "gemeente": "Zutphen"}}, {"type": "Feature", "geometry": {"type": "MultiPolygon", "coordinates": [[[[5.762963496618475, 52.400666161691404], [5.764099415101192, 52.39872309191309], [5.768702961043935, 52.39881997495622], [5.770748383926167, 52.39551571084438], [5.776542130633833, 52.396700707723575], [5.77968680318032, 52.398269886907705], [5.77981928400184, 52.39864554263433], [5.782623219951969, 52.399469370435476], [5.7860164249849175, 52.39948750418484], [5.787687856964809, 52.40006147258999], [5.79077717116562, 52.39686177607518], [5.801977040836512, 52.40004374484145], [5.808011664799954, 52.401773019971934], [5.811672299354853, 52.40279917833575], [5.812046101566962, 52.40066898793849], [5.817170630028807, 52.40156705987489], [5.8178676495363115, 52.397292650813974], [5.8205790468463725, 52.396933675253024], [5.820579945608407, 52.392556762527654], [5.821400646475143, 52.391003659701035], [5.834680810682765, 52.38199138106269], [5.85005072970681, 52.370916958046614], [5.8647926117145195, 52.35965842342469], [5.868452879656182, 52.36130639732853], [5.871171123645893, 52.361309497036814], [5.876009931212737, 52.35787297201409], [5.875000791281242, 52.3570445861522], [5.864814864570701, 52.35132910715161], [5.874261598040707, 52.342130562297044], [5.880951880985918, 52.3351861233975], [5.8762107098983325, 52.33200645211991], [5.874891322911226, 52.32966206945576], [5.875517917356871, 52.32926893630886], [5.870426012053184, 52.32330943696901], [5.850993287813084, 52.308787118561995], [5.840831656272828, 52.30439714152505], [5.8411851608870755, 52.29953069539738], [5.844282598854383, 52.294898549912105], [5.845696572007351, 52.287321223979596], [5.852155592214293, 52.280090231382324], [5.851501190832766, 52.27854383570021], [5.84878097669564, 52.276829766356215], [5.8481705547262255, 52.27511419882722], [5.850811747596053, 52.2686954469146], [5.842719040989368, 52.26714593133992], [5.829738552683527, 52.271278684442514], [5.821427384447843, 52.27267195959213], [5.809990195491252, 52.27030428214279], [5.802233190889537, 52.27049874327749], [5.797242433677215, 52.2696958195345], [5.792458409920457, 52.26997662762601], [5.780039032668401, 52.27060193223949], [5.772996173902732, 52.27035431059451], [5.751264164129406, 52.26956139816717], [5.74922820648684, 52.26827310944234], [5.746504404871993, 52.27167290545675], [5.747878469502258, 52.271989808760424], [5.755492804009528, 52.27787645777204], [5.754649036914682, 52.28260242827141], [5.746023311333763, 52.28693709300055], [5.744682857594709, 52.28819521067326], [5.744295644718911, 52.29195962687183], [5.7438382432573025, 52.29804751459647], [5.748182325274047, 52.30683058162474], [5.749117681472418, 52.310006949324354], [5.750748824820716, 52.31707400765095], [5.748043496184918, 52.31782640659885], [5.706172347694183, 52.328382232068456], [5.7124817036528395, 52.3318457280689], [5.712803952050814, 52.33623919913954], [5.711020812554643, 52.338725067650806], [5.705463162547282, 52.339860297696426], [5.705076577898702, 52.34287085366007], [5.704839813918988, 52.34412876732562], [5.704135909678964, 52.34685158926809], [5.699055430571847, 52.35280172851535], [5.698642486530117, 52.35580842077477], [5.698729566596097, 52.35601744272118], [5.698687177946598, 52.35673278915638], [5.700663022132623, 52.357487916686885], [5.6983563865555515, 52.36059312202341], [5.6971051623672135, 52.36111472587824], [5.6956569568619715, 52.36076087156604], [5.680022570959164, 52.376032987989824], [5.6789226307387, 52.37884155260163], [5.683465614762433, 52.37823456651722], [5.6901337849517795, 52.37897203623373], [5.694634783077503, 52.38069036609121], [5.699884320314906, 52.381249461533685], [5.703347893092432, 52.38367903226768], [5.703028196439473, 52.384476266119975], [5.703278730417103, 52.384621493389204], [5.704096789201542, 52.38412395562644], [5.704786978628783, 52.38430372734215], [5.703753851602736, 52.38489690018576], [5.704226353112488, 52.38506248969808], [5.705415356545813, 52.38429952456802], [5.706634577199926, 52.38455062252038], [5.707292198702066, 52.385303115439854], [5.707092979802099, 52.38581390704688], [5.706693431666899, 52.38601317153228], [5.70657071834827, 52.3864143067845], [5.707580065207731, 52.38594077369913], [5.707901699167925, 52.38641365043628], [5.707374000706147, 52.386801771765846], [5.707657157253644, 52.38687758458465], [5.708173670384992, 52.386715589011324], [5.709547972633696, 52.386802623198236], [5.709867437618079, 52.387470302717574], [5.711482556670574, 52.38790330453246], [5.712774217230046, 52.387746028172934], [5.716020091962565, 52.38772667503617], [5.722474545897693, 52.39077235318446], [5.7240217806464155, 52.39083860355611], [5.726300374816801, 52.39203389000609], [5.727825016161391, 52.39395607072354], [5.730924321237717, 52.39521416810599], [5.731636622454408, 52.394713621719404], [5.735393775660082, 52.396080193320046], [5.73481610937665, 52.39679374093142], [5.737702974551376, 52.39796528638627], [5.7399658981870045, 52.39765517617732], [5.7503270264131405, 52.40378101266247], [5.755283373274689, 52.4052716910783], [5.756913317305021, 52.40686799705845], [5.759230741119043, 52.404586209317685], [5.759401052441764, 52.40302364992802], [5.762963496618475, 52.400666161691404]]]]}, "properties": {"type": "boundary", "gemeente": "Nunspeet"}}, {"type": "Feature", "geometry": {"type": "MultiPolygon", "coordinates": [[[[5.531361970473743, 51.89475318725149], [5.530982360259944, 51.89139332806073], [5.539302940830326, 51.89186641555688], [5.543121031010153, 51.8884036771517], [5.547329699092628, 51.88825825833217], [5.5478112767088845, 51.88830623060459], [5.550661671052783, 51.88804776018423], [5.5563752819431365, 51.88875018722456], [5.560401855472007, 51.88985126439616], [5.575708192961682, 51.892506083519606], [5.576992561105726, 51.89243651359777], [5.573566934846505, 51.88691954158417], [5.572249848806267, 51.88577770759919], [5.572687017459686, 51.88566331605952], [5.571537028893252, 51.88391729686038], [5.570449760363595, 51.88435342737572], [5.569584217057276, 51.88492395923117], [5.568717308731299, 51.88458436601999], [5.5687957474991086, 51.884467225937186], [5.566446975906719, 51.883914572970916], [5.566947511031215, 51.88125451583298], [5.568264699916925, 51.88044721174171], [5.569393362628594, 51.87966549639815], [5.568435002472152, 51.876545343376165], [5.560255338645383, 51.8750477284011], [5.55960072410147, 51.87050706182952], [5.553781767377441, 51.87037360198497], [5.554049538729702, 51.86752203527174], [5.553072912615093, 51.86263247408864], [5.577272790453311, 51.86458479326816], [5.5777323512320836, 51.86035127007409], [5.578710258022996, 51.85920486227031], [5.584695926287364, 51.85722800299995], [5.581569989448911, 51.852599125879244], [5.584545531122451, 51.84153491511938], [5.585012748382996, 51.839106507417206], [5.598268893482342, 51.83954415550979], [5.598493130431705, 51.83785114444122], [5.606431852701095, 51.83697334098442], [5.609834784642363, 51.8362738057788], [5.606630779381593, 51.8356892324156], [5.609857025219184, 51.833939887983924], [5.607852990730905, 51.83312073373933], [5.608961388380108, 51.830988786141894], [5.603069255917249, 51.82828138292858], [5.599544035442094, 51.82911856588898], [5.597976081683884, 51.828049393833425], [5.588847845983347, 51.829699509924], [5.5767913019785365, 51.82815172751314], [5.567879196846722, 51.82778318726951], [5.558157760581539, 51.8275265978692], [5.554823670370219, 51.8265600526757], [5.552146561338473, 51.82496711015372], [5.551263958664546, 51.82413070757441], [5.548628087063894, 51.81980261390534], [5.545283912696751, 51.81743423846724], [5.540929170220455, 51.81630749070017], [5.535633252747029, 51.81657425331495], [5.527883586528763, 51.818481063935145], [5.51773358160672, 51.81928376972305], [5.514213324845796, 51.82074374691468], [5.5080780840092975, 51.826143236998526], [5.50325440211869, 51.8287637146478], [5.496005531533503, 51.8306042832885], [5.490189554396464, 51.83050843124429], [5.4858478713780245, 51.829408831659265], [5.481839073231371, 51.82706617986822], [5.479672145197982, 51.82437140706301], [5.4783481318345695, 51.820053952402056], [5.476930874320761, 51.81718286211697], [5.474213937776241, 51.81464120833848], [5.467485372633149, 51.81180246834108], [5.464479758495674, 51.81118642712993], [5.44955361412744, 51.809677387645955], [5.439403348614874, 51.809709322982364], [5.429254595117038, 51.81136727713493], [5.422291743160937, 51.814558312577574], [5.4182710025597345, 51.818557760580376], [5.414884903486066, 51.82129002678053], [5.416222372048052, 51.8226396524592], [5.414964413513455, 51.82493763511663], [5.4083308224268505, 51.82928046311963], [5.406970085748983, 51.832800388805985], [5.405842729780276, 51.83270547995243], [5.405338053406745, 51.83465327416681], [5.400632671526211, 51.837658624771024], [5.409148373104239, 51.843923767537596], [5.415233516652199, 51.85180083822617], [5.417824245143532, 51.85809170092836], [5.4229775384663945, 51.8664239576817], [5.433339659735672, 51.87705239833342], [5.434812804908745, 51.87815034870275], [5.436045436774729, 51.879018880561915], [5.444982749914332, 51.884203056792416], [5.4534337270977025, 51.88743723878256], [5.463915916236753, 51.88900869118374], [5.476155712979131, 51.88962457623583], [5.497380845386516, 51.889041698847414], [5.509030418858462, 51.889844644498595], [5.523174822787305, 51.89239366299826], [5.531361970473743, 51.89475318725149]]]]}, "properties": {"type": "boundary", "gemeente": "West Maas en Waal"}}, {"type": "Feature", "geometry": {"type": "MultiPolygon", "coordinates": [[[[6.481470483215706, 51.973885888707876], [6.482963999944615, 51.97368658889052], [6.483566675178857, 51.97428488087408], [6.494798580772194, 51.97059112441847], [6.5059673278120895, 51.96913967587321], [6.524641311551133, 51.96780096123819], [6.527269953581533, 51.96602365441836], [6.532829488598918, 51.96235359809405], [6.519832743122834, 51.95556278739313], [6.5186143121605635, 51.95346782860799], [6.518642239328401, 51.951171395720266], [6.517186482387612, 51.94800776956163], [6.504781022013772, 51.945984456120755], [6.5034540114628445, 51.94402294789736], [6.5029664588185705, 51.941284725664865], [6.500979540424322, 51.93950443350271], [6.50312792775304, 51.939313287039084], [6.495580304939082, 51.93028777527809], [6.497089777916598, 51.92959976622912], [6.494519302509933, 51.92712102231617], [6.492359370078985, 51.92593019515662], [6.4932339256168286, 51.92021763619789], [6.492576866729978, 51.917409939295034], [6.490659575076883, 51.91717127016368], [6.491175055095791, 51.915641563205284], [6.487112842024035, 51.91408612470802], [6.4886688955854455, 51.912731945813164], [6.482710373877167, 51.91026011367041], [6.472352096741552, 51.907353546740424], [6.476064643907978, 51.901972772052765], [6.479994209352817, 51.89433663537357], [6.479170367898639, 51.88924281315102], [6.480609086973019, 51.88426297984782], [6.481901124416899, 51.88341573326342], [6.48420761852063, 51.87896880034731], [6.48349972023008, 51.87741667578997], [6.48097494260499, 51.87407472477398], [6.478467997827753, 51.87230947094493], [6.4779792006512595, 51.871852322984616], [6.477872769590334, 51.871758618758584], [6.475314341081444, 51.8706609854893], [6.474325210731685, 51.86945667754248], [6.471834923741892, 51.868962911552195], [6.471867207799017, 51.86607601319446], [6.471285594948249, 51.86452635101623], [6.468402228442173, 51.864176631777575], [6.468127169904918, 51.860347198377696], [6.464383816304927, 51.85528764808626], [6.458314988856971, 51.858684982516706], [6.451089239422143, 51.86524633315683], [6.448470372902314, 51.865505885903815], [6.446672790141259, 51.8650058830456], [6.443674148018397, 51.86266744762244], [6.441377473903834, 51.861858786883495], [6.438733205555199, 51.86210001312931], [6.432362950109499, 51.85938323917072], [6.429436338900727, 51.86071483857987], [6.428605846022852, 51.86508393148832], [6.427360874615717, 51.86586205561851], [6.426125679719221, 51.86625051722044], [6.42432531807565, 51.86597358213469], [6.42179430715627, 51.8669887642172], [6.42021832045395, 51.86678148471441], [6.4185746508678, 51.86724780658074], [6.415182839634599, 51.8687307611846], [6.412253640323579, 51.87109667689705], [6.410170492380568, 51.86955482573483], [6.408752051222705, 51.86946398131167], [6.406754315793003, 51.87076794587678], [6.404314696969153, 51.87024243101202], [6.4024752723006015, 51.869137603404575], [6.401312726778228, 51.8694506021221], [6.400604785243176, 51.87043737609872], [6.39912780656743, 51.87030083453982], [6.398372261822164, 51.87097689029157], [6.396746237584743, 51.87033412528049], [6.392284596025196, 51.874031354100744], [6.390566443812431, 51.87396829333824], [6.391154746152968, 51.872949974787126], [6.388392544921928, 51.86720112055981], [6.3869675734235845, 51.86495561105939], [6.388034804231626, 51.861899362257226], [6.3913882850547585, 51.86139830773176], [6.3920008865862, 51.860336617552285], [6.3955030420912315, 51.85906253218009], [6.40043292412988, 51.855833195389984], [6.407710610322057, 51.854364766802526], [6.408953442247778, 51.85334643128112], [6.409055690360905, 51.852485982690844], [6.405033635547239, 51.84890916660138], [6.405185673960273, 51.84738715986577], [6.402377616307841, 51.84454125110075], [6.402437374323855, 51.84322317808718], [6.40666551389615, 51.838550680405916], [6.408089365264753, 51.83588095756537], [6.402953750187946, 51.83654458718728], [6.407491263151077, 51.82808971738354], [6.401818490800256, 51.827262889298716], [6.400214470689293, 51.82853326217982], [6.392683057461054, 51.83113306606489], [6.392278386105032, 51.83195174347809], [6.389543936741254, 51.83329537265735], [6.382224455707031, 51.834781992893056], [6.373704984815832, 51.834759637037465], [6.3687231672556734, 51.83325758369377], [6.363330835872831, 51.83515606571383], [6.362849397714754, 51.8358237483729], [6.364061501720014, 51.83844077727247], [6.362516625301113, 51.84277275356233], [6.360257838845004, 51.84579927027938], [6.357747390680181, 51.84748460587113], [6.348714992294648, 51.850093033767756], [6.345179987667004, 51.85095765298043], [6.339422563061372, 51.850740160501275], [6.333141237817339, 51.85159149286133], [6.320504142601265, 51.851683923805204], [6.317763804824553, 51.85122353434117], [6.3125092094552615, 51.850277222419805], [6.308281996932129, 51.84981011599701], [6.306203503084595, 51.849078331971974], [6.30375927395914, 51.853573768625886], [6.300684054529378, 51.86203759604056], [6.300504706367619, 51.86450961429241], [6.298223021885794, 51.86594349330434], [6.2990069430953355, 51.867826372263885], [6.299160973754045, 51.868388738862095], [6.301752622850551, 51.86874063692214], [6.309583112790078, 51.869169687487286], [6.311945362576494, 51.8692021809097], [6.3122106220382435, 51.86848763717241], [6.322493204515704, 51.8686706029683], [6.324577103761486, 51.869029996507834], [6.329251491424026, 51.87123367320844], [6.327227049501843, 51.872458680407846], [6.327203716421352, 51.87362129392668], [6.331633471311191, 51.87482093022501], [6.326540424825077, 51.87902941479942], [6.329443336136211, 51.88033644888609], [6.326900866155294, 51.88478201151203], [6.325160945121182, 51.88777860402081], [6.324324991790403, 51.888961612744794], [6.331070861135861, 51.892076294942555], [6.33227976862824, 51.893267953220196], [6.3295871901148, 51.89477763188891], [6.3226131816569024, 51.89599049482452], [6.318554646084089, 51.89774410291644], [6.315792891669851, 51.89784285240545], [6.310866833144148, 51.900035391071576], [6.306825443865194, 51.90453540583755], [6.305952537371296, 51.90688488103331], [6.306284162858287, 51.908210943050854], [6.307289151961964, 51.91026195141566], [6.308741321663449, 51.910718198608436], [6.307963776423123, 51.911391891818816], [6.309022880121214, 51.91178489702172], [6.310997542035455, 51.91058997654375], [6.316143413721729, 51.91273733893361], [6.316876395388604, 51.91620312585549], [6.315765603460474, 51.91828292199284], [6.311295596161144, 51.92063853780239], [6.301772198860989, 51.919889026411624], [6.294979822294704, 51.92089407891724], [6.291148724216054, 51.92241536584898], [6.289653911421657, 51.92548913154748], [6.29102718918887, 51.92899188169728], [6.292887893284789, 51.9313145849326], [6.296012605606731, 51.9328575046999], [6.29566983756195, 51.9353420142955], [6.296488724487995, 51.936415584669795], [6.299831077021177, 51.938468554369216], [6.303980976193074, 51.93806144296208], [6.305950392418696, 51.93704552649684], [6.306805612278257, 51.937941093497756], [6.3057635342507465, 51.93882120653634], [6.308604871073466, 51.939764176590636], [6.314608333238656, 51.936502625409204], [6.319983037794027, 51.93596844632435], [6.321735917854384, 51.93518810932934], [6.326754500385546, 51.92944268980928], [6.331155844359326, 51.926164353613295], [6.333421515983989, 51.92546852397783], [6.333794969453788, 51.92571745507098], [6.3354500721894, 51.925845943353664], [6.335755617432373, 51.9260552042509], [6.336843799291755, 51.926105226241084], [6.338039718853477, 51.924891606533954], [6.338939604698377, 51.92483331718676], [6.340052090549219, 51.925689713344696], [6.342361154355226, 51.92512141345919], [6.344602030332804, 51.92525150550787], [6.348589478098423, 51.92455925616577], [6.349172363000058, 51.923714016410656], [6.35232642343318, 51.92381260565178], [6.355583924736717, 51.92364083707385], [6.358396787227864, 51.92287199760801], [6.3593285042496515, 51.92278210694437], [6.360845811024787, 51.922966660955474], [6.36254770061484, 51.923768178645005], [6.362554465187724, 51.92377125777462], [6.371606415303555, 51.92760677220991], [6.376847560302841, 51.93005102977776], [6.381312279215609, 51.933315904107786], [6.3817674608047446, 51.93457106727714], [6.379963703384636, 51.93628150493824], [6.38439771416518, 51.94113460752196], [6.3882311071686875, 51.9449771736766], [6.396291777434443, 51.952525634142795], [6.401552343779661, 51.95678273617619], [6.403586232027903, 51.95732178389305], [6.407290075157527, 51.96314836377712], [6.409974272078382, 51.96588671949281], [6.41608241405247, 51.97262184684509], [6.425588380502318, 51.97259394383625], [6.426923226513166, 51.971996888669956], [6.430123983805286, 51.9718283487356], [6.434802354635402, 51.9720753349233], [6.434888052904416, 51.97097280287009], [6.437041397459094, 51.97072430350924], [6.437505924571915, 51.971574750032445], [6.4390619659126305, 51.971555080868285], [6.43935139039831, 51.97210068423229], [6.441293081898874, 51.971729713485146], [6.441336912110212, 51.97085700897347], [6.44750240087125, 51.96970827443885], [6.451791123236751, 51.97179708126122], [6.453098304578468, 51.9716717935983], [6.460194875220366, 51.97355713351292], [6.461519161132322, 51.97514776500392], [6.463129722043075, 51.975305036115486], [6.462595342569554, 51.97621530643331], [6.4667106576191955, 51.977056385804985], [6.467851116867682, 51.97821887722478], [6.4731987737846906, 51.97604013021196], [6.481470483215706, 51.973885888707876]]]]}, "properties": {"type": "boundary", "gemeente": "Oude IJsselstreek"}}, {"type": "Feature", "geometry": {"type": "MultiPolygon", "coordinates": [[[[6.621374360892602, 52.06557441318843], [6.623740100168854, 52.06362260104607], [6.628900634463176, 52.06424079200641], [6.636944725403063, 52.06432629019474], [6.635354610283507, 52.06081366005927], [6.632180869729805, 52.06105568606378], [6.631753954301821, 52.06083022919261], [6.631446564099268, 52.06052422499362], [6.634143347713043, 52.05754914133578], [6.636473286595453, 52.05664649717721], [6.638588373677802, 52.060502881629766], [6.643208476888227, 52.06020452550624], [6.646838859509088, 52.06541058531896], [6.65113818809301, 52.063599047817746], [6.658970633120821, 52.0630411315313], [6.663808071265647, 52.05770525482472], [6.663929200750492, 52.054447597196244], [6.6618011849742995, 52.05159777173429], [6.665621940423532, 52.05010987366767], [6.666760008097259, 52.050314677179756], [6.674703699695733, 52.04855908588013], [6.684040581943162, 52.044828467845775], [6.687981100375654, 52.044365286566254], [6.687852838219901, 52.03985600746891], [6.683569270908628, 52.02820194494497], [6.6806667045212835, 52.027998696329675], [6.679606566247758, 52.0286862125592], [6.677733405917457, 52.02837500623598], [6.672060564707608, 52.0229012155687], [6.66237548669867, 52.017412917291054], [6.661753727800568, 52.01555035163237], [6.6585292053604315, 52.0142337823236], [6.656649119750969, 52.01481426911389], [6.655813555997801, 52.013562565908835], [6.658170070559021, 52.01117841022676], [6.655244175661995, 52.00463873443951], [6.654464740811551, 52.00291046777651], [6.653361959401921, 51.99993116799052], [6.652705085594765, 51.99753203793044], [6.6551624112135634, 51.97933276678737], [6.657055998147161, 51.97755215642905], [6.654618455202956, 51.97631512461913], [6.655598123037087, 51.97554493078834], [6.645599901508756, 51.968864875562346], [6.642525352941875, 51.965820100597654], [6.63787925469097, 51.96498672077268], [6.638915729576389, 51.962547174321706], [6.633928383957774, 51.965669716132275], [6.628720872396884, 51.96728160478294], [6.604276188023598, 51.97027628442133], [6.598433343381924, 51.971143319333926], [6.592541388737914, 51.97084154032557], [6.591743459178578, 51.972125496902464], [6.58944184305776, 51.97170952663788], [6.57510455425862, 51.97322466789661], [6.569684000920984, 51.972158057725395], [6.559352807309914, 51.9743641599273], [6.554528731884807, 51.97375776015968], [6.547385825983116, 51.97276685985352], [6.527269953581533, 51.96602365441836], [6.524641311551133, 51.96780096123819], [6.5059673278120895, 51.96913967587321], [6.494798580772194, 51.97059112441847], [6.483566675178857, 51.97428488087408], [6.482963999944615, 51.97368658889052], [6.481470483215706, 51.973885888707876], [6.4731987737846906, 51.97604013021196], [6.467851116867682, 51.97821887722478], [6.466927441037013, 51.9786217541727], [6.468733354114748, 51.981098057781054], [6.475773427985391, 51.98813618499222], [6.460058355266118, 51.99515087083194], [6.459208915918768, 51.99775203044659], [6.467488881820241, 52.00075665751853], [6.460268268229155, 52.00617119648381], [6.4656324544746395, 52.007695035802], [6.4618697636452875, 52.01203385417357], [6.46183443985071, 52.01375877625903], [6.460329824683833, 52.01458074265248], [6.462058700192392, 52.01691478800785], [6.459200173372688, 52.018721701346514], [6.462185895876342, 52.02170065950721], [6.464947658108573, 52.02060084632341], [6.480071948245658, 52.03294809264506], [6.483386155997912, 52.03134694246808], [6.485967981665316, 52.03338549455717], [6.486671010322932, 52.03393321778483], [6.487909808227216, 52.03230662234402], [6.4901692367751895, 52.033958872444245], [6.490644644834143, 52.03561429287278], [6.49161978357498, 52.03635915652536], [6.492808217327857, 52.035888466334946], [6.494297788159025, 52.037851161281964], [6.499596309352783, 52.03582021297772], [6.508707339187301, 52.04426612449016], [6.514828751431052, 52.04049349524322], [6.517288133462047, 52.04241435179424], [6.522628092443029, 52.038155886313724], [6.539120911647762, 52.02522362659646], [6.571522752811069, 52.03099378876954], [6.5868880610854985, 52.037990071675004], [6.589898716848867, 52.03924020185696], [6.590430428170742, 52.04069196579528], [6.590801894166255, 52.04147381090386], [6.594225823008392, 52.04227102626179], [6.596238027233434, 52.04281912220873], [6.595962802267976, 52.04631397975942], [6.5965881797804355, 52.04724882799139], [6.598780377673715, 52.0491733654264], [6.601448483143526, 52.05027827022583], [6.60262326351584, 52.05011522348595], [6.6054805928732385, 52.05185529370065], [6.60439192659996, 52.05555509109595], [6.606440681718186, 52.060215385881705], [6.6062894266555965, 52.06517722734922], [6.607450784526535, 52.06566653099801], [6.613085647799027, 52.068040187142266], [6.621374360892602, 52.06557441318843]]]]}, "properties": {"type": "boundary", "gemeente": "Oost Gelre"}}, {"type": "Feature", "geometry": {"type": "MultiPolygon", "coordinates": [[[[5.940327672800763, 51.956039558780994], [5.955225451499314, 51.94875330637283], [5.960293456166141, 51.94378247404401], [5.9617942394037655, 51.93879233751409], [5.96577547088436, 51.938767329827876], [5.96673089194654, 51.93591038207464], [5.972330956592142, 51.930741738500714], [5.97288743260463, 51.92918624044531], [5.96861293573832, 51.92821210156843], [5.977099433418544, 51.92285716107205], [5.987062530698785, 51.913313405199354], [5.998450789992078, 51.90664024480192], [6.014525844037282, 51.9012589979352], [6.021802981596619, 51.89632287825423], [6.03058270269416, 51.88023866805169], [6.037154781480188, 51.875417852987056], [6.046284676450168, 51.87091265783195], [6.044091177098441, 51.87120653894658], [6.035455808488312, 51.873048274258295], [6.02193204160371, 51.87929392762646], [6.016915569765713, 51.88098538782457], [6.0092871717550524, 51.88160282526301], [6.00205052915404, 51.88028196707858], [5.9926144969860005, 51.87492601749907], [5.988747313417359, 51.87146953839542], [5.985752511972474, 51.867756988434316], [5.9811796605889205, 51.85994671267611], [5.977749157391874, 51.857229026585244], [5.974352932197103, 51.855862526404266], [5.970333128734856, 51.85475343704328], [5.9662468267315925, 51.85444855323227], [5.959172728147825, 51.85537292027593], [5.955287659553763, 51.85692728835497], [5.937315006146234, 51.8714104670449], [5.933326037192809, 51.873178235980305], [5.923632616217485, 51.8746225582208], [5.914001920103852, 51.874178743943645], [5.903613129923979, 51.87254135321889], [5.895967332082128, 51.87053302374402], [5.88676523577896, 51.86520241898593], [5.884350154491458, 51.867015833368704], [5.882737798665017, 51.86614337845237], [5.882526398168936, 51.86628522838933], [5.882990040449598, 51.866674556626286], [5.881951848611951, 51.86709884901606], [5.8802674247975295, 51.86921490677283], [5.876952914782607, 51.87650328711176], [5.876135426495174, 51.876597221207675], [5.875840792157622, 51.88086260656287], [5.87148069122407, 51.88865190206647], [5.868696374033231, 51.888202639081825], [5.865424070520423, 51.888536868041854], [5.865490627575134, 51.888982069670845], [5.864101951499379, 51.88872011325254], [5.861311087450234, 51.88877399019484], [5.859491650180132, 51.88867184920411], [5.8576273389998565, 51.88838832412781], [5.857123219460623, 51.894620442682424], [5.856947564320772, 51.896953876605586], [5.874738176017708, 51.897570179450206], [5.874683024986261, 51.89920521767939], [5.875867476678697, 51.89998688292783], [5.8754205668098685, 51.902083085568705], [5.872148270093742, 51.902013473236146], [5.872983941331778, 51.90523046983318], [5.873664183230806, 51.90845142027086], [5.882636425117548, 51.90821098756194], [5.89119909418826, 51.90726304918945], [5.892031437120931, 51.91058687621643], [5.894380346553214, 51.91472725536554], [5.893057539177764, 51.91618536602505], [5.896996666593561, 51.92080927341618], [5.889521805836391, 51.92526469355193], [5.898038387882759, 51.93433042540613], [5.901863558899118, 51.933463871961294], [5.9124170253969, 51.94491494468461], [5.910964823301658, 51.94590661776872], [5.911715661788541, 51.94701884026973], [5.911330114818957, 51.94733594188406], [5.912193243590079, 51.947914744360446], [5.914173667587481, 51.94861148318147], [5.915172733523691, 51.94996728883718], [5.922007041279388, 51.950838826718446], [5.928301342902354, 51.95082008897154], [5.928378827977932, 51.95080414636362], [5.929522074161532, 51.950745810100564], [5.930717296756424, 51.95286894601494], [5.931617405098918, 51.95673383585353], [5.931830628322292, 51.959482944437774], [5.935597113759658, 51.96041547604286], [5.940327672800763, 51.956039558780994]]]]}, "properties": {"type": "boundary", "gemeente": "Lingewaard"}}, {"type": "Feature", "geometry": {"type": "MultiPolygon", "coordinates": [[[[5.8293394186458425, 51.96084772177568], [5.830197401487478, 51.95862347549024], [5.831338111688193, 51.95861637784248], [5.83133061905296, 51.95604051869232], [5.830080715370087, 51.953853047768824], [5.829912198419425, 51.95343120321042], [5.830506923199997, 51.953266102883276], [5.828633983307836, 51.94848342112736], [5.829927104810603, 51.945236956402724], [5.837171993101243, 51.94517738863008], [5.837402660099671, 51.9441561829058], [5.839400389457236, 51.94435541750556], [5.849679605530954, 51.94294383572688], [5.85039408551849, 51.944509943427676], [5.852821912676911, 51.944078240713495], [5.861506349595127, 51.942575332993485], [5.8622430813732604, 51.94288921343266], [5.871892877388928, 51.94152169324465], [5.875812718996462, 51.940379715471195], [5.87837295984338, 51.938772167171294], [5.883650867355986, 51.93764998404113], [5.884790187236741, 51.93744853401773], [5.887768594623368, 51.93613507151778], [5.892673415613747, 51.93573180457943], [5.894983151864954, 51.9351156431253], [5.898038387882759, 51.93433042540613], [5.889521805836391, 51.92526469355193], [5.896996666593561, 51.92080927341618], [5.893057539177764, 51.91618536602505], [5.894380346553214, 51.91472725536554], [5.892031437120931, 51.91058687621643], [5.89119909418826, 51.90726304918945], [5.882636425117548, 51.90821098756194], [5.873664183230806, 51.90845142027086], [5.872983941331778, 51.90523046983318], [5.872148270093742, 51.902013473236146], [5.8754205668098685, 51.902083085568705], [5.875867476678697, 51.89998688292783], [5.874683024986261, 51.89920521767939], [5.874738176017708, 51.897570179450206], [5.856947564320772, 51.896953876605586], [5.857123219460624, 51.894620442682545], [5.836847799618982, 51.89374918409065], [5.836722070553676, 51.893745828304134], [5.830237480764848, 51.893680581963956], [5.830426052621523, 51.891654520924746], [5.8343887507556795, 51.890341386479655], [5.8359397824666095, 51.88814706719753], [5.835873209756307, 51.88603305713998], [5.836820434598383, 51.883655321707124], [5.837787981701238, 51.883433525236576], [5.832813017662871, 51.878434599101496], [5.835153409944304, 51.877618528375315], [5.83417297808261, 51.87562257406101], [5.832582692474679, 51.873439034964754], [5.831610810351532, 51.8722315189947], [5.82697104875314, 51.87318536044729], [5.817074403814732, 51.87026493832594], [5.810313204715589, 51.87277223315533], [5.79835088565738, 51.87568564982359], [5.77335699383038, 51.878641014353754], [5.761034905356645, 51.88111879998561], [5.751304322329526, 51.883503611680815], [5.740732616335165, 51.885012260519595], [5.736417949386918, 51.88541421043613], [5.726164007332312, 51.8871498834278], [5.70665931910107, 51.89329137209042], [5.709841667088273, 51.895606751302815], [5.7111770294816235, 51.89673665435415], [5.709806935801865, 51.89777933670278], [5.706399986905571, 51.89791954467444], [5.708038472124942, 51.90115189387627], [5.70531771992745, 51.90403585134873], [5.706279750450031, 51.90632829152887], [5.706130834498102, 51.907988562856474], [5.700976587844145, 51.913249571243824], [5.697105782131863, 51.915192171694976], [5.695515124006789, 51.916906071382684], [5.6921955821776455, 51.918394892316634], [5.696255609256694, 51.92078152688266], [5.694854584547046, 51.921372776918695], [5.681615922843571, 51.91843440881202], [5.676866840384795, 51.92097023711874], [5.676010592155131, 51.92627312995252], [5.678324443277968, 51.9286075363556], [5.684360038865401, 51.929777871677615], [5.689925508824767, 51.93259939225797], [5.69632245699419, 51.93125088192731], [5.693026157654, 51.934657492637335], [5.688777899348923, 51.93514077813314], [5.671053491866968, 51.93059242036873], [5.660351159458274, 51.92961207706021], [5.659965555957675, 51.93351973767924], [5.660481741908677, 51.93388281386963], [5.659618994628918, 51.937081753346], [5.667715072985509, 51.93890819558781], [5.665780187533235, 51.94133191746048], [5.663138159059955, 51.940711571389336], [5.6611445010539265, 51.94360715769605], [5.6543455153871145, 51.94141110802834], [5.653298017508876, 51.94287737540857], [5.647212496086697, 51.940441833039294], [5.646322910481689, 51.941090773942534], [5.650419384804644, 51.947452910864925], [5.651715779600103, 51.94803005279281], [5.654973295904101, 51.94669927575916], [5.66598918734974, 51.95279925903334], [5.669698429484744, 51.95382080329669], [5.676553060304165, 51.95757451198101], [5.6819184099926945, 51.959158573687496], [5.706632542510654, 51.96270538460617], [5.721503147334582, 51.96386741972655], [5.7226056698710215, 51.96405039697554], [5.730773422449605, 51.967968323964946], [5.741610377893081, 51.97011244654826], [5.746295777913054, 51.97001959289103], [5.761901310545893, 51.96353047462773], [5.772150908606267, 51.96016274960967], [5.777610554397044, 51.95912624438611], [5.782460000355628, 51.9591689853983], [5.78677333977677, 51.96015823706077], [5.810745131995023, 51.96925207825929], [5.818391285978999, 51.97189936554377], [5.825429829434705, 51.97323098231792], [5.835342614473691, 51.97355842236718], [5.836195405096139, 51.97092278630321], [5.835368138018454, 51.97069968657512], [5.835953386621398, 51.966163731743386], [5.834420521467367, 51.96303350326266], [5.8293394186458425, 51.96084772177568]]]]}, "properties": {"type": "boundary", "gemeente": "Overbetuwe"}}, {"type": "Feature", "geometry": {"type": "MultiPolygon", "coordinates": [[[[5.653760741021647, 51.953910284258406], [5.662190748087164, 51.95264303223253], [5.66598918734974, 51.95279925903334], [5.654973295904101, 51.94669927575916], [5.651715779600103, 51.94803005279281], [5.650419384804644, 51.947452910864925], [5.646322910481689, 51.941090773942534], [5.647212496086697, 51.940441833039294], [5.653298017508876, 51.94287737540857], [5.6543455153871145, 51.94141110802834], [5.6611445010539265, 51.94360715769605], [5.663138159059955, 51.940711571389336], [5.665780187533235, 51.94133191746048], [5.667715072985509, 51.93890819558781], [5.659618994628918, 51.937081753346], [5.660481741908677, 51.93388281386963], [5.659965555957675, 51.93351973767924], [5.660351159458274, 51.92961207706021], [5.671053491866968, 51.93059242036873], [5.688777899348923, 51.93514077813314], [5.693026157654, 51.934657492637335], [5.69632245699419, 51.93125088192731], [5.689925508824767, 51.93259939225797], [5.684360038865401, 51.929777871677615], [5.678324443277968, 51.9286075363556], [5.676010592155131, 51.92627312995252], [5.676866840384795, 51.92097023711874], [5.681615922843571, 51.91843440881202], [5.694854584547046, 51.921372776918695], [5.696255609256694, 51.92078152688266], [5.6921955821776455, 51.918394892316634], [5.695515124006789, 51.916906071382684], [5.697105782131863, 51.915192171694976], [5.700976587844145, 51.913249571243824], [5.706130834498102, 51.907988562856474], [5.706279750450031, 51.90632829152887], [5.70531771992745, 51.90403585134873], [5.708038472124942, 51.90115189387627], [5.706399986905571, 51.89791954467444], [5.709806935801865, 51.89777933670278], [5.7111770294816235, 51.89673665435415], [5.709841667088273, 51.895606751302815], [5.70665931910107, 51.89329137209042], [5.697151884778692, 51.895043230565875], [5.685013777070288, 51.89564833529465], [5.668474741505802, 51.895593257925576], [5.654680973545927, 51.8967964480724], [5.646951870924419, 51.89790663109907], [5.625837717460237, 51.89939697958728], [5.6243007242136365, 51.89939566200941], [5.599086522948612, 51.89912089544756], [5.571640448843058, 51.901745128686194], [5.556012361299769, 51.90103552652249], [5.544447467877015, 51.89900509596899], [5.531361970473743, 51.89475318725149], [5.523174822787305, 51.89239366299826], [5.509030418858462, 51.889844644498595], [5.497380845386516, 51.889041698847414], [5.476155712979131, 51.88962457623583], [5.463915916236753, 51.88900869118374], [5.463565209388022, 51.891338635035076], [5.4609653894559935, 51.89364891676492], [5.458853216088444, 51.89749538108601], [5.4555401977817, 51.90282149565817], [5.4564399927576455, 51.903025082149306], [5.456039562874258, 51.90370324953403], [5.455608836022704, 51.90445205778376], [5.456572116233226, 51.90481162494478], [5.458770701768589, 51.90489265259319], [5.472450306859576, 51.908068660310974], [5.472150619760195, 51.91171638866816], [5.4705811165009885, 51.91143565992886], [5.468009060059027, 51.914782450881695], [5.467233832232954, 51.914769787495416], [5.469781802050653, 51.918119662631355], [5.468721070375734, 51.918522378281864], [5.4697294625757324, 51.9198775554013], [5.46361441155929, 51.92131775410541], [5.462628648685884, 51.92090413128353], [5.461643085344216, 51.92162058701977], [5.45392177957263, 51.9205170707135], [5.453383863049069, 51.9227611811778], [5.458425915555641, 51.922892591835385], [5.460345185274278, 51.924116615464875], [5.467386799258203, 51.92353600601838], [5.472398174356174, 51.921974566696754], [5.474261455670921, 51.921899465709764], [5.476526567951924, 51.920869594353036], [5.480382465227847, 51.922781918048656], [5.4812549508348045, 51.92254905529915], [5.483196382627294, 51.92327176072425], [5.487741911517964, 51.92303173545976], [5.487211226825356, 51.92381476194595], [5.490895523971541, 51.92474435205866], [5.491745339126788, 51.92406109199886], [5.488628733866865, 51.92315490330059], [5.489014195841845, 51.92101893662909], [5.486866146225474, 51.92103714684964], [5.486420725107842, 51.91893440091723], [5.489826152818268, 51.918246899784734], [5.493556497285809, 51.91850641621285], [5.498812186734204, 51.923226229385115], [5.501009818288061, 51.9226741370713], [5.505396496076663, 51.92391803502231], [5.507137137687731, 51.92278651629184], [5.510592627425316, 51.92227340141884], [5.512298198534462, 51.92137494491369], [5.515654216740125, 51.921539935731104], [5.5477054055731205, 51.92164696084276], [5.551746568118922, 51.91780086428944], [5.551786193769049, 51.91780774414999], [5.556824212613539, 51.919234798794534], [5.554576781570356, 51.92303176062432], [5.553876402755299, 51.9229591961957], [5.553881837848981, 51.92580648352443], [5.554181049693368, 51.93280934576915], [5.554116184803831, 51.934019331513475], [5.548440844425342, 51.93425264740906], [5.539817882401371, 51.93713316434537], [5.5336356535143105, 51.94302093518325], [5.533880559218584, 51.9434815335182], [5.540202198363561, 51.9436517705646], [5.549444546142211, 51.942302349113156], [5.560695383315059, 51.944056614003635], [5.567534137214022, 51.94149131507881], [5.573253137859848, 51.94199801081803], [5.5762973249044885, 51.94292212493771], [5.579115091344116, 51.94544255837819], [5.584101905209298, 51.94732921223775], [5.586616538178671, 51.95082886036096], [5.5927365474834625, 51.949182469199016], [5.603911140436009, 51.94388317840184], [5.605939713923647, 51.94312468990076], [5.617887833240607, 51.94135102413878], [5.622767580054469, 51.939765318642976], [5.6278646796782565, 51.93719369842349], [5.630288828438236, 51.93640938795628], [5.636232124408163, 51.936692249543974], [5.639625783755811, 51.93825894292606], [5.640639074060869, 51.93957798197698], [5.645088673982009, 51.94487953675931], [5.645304598284205, 51.94668071841629], [5.64962184124798, 51.95002100818988], [5.6462202449483785, 51.95058450283197], [5.644259476923879, 51.952348690255256], [5.648922728135576, 51.95400111039771], [5.653760741021647, 51.953910284258406]]]]}, "properties": {"type": "boundary", "gemeente": "Neder-Betuwe"}}, {"type": "Feature", "geometry": {"type": "MultiPolygon", "coordinates": [[[[6.596115355901859, 52.179835308615914], [6.60632704277556, 52.173082523653136], [6.6062076440633275, 52.17236922123019], [6.603185021723404, 52.17072190430229], [6.602851521060428, 52.16912139232046], [6.607354953325737, 52.16463101076376], [6.6092705423625855, 52.16514338039701], [6.612147419503539, 52.16316639540503], [6.617356987922897, 52.165291016788075], [6.6219897796630995, 52.16837305188231], [6.624952510428483, 52.16864992156315], [6.626564127867454, 52.17145701543613], [6.6252861232386, 52.172172039173816], [6.625839945471261, 52.172499350596134], [6.629101319965561, 52.17203276202242], [6.631041337550665, 52.173142360177025], [6.634841832315649, 52.1721773846339], [6.640280472203151, 52.16740523746043], [6.645041079903561, 52.17419434172099], [6.649212180714993, 52.17287856682148], [6.67133933832887, 52.165683252546394], [6.671973889905345, 52.1649272854941], [6.673397782814948, 52.163239752201264], [6.672784806708854, 52.16137911943721], [6.674067109573249, 52.161243512733115], [6.6731473197208055, 52.16011893952768], [6.6736407460288305, 52.15986238033175], [6.673914492433151, 52.15881445031946], [6.670610571639857, 52.15642037626106], [6.673095374976909, 52.15475334822136], [6.672429073289899, 52.15303174694947], [6.673819758896665, 52.1521036736516], [6.6726791742839815, 52.150507402773655], [6.671309571288519, 52.15045816451232], [6.673748579978919, 52.14828664531393], [6.674395120999094, 52.14277449677286], [6.672613296941827, 52.13930999183715], [6.668409308952918, 52.13661472084707], [6.6630036444168494, 52.13000107697105], [6.672556396056634, 52.12737029651946], [6.677690787301691, 52.12595894192603], [6.697810232726479, 52.12355361677546], [6.7112900837715666, 52.11970814813683], [6.716272580583874, 52.11827030203153], [6.739493326494231, 52.11810461074084], [6.739506113157738, 52.11855625487788], [6.760572717042289, 52.11877971335969], [6.759705744114122, 52.11266170278611], [6.759574509720383, 52.109302723274695], [6.758535284438803, 52.105301042793954], [6.758014929758841, 52.10382549703922], [6.757626833223112, 52.0992884167248], [6.756193334938072, 52.09766653762422], [6.7554676089342705, 52.097127881995654], [6.756305038487892, 52.09692923718423], [6.755002713742409, 52.094862520600934], [6.753297531526064, 52.09588059393561], [6.750284405480135, 52.0957779722813], [6.744776487844107, 52.0931233210486], [6.745064242271432, 52.09117039110293], [6.745496263035783, 52.09006726367826], [6.750265013834436, 52.087507448775284], [6.751087048867701, 52.085476655984095], [6.747612191878902, 52.081924730961674], [6.74402838128135, 52.08033696987659], [6.735470653724646, 52.07463379693892], [6.713867409705246, 52.072901331702575], [6.695973000911552, 52.07014213125642], [6.6946627703907415, 52.069800294506386], [6.696867658294641, 52.06734356595219], [6.69587377240384, 52.06426485984174], [6.695226412942105, 52.06416781109169], [6.689570564004201, 52.056452863471165], [6.687385711021171, 52.05639442621797], [6.68680671213315, 52.055518603149324], [6.686742423694846, 52.05253990936057], [6.688199329435864, 52.05234943209525], [6.687981100375654, 52.044365286566254], [6.684040581943162, 52.044828467845775], [6.674703699695733, 52.04855908588013], [6.666760008097259, 52.050314677179756], [6.665621940423532, 52.05010987366767], [6.6618011849742995, 52.05159777173429], [6.663929200750492, 52.054447597196244], [6.663808071265647, 52.05770525482472], [6.658970633120821, 52.0630411315313], [6.65113818809301, 52.063599047817746], [6.646838859509088, 52.06541058531896], [6.643208476888227, 52.06020452550624], [6.638588373677802, 52.060502881629766], [6.636473286595453, 52.05664649717721], [6.634143347713043, 52.05754914133578], [6.631446564099268, 52.06052422499362], [6.631753954301821, 52.06083022919261], [6.632180869729805, 52.06105568606378], [6.635354610283507, 52.06081366005927], [6.636944725403063, 52.06432629019474], [6.628900634463176, 52.06424079200641], [6.623740100168854, 52.06362260104607], [6.621374360892602, 52.06557441318843], [6.613085647799027, 52.068040187142266], [6.607450784526535, 52.06566653099801], [6.6062894266555965, 52.06517722734922], [6.606440681718186, 52.060215385881705], [6.60439192659996, 52.05555509109595], [6.6054805928732385, 52.05185529370065], [6.60262326351584, 52.05011522348595], [6.601448483143526, 52.05027827022583], [6.598780377673715, 52.0491733654264], [6.5965881797804355, 52.04724882799139], [6.595962802267976, 52.04631397975942], [6.596238027233434, 52.04281912220873], [6.594225823008392, 52.04227102626179], [6.590801894166255, 52.04147381090386], [6.590430428170742, 52.04069196579528], [6.589898716848867, 52.03924020185696], [6.5868880610854985, 52.037990071675004], [6.571522752811069, 52.03099378876954], [6.539120911647762, 52.02522362659646], [6.522628092443029, 52.038155886313724], [6.517288133462047, 52.04241435179424], [6.514828751431052, 52.04049349524322], [6.508707339187301, 52.04426612449016], [6.499596309352783, 52.03582021297772], [6.494297788159025, 52.037851161281964], [6.492808217327857, 52.035888466334946], [6.49161978357498, 52.03635915652536], [6.490644644834143, 52.03561429287278], [6.4901692367751895, 52.033958872444245], [6.487909808227216, 52.03230662234402], [6.486671010322932, 52.03393321778483], [6.485967981665316, 52.03338549455717], [6.483386155997912, 52.03134694246808], [6.480071948245658, 52.03294809264506], [6.464947658108573, 52.02060084632341], [6.462185895876342, 52.02170065950721], [6.457618267415333, 52.022339030679504], [6.438539683945535, 52.02501013282736], [6.437195537237662, 52.02555894155348], [6.437768492864721, 52.02659679344376], [6.440027668702697, 52.02714775070757], [6.436192667652914, 52.03067915783724], [6.435420093964501, 52.030382167557086], [6.432451958119715, 52.035073352370546], [6.4349488783476945, 52.0347713057253], [6.431643856460495, 52.039348710558734], [6.42719259021139, 52.04319006661755], [6.4245368984509605, 52.04244708256487], [6.4237349923611875, 52.04401877887333], [6.425713282308958, 52.04479181124283], [6.423237858531558, 52.047481024652186], [6.420364015086407, 52.04645792733931], [6.418747587908754, 52.04754571441084], [6.419244546275159, 52.047822974682376], [6.418882226988386, 52.048105789438765], [6.419089109949456, 52.04825175044824], [6.418215022483018, 52.048600584820676], [6.416511292061759, 52.0502991161378], [6.41544903154671, 52.05082556500273], [6.4134196423248175, 52.05496906199635], [6.413325616399349, 52.05638565581939], [6.414100367578506, 52.05774946156185], [6.413629686404652, 52.057910053869975], [6.413223805111403, 52.062617345802224], [6.410858932601779, 52.06553715596455], [6.406002757982151, 52.076650698553195], [6.400539333625305, 52.083810923845874], [6.4019245016798605, 52.08721150679033], [6.403257451883757, 52.08819995066109], [6.411560149101277, 52.08950145512658], [6.414047515542746, 52.08871759527801], [6.417982740538415, 52.091258866544536], [6.423998923427842, 52.09690787598552], [6.437558930934806, 52.10374265163676], [6.439742539015989, 52.1031320706328], [6.443461440708555, 52.104771243884926], [6.444885297123474, 52.10619599833983], [6.451822647103805, 52.10730387218722], [6.452466555832498, 52.10690542700432], [6.455205099800708, 52.10798004623819], [6.460133278720431, 52.106738253765016], [6.461463701331965, 52.104026204404704], [6.466704422331022, 52.10660635036146], [6.470498012741645, 52.10585260255448], [6.470194493789966, 52.10429081613768], [6.4724230471544475, 52.104063393263225], [6.472538097295186, 52.10210476943151], [6.476892447788846, 52.10042135246701], [6.478543794244585, 52.10068957418415], [6.48011647227935, 52.10465826550509], [6.482002597131839, 52.10592262290248], [6.482468969019661, 52.109060857162085], [6.481173916163292, 52.11029012109889], [6.48459303406454, 52.11449526750817], [6.487472887758444, 52.11632833786478], [6.4890315805813525, 52.119298769807095], [6.491187753464342, 52.12003497744564], [6.48971708759959, 52.12064189921018], [6.4921094482054915, 52.124004586903595], [6.4914095349150065, 52.12614247670815], [6.488304679213976, 52.12690259738984], [6.488258849599449, 52.12998075087727], [6.486522128697962, 52.13187500911206], [6.487889534457021, 52.132439055219756], [6.488518298200946, 52.134242544782154], [6.484866909161518, 52.137274961626254], [6.481646646999749, 52.14091454177825], [6.481224301804403, 52.142478822061875], [6.470959033661895, 52.14401037416156], [6.470711058163231, 52.146406500852756], [6.469434566004566, 52.14747537744228], [6.466581689040982, 52.14733640403222], [6.4665193736105335, 52.14963959318358], [6.462662347109446, 52.15060110900088], [6.4614042970818755, 52.15214300445075], [6.483787914308464, 52.157199369997706], [6.487846287607514, 52.16119379200629], [6.492845791877854, 52.16943002579274], [6.494371727625032, 52.173196374882735], [6.492221805182594, 52.17611556678889], [6.492401065463769, 52.17737181668213], [6.49583928749621, 52.177145324339484], [6.513240924817939, 52.18123050617071], [6.517641932225914, 52.181267006162564], [6.555349480778812, 52.17725558274481], [6.584948915223962, 52.181529891729284], [6.587982510810815, 52.18201068305368], [6.589953851578711, 52.18248788692996], [6.591077482315436, 52.18226368819071], [6.596115355901859, 52.179835308615914]]]]}, "properties": {"type": "boundary", "gemeente": "Berkelland"}}, {"type": "Feature", "geometry": {"type": "MultiPolygon", "coordinates": [[[[6.3619837150580105, 52.12666910145888], [6.369139506841737, 52.12396923550627], [6.377940283944571, 52.12715324737936], [6.379201084260706, 52.125894962422265], [6.383440573369511, 52.12726121391025], [6.382678130754115, 52.12854861549019], [6.392680807314991, 52.131493643565726], [6.395843446524529, 52.13083225548221], [6.391822546154481, 52.123727742016534], [6.398389622563052, 52.1176476940752], [6.396489709946326, 52.117148295966885], [6.391529933118964, 52.113050890391236], [6.41842263056936, 52.1004386285191], [6.423998923427842, 52.09690787598552], [6.417982740538415, 52.091258866544536], [6.414047515542746, 52.08871759527801], [6.411560149101277, 52.08950145512658], [6.403257451883757, 52.08819995066109], [6.4019245016798605, 52.08721150679033], [6.400539333625305, 52.083810923845874], [6.406002757982151, 52.076650698553195], [6.410858932601779, 52.06553715596455], [6.413223805111403, 52.062617345802224], [6.413629686404652, 52.057910053869975], [6.414100367578506, 52.05774946156185], [6.413325616399349, 52.05638565581939], [6.4134196423248175, 52.05496906199635], [6.41544903154671, 52.05082556500273], [6.416511292061759, 52.0502991161378], [6.418215022483018, 52.048600584820676], [6.419089109949456, 52.04825175044824], [6.418882226988386, 52.048105789438765], [6.419244546275159, 52.047822974682376], [6.418747587908754, 52.04754571441084], [6.420364015086407, 52.04645792733931], [6.423237858531558, 52.047481024652186], [6.425713282308958, 52.04479181124283], [6.4237349923611875, 52.04401877887333], [6.4245368984509605, 52.04244708256487], [6.42719259021139, 52.04319006661755], [6.431643856460495, 52.039348710558734], [6.4349488783476945, 52.0347713057253], [6.432451958119715, 52.035073352370546], [6.435420093964501, 52.030382167557086], [6.436192667652914, 52.03067915783724], [6.440027668702697, 52.02714775070757], [6.437768492864721, 52.02659679344376], [6.437195537237662, 52.02555894155348], [6.438539683945535, 52.02501013282736], [6.457618267415333, 52.022339030679504], [6.462185895876342, 52.02170065950721], [6.459200173372688, 52.018721701346514], [6.462058700192392, 52.01691478800785], [6.460329824683833, 52.01458074265248], [6.46183443985071, 52.01375877625903], [6.4618697636452875, 52.01203385417357], [6.4656324544746395, 52.007695035802], [6.460268268229155, 52.00617119648381], [6.467488881820241, 52.00075665751853], [6.459208915918768, 51.99775203044659], [6.460058355266118, 51.99515087083194], [6.475773427985391, 51.98813618499222], [6.468733354114748, 51.981098057781054], [6.466927441037013, 51.9786217541727], [6.467851116867682, 51.97821887722478], [6.4667106576191955, 51.977056385804985], [6.462595342569554, 51.97621530643331], [6.463129722043075, 51.975305036115486], [6.461519161132322, 51.97514776500392], [6.460194875220366, 51.97355713351292], [6.453098304578468, 51.9716717935983], [6.451791123236751, 51.97179708126122], [6.44750240087125, 51.96970827443885], [6.441336912110212, 51.97085700897347], [6.441293081898874, 51.971729713485146], [6.43935139039831, 51.97210068423229], [6.4390619659126305, 51.971555080868285], [6.437505924571915, 51.971574750032445], [6.437041397459094, 51.97072430350924], [6.434888052904416, 51.97097280287009], [6.434802354635402, 51.9720753349233], [6.430123983805286, 51.9718283487356], [6.426923226513166, 51.971996888669956], [6.425588380502318, 51.97259394383625], [6.41608241405247, 51.97262184684509], [6.402520242876519, 51.98215052568649], [6.396400236529683, 51.98001178094937], [6.392679066994293, 51.97974773112942], [6.390306477765888, 51.980258476302495], [6.380878619130628, 51.977738104193634], [6.385839603579048, 51.976169638330575], [6.388267823865183, 51.97629983480714], [6.390821447064724, 51.97073771293259], [6.390378548584832, 51.96832783489976], [6.381392610188783, 51.96797878170721], [6.373456695963335, 51.969858320435385], [6.368351277989766, 51.96853241417827], [6.3653392444491566, 51.9696259003346], [6.366291236050876, 51.9717757431573], [6.368765859959964, 51.97313754145485], [6.369858005980206, 51.97621592820095], [6.353506405903117, 51.974675111610914], [6.3373752721552234, 51.974684824060716], [6.327519446494579, 51.97574956061406], [6.327728799498286, 51.97728694016873], [6.331138809081558, 51.98056987080888], [6.332216669868525, 51.98286386301348], [6.3356584107867056, 51.98564654629454], [6.329006123600494, 51.9891425561784], [6.3264554950143275, 51.99188900674991], [6.32253997336082, 51.99341782049169], [6.319133783986284, 51.99426083793035], [6.31652249066364, 51.99417310297301], [6.314270607012154, 51.99409739758584], [6.305152808501279, 51.992187881514354], [6.295658159178, 51.98846712914766], [6.294341121201648, 51.9903161831996], [6.293826576910849, 51.99219188200169], [6.291897257333169, 51.99334555603127], [6.278945376485401, 51.98491278054664], [6.274651534874938, 51.98528871609761], [6.273870548736279, 51.9846035609258], [6.272299855657245, 51.98369104010065], [6.27052352395493, 51.98344220701187], [6.26894431500092, 51.98397757318267], [6.267343713284618, 51.983770268073116], [6.260052510435039, 51.98683489666288], [6.259362950729921, 51.987462684614165], [6.2543679765907045, 51.98807025525155], [6.253812466818492, 51.98782664177843], [6.253896939845961, 51.987593988019064], [6.2522611073910355, 51.9868336478744], [6.250721414775579, 51.987329618561176], [6.247949410417671, 51.98408623532157], [6.257299487619874, 51.982528717516445], [6.257299590645989, 51.982528700574626], [6.256808856369843, 51.98097548635249], [6.252839293903276, 51.97990461086814], [6.249788815442809, 51.97596492276694], [6.248375064566937, 51.976286801974226], [6.247348232084756, 51.97731668865009], [6.244391279914067, 51.97784251445833], [6.242978660478231, 51.97777151587364], [6.243411443278003, 51.9789297361577], [6.244708683915398, 51.980042329960675], [6.242727325058671, 51.98100487558084], [6.237460033776632, 51.98111869180688], [6.2348037905236, 51.98261440559175], [6.234236884847246, 51.98342488958036], [6.235782056568658, 51.985011309756494], [6.232113305369271, 51.988365667906415], [6.232522106856839, 51.98648177719452], [6.22872181981912, 51.98717251332559], [6.22808727117012, 51.987795229469086], [6.223902768442363, 51.98574066467436], [6.222418000855338, 51.984148044329466], [6.231704397105129, 51.98077600549414], [6.230131454313162, 51.97909123034679], [6.231119912187043, 51.978649257600196], [6.229280926525298, 51.97677685118735], [6.229800517080254, 51.976207104429214], [6.224148417124489, 51.9784201724789], [6.217260873669953, 51.979332166453354], [6.211679719337318, 51.978390474044815], [6.205134975570517, 51.98024776470171], [6.190987232881062, 51.979056323895605], [6.183435640119895, 51.97953441430144], [6.182403794835566, 51.97919831962851], [6.1794080283159785, 51.97934516245142], [6.171698638495008, 51.98082709373837], [6.16843181087392, 51.9798048939032], [6.160583281528459, 51.979512795914864], [6.160484091142115, 51.98103680147968], [6.161585541533557, 51.99075372980641], [6.161889687909375, 51.99324860902746], [6.159566198411719, 51.99602504316646], [6.159935023744074, 51.99784706746277], [6.164317741009977, 51.99898630842064], [6.163076083178774, 51.999567443648864], [6.1592509919579745, 51.99973977438986], [6.15916073952817, 52.000684248424314], [6.158464340208212, 52.00181225312523], [6.158856811438469, 52.003963667913155], [6.15726609549926, 52.00413542008781], [6.153957079754084, 52.00327129826082], [6.1566598922887055, 52.00636490107328], [6.159501376429392, 52.0066724590821], [6.1611839345578705, 52.01382793824815], [6.164745525419339, 52.014401408849785], [6.164524561592462, 52.016919788073146], [6.16718851291919, 52.01637170536605], [6.169804172892821, 52.01653643409831], [6.173575792570417, 52.01757352079185], [6.172965878742818, 52.018534153978685], [6.1765472725049095, 52.01922834641307], [6.176558772460276, 52.02035510741415], [6.177295905383356, 52.02033795640237], [6.177231623543628, 52.02156165394518], [6.174534581050032, 52.022722234823824], [6.1768183921691255, 52.02528903529099], [6.174655396000747, 52.02559893627405], [6.175307552323162, 52.02724341441348], [6.173232922914246, 52.02777463098213], [6.177015273839413, 52.031474474659156], [6.175057523906602, 52.0317010748752], [6.175913736065487, 52.03577763297189], [6.175535824912676, 52.039364457294226], [6.175513371871575, 52.039369030812736], [6.1671907695694586, 52.03696563540517], [6.15911512662543, 52.037415237180404], [6.1554328449976055, 52.04117112023251], [6.1520509964430765, 52.04208314017631], [6.148154024646513, 52.04168605832997], [6.146130949400405, 52.04069027281897], [6.142004732056879, 52.036699565644106], [6.135085426806299, 52.034724431472185], [6.12800840276525, 52.03401034059715], [6.121502505701856, 52.034617145723416], [6.116848213874694, 52.03588113853064], [6.113301444878496, 52.03766990316582], [6.111724061865743, 52.039251541475956], [6.110883055740743, 52.041616480526734], [6.111604744377075, 52.04469896542723], [6.11576376725465, 52.04874565415345], [6.123063190443881, 52.052543709055165], [6.132073763622137, 52.05573239744482], [6.137469351887277, 52.05918091390533], [6.139301152471491, 52.061211679415365], [6.147885376290558, 52.064686833470056], [6.151228322523715, 52.06794495277592], [6.1628017899052905, 52.07409256606035], [6.16778171232163, 52.075942716085144], [6.1707193129604, 52.078903114785724], [6.174007297705426, 52.088539016465084], [6.175736451068233, 52.09029720512087], [6.178296873058314, 52.09129702054453], [6.189574753647994, 52.09130820927569], [6.199630619833912, 52.093790741622506], [6.20304313504303, 52.09358872803784], [6.206829713287709, 52.09242060639665], [6.210534449392999, 52.09245181284984], [6.215321374365535, 52.09488597719038], [6.217899059602979, 52.09788131006292], [6.219201611129349, 52.096308923449435], [6.2168317781007705, 52.0944331493209], [6.21700030600331, 52.093115119406555], [6.21848586942344, 52.09272977733485], [6.218162052473399, 52.089592179418986], [6.219476276334489, 52.088733001438314], [6.220180982683413, 52.08957810696611], [6.2216940903482705, 52.08877468771046], [6.219223313477959, 52.09254994546163], [6.2201631961861885, 52.10032691493352], [6.224476617359042, 52.1001990924269], [6.224509900091742, 52.10186245552344], [6.2221562318475705, 52.106725693644776], [6.225778029695136, 52.106851749934194], [6.226637939376109, 52.109409553286], [6.232416192293924, 52.11074719271604], [6.231768676572067, 52.111150920872944], [6.233877191877102, 52.11312586020775], [6.2350436159779195, 52.11280018399176], [6.2359216631723395, 52.11371659967081], [6.24243195848344, 52.11253043892905], [6.244724301248704, 52.11261403733234], [6.258233554431857, 52.11027232752366], [6.266609999462836, 52.111829939794845], [6.26970114324762, 52.11160987785325], [6.2715901945137045, 52.11304175018386], [6.27750034045297, 52.12168601886946], [6.282621944353436, 52.12351853183781], [6.296002731574279, 52.12827436756322], [6.310176107380977, 52.131558403772495], [6.328314580736742, 52.13771239433181], [6.357721251193986, 52.135526747528566], [6.357721793223037, 52.130299351273436], [6.3619837150580105, 52.12666910145888]]]]}, "properties": {"type": "boundary", "gemeente": "Bronckhorst"}}, {"type": "Feature", "geometry": {"type": "MultiPolygon", "coordinates": [[[[6.063485604675176, 51.86545071122503], [6.061640736672683, 51.86117978647672], [6.060434458392415, 51.86129140580431], [6.059602332009687, 51.85765418215332], [6.054355096064189, 51.85740465834706], [6.051423495311128, 51.856660639809505], [6.055304508188415, 51.85235353613045], [6.0416833112275015, 51.84701128953528], [6.03692702767182, 51.84408099121993], [6.0356702213493865, 51.84263736693543], [6.033416021624654, 51.84335242564187], [6.032681943343795, 51.842350836517966], [6.029152799148482, 51.84512252174872], [6.020183679432957, 51.84163825864144], [6.017838575976364, 51.841559007187264], [6.016042915329321, 51.838241682971464], [6.014712879008879, 51.83749564627297], [6.010141769191009, 51.83512634222011], [6.002256260338853, 51.832489770906264], [5.994425663647677, 51.83091434931907], [5.9867367797521025, 51.830669099979765], [5.976464582916795, 51.83294563393946], [5.972110350490974, 51.8334289860412], [5.968961097081699, 51.834074057833455], [5.962977613351753, 51.8369131802493], [5.96290247267624, 51.83685918618274], [5.945044020709121, 51.823543257600846], [5.958150083579827, 51.81693051499838], [5.957139668119827, 51.81633813147121], [5.955675515845593, 51.815468656282874], [5.95478806177301, 51.81590639219665], [5.952846143545509, 51.814788835086404], [5.950671478762887, 51.816236718267405], [5.949627121773731, 51.81544427632995], [5.948077222315958, 51.81644541998511], [5.945925943553651, 51.81511037316782], [5.947026865877856, 51.81438529228218], [5.946569145260209, 51.813479156326544], [5.9494211422944945, 51.81244230478162], [5.947977110493891, 51.81137061073887], [5.951143792454808, 51.810559466422255], [5.956378758599145, 51.810090697657], [5.963078406564976, 51.80705841448417], [5.97523784004125, 51.79926871381217], [5.979064517810826, 51.79764988815659], [5.974391076037954, 51.79562230534691], [5.976781255665113, 51.794275397735056], [5.97495236677497, 51.79226054563394], [5.97263160702841, 51.789564523417376], [5.9750086527450845, 51.78880703503524], [5.973988059986074, 51.78842132328003], [5.974547497332872, 51.78506120824628], [5.979537941512535, 51.78597630835152], [5.980858453109652, 51.78552905361888], [5.981764704534512, 51.784135937683196], [5.984677787118247, 51.78505636771949], [5.984792348236479, 51.78442739919852], [5.987886879518181, 51.78288796297333], [5.989746782695742, 51.78372297199853], [5.990426132956772, 51.783196728039314], [5.983430990760598, 51.778724268927974], [5.984543125399727, 51.77779280747569], [5.984021462337272, 51.77535043441048], [5.982358863417919, 51.773696243731756], [5.986800610134621, 51.77222614510719], [5.99074900710911, 51.769681472250014], [5.992065974948222, 51.77024514780927], [5.990500073363747, 51.76627654755119], [5.9782889740837115, 51.759709250718714], [5.973546448887801, 51.758985912879915], [5.9583349958697625, 51.75145997484986], [5.956823686505693, 51.75193774294651], [5.951987114563577, 51.74894866408561], [5.953286812841093, 51.74802340305289], [5.951951414639264, 51.744369892925704], [5.943960998150754, 51.741816060919405], [5.938297549708588, 51.741592399390754], [5.9358895917075145, 51.74102786504323], [5.932765843211317, 51.74193770486022], [5.929947249731049, 51.74442773038146], [5.930737159501873, 51.746534452105486], [5.933322220364274, 51.7480978464851], [5.922484764013097, 51.7506147934493], [5.915132594558564, 51.75253587733635], [5.913328443435838, 51.75551431180741], [5.913392336265221, 51.759000316088205], [5.911113668330018, 51.76240496421286], [5.905374897121997, 51.76568313472748], [5.9010931772709, 51.770478212112025], [5.893408414642547, 51.7778522751328], [5.8930861797456116, 51.778148391187834], [5.887982771930109, 51.78298018564509], [5.887208093345575, 51.7853449329541], [5.887442002252324, 51.79537304551001], [5.8810240316659215, 51.801448812282146], [5.879396772423505, 51.80827718649548], [5.879109385558863, 51.80952926770368], [5.882447725053412, 51.80950336233714], [5.885546239548468, 51.81020269501426], [5.8861464276354685, 51.81085256169648], [5.885957491086527, 51.81250064060106], [5.884086963361615, 51.813856947150335], [5.8815151242269055, 51.81740106737129], [5.880491818489275, 51.820325555979686], [5.881930897090515, 51.82104472920948], [5.882605421380993, 51.82116313557267], [5.888062716790346, 51.82300267731365], [5.88831323773086, 51.82309988977991], [5.888749697490353, 51.82269133819455], [5.892338516673859, 51.82389331540511], [5.893522458503163, 51.82427969380013], [5.893710500893694, 51.823927169988686], [5.899094631463554, 51.8246151448018], [5.900332745394965, 51.82572372987117], [5.901431160057888, 51.82738745052692], [5.9053029554247916, 51.82744983753562], [5.908248787131149, 51.82935234505536], [5.906507479030028, 51.83058997764936], [5.903938510329141, 51.83134172423389], [5.896984240408206, 51.83216856386902], [5.895888403928298, 51.83258417251925], [5.895793387599143, 51.833577826298956], [5.898087220132839, 51.83640407849376], [5.89216889340551, 51.840012513532415], [5.894529778808958, 51.84055611429018], [5.8845668105103295, 51.84384142556035], [5.880388721276969, 51.84505437019269], [5.885490419172686, 51.84765897211258], [5.887336107499481, 51.84968997537674], [5.8846216439386305, 51.85016744608453], [5.88740767814366, 51.85454260153967], [5.887371243435922, 51.85881265633062], [5.881583920037573, 51.85909976487488], [5.881583689362733, 51.859099777532066], [5.88676523577896, 51.86520241898593], [5.895967332082128, 51.87053302374402], [5.903613129923979, 51.87254135321889], [5.914001920103852, 51.874178743943645], [5.923632616217485, 51.8746225582208], [5.933326037192809, 51.873178235980305], [5.937315006146234, 51.8714104670449], [5.955287659553763, 51.85692728835497], [5.959172728147824, 51.855372920275855], [5.9662468267315925, 51.85444855323227], [5.970333128734856, 51.85475343704328], [5.974352932197103, 51.855862526404266], [5.977749157391874, 51.857229026585244], [5.9811796605889205, 51.85994671267611], [5.985752511972474, 51.867756988434316], [5.988747313417359, 51.87146953839542], [5.9926144969860005, 51.87492601749907], [6.00205052915404, 51.88028196707858], [6.0092871717550524, 51.88160282526301], [6.016915569765713, 51.88098538782457], [6.02193204160371, 51.87929392762646], [6.035455808488312, 51.873048274258295], [6.044091177098441, 51.87120653894658], [6.046284676450168, 51.87091265783195], [6.05441408594307, 51.86910648818309], [6.063485604675176, 51.86545071122503]]]]}, "properties": {"type": "boundary", "gemeente": "Berg en Dal"}}, {"type": "Feature", "geometry": {"type": "MultiPolygon", "coordinates": [[[[6.148210022179075, 51.973187029904544], [6.150945387498377, 51.966266287482526], [6.15786811467919, 51.95879370707898], [6.16252166289138, 51.9558778087336], [6.163143434671518, 51.95532338196023], [6.165746966798007, 51.9549358955114], [6.169133423668808, 51.953285685514736], [6.172658880251747, 51.95296855855018], [6.17850983057826, 51.948702996020636], [6.182750378848526, 51.94814970943097], [6.182774723611794, 51.948125627894164], [6.184621461406126, 51.947691855718105], [6.1860236410261065, 51.946087897142256], [6.188591478718685, 51.945536306040545], [6.188426539268562, 51.943338907007664], [6.191734359570551, 51.94245197847322], [6.193263753285178, 51.940882970369096], [6.205010794051521, 51.936640455284646], [6.205619110576785, 51.93772951368949], [6.2027441362771585, 51.93908726054669], [6.2030773441968625, 51.941327035186895], [6.202994999085801, 51.94148478163834], [6.20307570181853, 51.94214355507009], [6.204423349463182, 51.942382416497956], [6.2103271515067755, 51.94338243942129], [6.2120493781236865, 51.94289366684848], [6.21460378092321, 51.943220648407845], [6.216384174156809, 51.94412269933539], [6.219042297945425, 51.94314186084489], [6.221361010958883, 51.94392819662185], [6.220753964887268, 51.944575864358235], [6.22930559004398, 51.94456493600623], [6.254276160461364, 51.94325333243158], [6.26287790417315, 51.94295750809138], [6.272875230103693, 51.94317878375864], [6.2728485253042, 51.941885123455414], [6.2753926457999825, 51.94179975579821], [6.279024804369745, 51.943344315253015], [6.293820952808472, 51.94376707623132], [6.293821016866723, 51.9437670793325], [6.302067102175816, 51.944134245476704], [6.3018440797556226, 51.94196540459511], [6.302607142497141, 51.9413533186087], [6.3057635342507465, 51.93882120653634], [6.306805612278257, 51.937941093497756], [6.305950392418696, 51.93704552649684], [6.303980976193074, 51.93806144296208], [6.299831077021177, 51.938468554369216], [6.296488724487995, 51.936415584669795], [6.29566983756195, 51.9353420142955], [6.296012605606731, 51.9328575046999], [6.292887893284789, 51.9313145849326], [6.29102718918887, 51.92899188169728], [6.289653911421657, 51.92548913154748], [6.291148724216054, 51.92241536584898], [6.294979822294704, 51.92089407891724], [6.301772198860989, 51.919889026411624], [6.311295596161144, 51.92063853780239], [6.315765603460474, 51.91828292199284], [6.316876395388604, 51.91620312585549], [6.316143413721729, 51.91273733893361], [6.310997542035455, 51.91058997654375], [6.309022880121214, 51.91178489702172], [6.307963776423123, 51.911391891818816], [6.308741321663449, 51.910718198608436], [6.307289151961964, 51.91026195141566], [6.306284162858287, 51.908210943050854], [6.305952537371296, 51.90688488103331], [6.306825443865194, 51.90453540583755], [6.310866833144148, 51.900035391071576], [6.315792891669851, 51.89784285240545], [6.318554646084089, 51.89774410291644], [6.3226131816569024, 51.89599049482452], [6.3295871901148, 51.89477763188891], [6.33227976862824, 51.893267953220196], [6.331070861135861, 51.892076294942555], [6.324324991790403, 51.888961612744794], [6.325160945121182, 51.88777860402081], [6.326900866155294, 51.88478201151203], [6.329443336136211, 51.88033644888609], [6.326540424825077, 51.87902941479942], [6.331633471311191, 51.87482093022501], [6.327203716421352, 51.87362129392668], [6.327227049501843, 51.872458680407846], [6.329251491424026, 51.87123367320844], [6.324577103761486, 51.869029996507834], [6.322493204515704, 51.8686706029683], [6.3122106220382435, 51.86848763717241], [6.311945362576494, 51.8692021809097], [6.309583112790078, 51.869169687487286], [6.301752622850551, 51.86874063692214], [6.299160973754045, 51.868388738862095], [6.2990069430953355, 51.867826372263885], [6.29571710223594, 51.86824404693986], [6.2882906469999496, 51.871421182021386], [6.283382073272639, 51.87220390192289], [6.279907550010597, 51.87406985427485], [6.272262276222725, 51.874654493474765], [6.269366833360982, 51.873915337692], [6.265330955885455, 51.86999266034726], [6.2622237842357835, 51.86824326673244], [6.252845158923686, 51.86890187461694], [6.246296032249722, 51.86995034282296], [6.241827335877305, 51.8689670570331], [6.234805233837215, 51.870003606874725], [6.230136384756481, 51.869653412034715], [6.224633598185478, 51.868543509707116], [6.215057710506011, 51.86762623576524], [6.202652134821599, 51.871719832543434], [6.192760876540848, 51.876439318277434], [6.183550183903784, 51.8825312091364], [6.182010889409401, 51.885777656490404], [6.185990955858733, 51.8868512400119], [6.191424132469561, 51.88737219145878], [6.189605170844227, 51.88878866618433], [6.191085927538715, 51.891657167708985], [6.187037634756383, 51.89230577099613], [6.182558954326532, 51.89390685760267], [6.1697700892839435, 51.90128709564697], [6.1679126007219836, 51.900941970172425], [6.166773387792171, 51.901047185223206], [6.165355338634427, 51.90234469426141], [6.162856033609527, 51.90294873233198], [6.1600282271749345, 51.90475364031337], [6.157193535904651, 51.90736757327065], [6.1566238297685505, 51.91122743260148], [6.154776685978577, 51.911264536247096], [6.152570372474731, 51.90886853354276], [6.143329148265982, 51.91362747795945], [6.142583942560455, 51.915429839633475], [6.143708057607931, 51.91803025415716], [6.142959372380029, 51.918457534200336], [6.141434140171369, 51.91592355101243], [6.1403052849153426, 51.91547456526527], [6.138433266909952, 51.9155292887275], [6.124489671024472, 51.92229245767306], [6.112653382373971, 51.92780347725229], [6.0946891969538965, 51.93671997172331], [6.09414910357947, 51.93882766995575], [6.091428384023841, 51.938720819426045], [6.091102119180382, 51.94231008269759], [6.09137081882256, 51.96291587553605], [6.089514831771404, 51.96350902179077], [6.090394064514159, 51.96784413822048], [6.105201202388605, 51.966697105520986], [6.108823688910043, 51.967172660414136], [6.112358661338544, 51.96886700080135], [6.118294186515169, 51.970535323695714], [6.122335161187644, 51.971483932222405], [6.121090814351104, 51.97339806170873], [6.12921237331957, 51.978213933056985], [6.144688884936917, 51.98050015408908], [6.146467024271757, 51.97559195811387], [6.145967038354572, 51.97525174176059], [6.148210022179075, 51.973187029904544]]]]}, "properties": {"type": "boundary", "gemeente": "Montferland"}}, {"type": "Feature", "geometry": {"type": "MultiPolygon", "coordinates": [[[[5.2677606975557705, 51.932756062380165], [5.276226926963659, 51.93262794303891], [5.279572122057786, 51.93319544817557], [5.280976131217504, 51.93316780730102], [5.28128154739737, 51.932671117555365], [5.284946345058137, 51.93069165100005], [5.2867235873423635, 51.92851033839304], [5.28518298287638, 51.922639411827724], [5.273686832105657, 51.92008706103818], [5.294892961369452, 51.90005233601891], [5.297323071256258, 51.90157906519427], [5.306584519761047, 51.89657809509723], [5.306750879088629, 51.89641758214472], [5.309205919810794, 51.89662047815218], [5.312044600069719, 51.895907251177746], [5.318775437032712, 51.89255870356013], [5.323366030784197, 51.88901036171663], [5.323414704007847, 51.886983540936754], [5.321938975656685, 51.88562805705044], [5.316293671707263, 51.88332307142153], [5.314951252254847, 51.88181599080062], [5.315177847529562, 51.88057596232839], [5.317193068421269, 51.88023261767678], [5.322676005775281, 51.881966275305956], [5.326829600468552, 51.882587844934534], [5.334934291688085, 51.881762671918864], [5.337163202703539, 51.88098151910346], [5.339455682454007, 51.87787404692307], [5.33902356522249, 51.87403416239033], [5.336582741053232, 51.86996634799834], [5.328089007797646, 51.864517340824946], [5.328358444188078, 51.85940776802915], [5.328084404303055, 51.859262621624836], [5.328290124515392, 51.85701750030618], [5.33853383852115, 51.85826369341324], [5.338888690329415, 51.85759409130427], [5.342759138071042, 51.856798296409316], [5.349293252724634, 51.85842658012683], [5.360069252740558, 51.858362382601825], [5.37312085387293, 51.861446870736025], [5.37840724322015, 51.86339984267016], [5.379619043828869, 51.86151414644542], [5.395238598189029, 51.852933367820285], [5.399780499003528, 51.85457209847092], [5.407927741698764, 51.854412651282814], [5.4080953971634464, 51.854386666253134], [5.409569771899394, 51.85370151474734], [5.415233516652199, 51.85180083822617], [5.409148373104239, 51.843923767537596], [5.400632671526211, 51.837658624771024], [5.393419048326175, 51.83379311171206], [5.384390970329237, 51.827291679416874], [5.370683171201481, 51.811951926010764], [5.365795976137885, 51.80795344192779], [5.361095556617371, 51.80571957792366], [5.354082270400513, 51.80420635360274], [5.347411868524868, 51.80418627755214], [5.347068040764866, 51.804234778599465], [5.343677145978439, 51.80485905161079], [5.3390318463288065, 51.80659405811394], [5.333550768334728, 51.810348921175446], [5.3282989456975365, 51.81525060647481], [5.326104920843547, 51.817008555172805], [5.3248424334256255, 51.81780695635852], [5.316328145727297, 51.82179692901957], [5.3112693272558475, 51.82314440930956], [5.304600080780707, 51.82396335976063], [5.297845487176937, 51.82405730362144], [5.290553200074637, 51.82323523354809], [5.281717759608442, 51.821207550467555], [5.279514574229223, 51.82074072100946], [5.247175204693762, 51.81712242937351], [5.237415717800245, 51.815020793669376], [5.2354569063784755, 51.814482301175545], [5.220700386155972, 51.8109046193102], [5.2128816791800325, 51.81004898270638], [5.203271994969655, 51.81024077199019], [5.195122618500457, 51.81150983350258], [5.176742916359045, 51.816349184200966], [5.170642471484071, 51.81703256473988], [5.159279775107532, 51.81648007194304], [5.148702979406744, 51.815016846275036], [5.1404530363638266, 51.81409321789718], [5.134905688127559, 51.81421899805826], [5.127340945914026, 51.8151631760091], [5.121758642316289, 51.816607281996866], [5.118357519715639, 51.81790509952841], [5.10098067407884, 51.8244572069881], [5.089866819148427, 51.826642700906255], [5.082453283594733, 51.82684805303573], [5.07410933062994, 51.82582098761499], [5.0507257254423115, 51.81853321270841], [5.039863411191709, 51.81731546893958], [5.035122653609783, 51.81750056129816], [5.026350739777157, 51.818856910771416], [5.027700144919748, 51.82355001342692], [5.028286571169956, 51.826160520446585], [5.031414099927867, 51.84108497151601], [5.021269470879784, 51.84192587494464], [5.009322160241337, 51.8427162817622], [5.003447044271231, 51.84476905888243], [5.002894277906386, 51.84366195791894], [4.999933275108924, 51.84439156373059], [4.9992955080174015, 51.84460000419788], [4.999519578420946, 51.845137523089555], [4.998894262831222, 51.845246427097315], [5.000001059826935, 51.84757596761693], [4.9986838349999685, 51.852277310681195], [4.998304405355955, 51.85486160979234], [4.993967174850837, 51.861222795474], [4.995964314311665, 51.86184862328509], [5.0012493583173665, 51.85905865755315], [5.00524720685376, 51.857933415656206], [5.00951974747815, 51.85804609171648], [5.015627389097552, 51.85917816168929], [5.0269072215100605, 51.85860784120146], [5.043733904138013, 51.85923006096853], [5.046604279283023, 51.85886934956512], [5.052998638266716, 51.85736084007549], [5.059184711277367, 51.858154643044784], [5.062357390421433, 51.85936221218917], [5.063623310094308, 51.860598990751306], [5.062780910246362, 51.862027685592395], [5.054199035036273, 51.86509922020609], [5.052198149710772, 51.86664314007183], [5.052309921333877, 51.86998460871932], [5.055361619839431, 51.87304104791531], [5.0633870600277975, 51.87440989023774], [5.071738500950001, 51.87410408696657], [5.073040624860226, 51.87404813650203], [5.081276608888161, 51.87600539153679], [5.083659115560487, 51.87836095238648], [5.085932795984601, 51.880299155247364], [5.086585272237169, 51.88112465813738], [5.087491657306633, 51.88430152732236], [5.088445372233172, 51.88755080496836], [5.090364019684142, 51.88865457690512], [5.094824814438756, 51.88874362547817], [5.097994602193846, 51.887836988738286], [5.105758731555534, 51.88881102381645], [5.11273618797774, 51.887776269788034], [5.113262821794927, 51.88825520856674], [5.114273967782243, 51.88926584125627], [5.115392886655452, 51.89043777554457], [5.117581581191763, 51.892366419058604], [5.118498151875231, 51.89637774488743], [5.116984938886798, 51.896910688757735], [5.117028193638019, 51.89817597958553], [5.119672138650211, 51.89824525083951], [5.1323763016383035, 51.91486039770243], [5.135720169380734, 51.914195360717365], [5.136571117548482, 51.91469331163225], [5.135674100220016, 51.91822272771246], [5.142432210901371, 51.924936548907276], [5.150010977300794, 51.92815646220622], [5.157985625655049, 51.928481346755696], [5.161661547937899, 51.92749920293507], [5.166796329896777, 51.92602009934187], [5.158904509385159, 51.91964487383838], [5.1758994238334335, 51.92110162679341], [5.1873807638185685, 51.92392133556746], [5.20262960826454, 51.92476743300911], [5.207684898715003, 51.92621349931801], [5.211809208838781, 51.91964533636119], [5.233163570990472, 51.923584861978476], [5.242602539038634, 51.927194758670794], [5.245866701393319, 51.92927410634766], [5.255061279446409, 51.93548254591115], [5.2677606975557705, 51.932756062380165]]]]}, "properties": {"type": "boundary", "gemeente": "West Betuwe"}}]}