{"type": "FeatureCollection", "features": [{"type": "Feature", "geometry": {"type": "MultiPolygon", "coordinates": [[[[6.044149497476457, 50.92944775596098], [6.045580740741633, 50.92807975584725], [6.050869383714706, 50.92990507185596], [6.056159066463362, 50.92715218566282], [6.055722225070836, 50.92614792216568], [6.0540214016040395, 50.92224695984133], [6.061816833469773, 50.92123608140882], [6.062965239842667, 50.922034622286446], [6.06818290330667, 50.92065261603061], [6.071773668329821, 50.923132910718735], [6.075255683030998, 50.92275322529353], [6.082126174140523, 50.92154077505553], [6.0894346762452685, 50.918524804908984], [6.090160191648308, 50.919571134341254], [6.093724722319279, 50.9212302948619], [6.0941476990848935, 50.920701849502144], [6.092145339433615, 50.9175115219125], [6.08893205577, 50.915924433994014], [6.086740529324844, 50.91390572091549], [6.086035174755458, 50.912018050028244], [6.081527233117369, 50.909405724173155], [6.079812096315425, 50.90576985087541], [6.07579590130421, 50.905340564276806], [6.063822757251607, 50.903657461340856], [6.064020752896096, 50.9023235823653], [6.059349664424441, 50.90121179794701], [6.058728509209936, 50.9024479327554], [6.056327258124817, 50.90184417673705], [6.056616121731697, 50.900112962738525], [6.055877010372894, 50.89993180061906], [6.048686221399178, 50.89941449630697], [6.0455470651310135, 50.8999734731213], [6.042895837004236, 50.9004081152941], [6.0426811576114385, 50.898794241593784], [6.043493483458532, 50.89761478857458], [6.042200742339714, 50.89518228250404], [6.042198740901026, 50.895126531023344], [6.042442879484441, 50.89282489284601], [6.040903285593049, 50.89289769971334], [6.040419870196643, 50.89206592316192], [6.045524426482626, 50.889889244984104], [6.042874843526713, 50.887151950746606], [6.040413701378715, 50.888239984847054], [6.037053475044197, 50.88631987319369], [6.034025771090017, 50.8805806254588], [6.034796509288485, 50.87916661290039], [6.032949738416711, 50.876614655436796], [6.031138693155174, 50.871586658004354], [6.027355314943039, 50.871614233025], [6.021402919298356, 50.87156337316493], [6.0206968711592825, 50.87121497828705], [6.020244046807268, 50.87154922490977], [6.0171403727605535, 50.87046596811608], [6.015859063352408, 50.87021917652002], [6.015085481797622, 50.87351390918812], [6.010092264813332, 50.877604579666695], [6.009555985395304, 50.87843113584469], [6.009532475082653, 50.878476180590475], [6.009523655285522, 50.878585223883405], [6.009082497260338, 50.884046802104805], [6.007867428738559, 50.88582759666479], [6.002975216494877, 50.88947855503353], [5.999359497514942, 50.89162165522729], [5.99850412760302, 50.89180434992506], [5.998623716030712, 50.89290650445149], [5.996607866749742, 50.89252105304327], [5.994807377378221, 50.89557469989576], [5.994741032977225, 50.898462682293584], [5.994738930843813, 50.89850968810909], [5.99461884927561, 50.902389958672885], [5.994503969976122, 50.90351300249303], [5.993366632157802, 50.90364305919507], [5.993700013540155, 50.90440780994613], [5.993290451553858, 50.90462443462295], [5.992969810060878, 50.90468474906014], [5.993038110296185, 50.904842563088145], [5.991603400273032, 50.90505650755898], [5.9923772896391405, 50.90613060256999], [5.990725558374529, 50.906182198353534], [5.993429978119122, 50.910049223889395], [6.003229165761721, 50.91722465464479], [6.006102987147272, 50.91867866692819], [6.012381817502837, 50.926272182196584], [6.011694782567982, 50.926439123768766], [6.012212888787042, 50.92694952546492], [6.012362818445224, 50.92709712970789], [6.016135541118415, 50.93081100105594], [6.018200101452042, 50.934701082112845], [6.038437562539639, 50.930890069257075], [6.044149497476457, 50.92944775596098]]]]}, "properties": {"type": "boundary", "gemeente": "Landgraaf"}}, {"type": "Feature", "geometry": {"type": "MultiPolygon", "coordinates": [[[[5.83237686688535, 50.94734957864347], [5.837818096065898, 50.94639835039534], [5.838607085058221, 50.94660175252921], [5.839889757957519, 50.9501913317031], [5.844342932300662, 50.94665861359473], [5.848459447566793, 50.94471118424073], [5.853084538721213, 50.9464471252121], [5.853808213267893, 50.946484112135884], [5.854956959254565, 50.94607617652166], [5.85692782732037, 50.944001424195086], [5.856486202493524, 50.94331706081632], [5.8555383926590014, 50.93600660424625], [5.850762575222078, 50.92849450931613], [5.847234240160448, 50.92577439561506], [5.8415870518764565, 50.91984342709053], [5.833956963195059, 50.920023281601935], [5.831313349884325, 50.91918486465312], [5.831555429081717, 50.91718012204109], [5.826615923292828, 50.91659122749346], [5.801712991542497, 50.91412995785809], [5.800726055544683, 50.91459792130715], [5.792159771833876, 50.910483400852335], [5.782438999230825, 50.91337633664082], [5.781188766584395, 50.91207747087647], [5.778925140316845, 50.91096072796836], [5.776586516438538, 50.91163095326847], [5.774676364622658, 50.91128443829382], [5.765937514732761, 50.90456894023818], [5.758761095773038, 50.89860842978514], [5.755515666646682, 50.89956570144126], [5.756146496193777, 50.90010631085282], [5.754843803035649, 50.90059244277079], [5.755094742274698, 50.900861743868234], [5.759890214663419, 50.907962914574576], [5.7647459048638225, 50.913779693958645], [5.769175105157112, 50.91703788281363], [5.771134294948384, 50.919317214439985], [5.7736268536609705, 50.923384704962565], [5.7738228842725645, 50.925560787558176], [5.772297848936584, 50.927240743817435], [5.772471419124154, 50.92854008326915], [5.775056347216635, 50.93114775932368], [5.7779178081919245, 50.93268932626745], [5.777234457328043, 50.933010158736366], [5.77855034372039, 50.933817208188245], [5.777671575231098, 50.93418228464669], [5.778531839579915, 50.93649528971498], [5.779228894969355, 50.93924119352356], [5.7826032835811345, 50.94181388421376], [5.783197141250831, 50.942634408906926], [5.783482392486793, 50.94259450186403], [5.7837293240927155, 50.942996879626314], [5.779169672673129, 50.94381607785722], [5.779337668603602, 50.94439441615858], [5.779952913712975, 50.945339267683075], [5.783322346994934, 50.94604045926503], [5.788106041852192, 50.948606260032285], [5.788200166254071, 50.94805811519785], [5.7933597740841964, 50.95190445301603], [5.80212795464079, 50.947412470623256], [5.803713776591496, 50.948384465176716], [5.8111138821919655, 50.95449323264633], [5.812511521628105, 50.95483499216351], [5.827814011535211, 50.94891036851639], [5.83237686688535, 50.94734957864347]]]]}, "properties": {"type": "boundary", "gemeente": "Beek (L.)"}}, {"type": "Feature", "geometry": {"type": "MultiPolygon", "coordinates": [[[[6.0874304905595, 51.2950414514603], [6.090557778792105, 51.29479448188028], [6.092908155645705, 51.29540275804312], [6.093295720695759, 51.29543590545928], [6.10315040806275, 51.28870009175609], [6.107006564455885, 51.291468971762214], [6.114460201482495, 51.289175025390925], [6.1200558674476975, 51.285112402578356], [6.122854991462423, 51.280608950162645], [6.124550914834432, 51.27981797045591], [6.124756167616274, 51.277549647750604], [6.124502908248727, 51.27475488607261], [6.094800824304763, 51.254016976014974], [6.085615373681983, 51.247625233110696], [6.072661805350333, 51.2425595988648], [6.062729417255398, 51.24644419821295], [6.06047370748395, 51.247905797173665], [6.054819163715774, 51.25161625284055], [6.051330236645316, 51.25252698561301], [6.043264335545192, 51.247120108063804], [6.0383604137570215, 51.24610323384029], [6.0322148719157935, 51.246942248873765], [6.027582484264731, 51.24555212438865], [6.025508491204422, 51.247359889079824], [6.019726070186333, 51.24969724944544], [6.0201679801423555, 51.25041205058166], [6.015996248400448, 51.250910700022395], [6.016656319700024, 51.2529561637524], [6.01432794262005, 51.25535178348059], [6.00783781505054, 51.2572467012086], [6.005877927837731, 51.25868247908414], [6.005761557998634, 51.2622855216653], [6.007353848406697, 51.26436066380717], [6.009609683400335, 51.26575854867455], [6.011771938285636, 51.26637502188927], [6.020661201835171, 51.26587084452672], [6.026281771062811, 51.266897368606436], [6.0281955907240174, 51.268055840757064], [6.029352784571375, 51.27097844823215], [6.029354116926088, 51.2709833281998], [6.030534208288153, 51.27402647269194], [6.04161906180746, 51.28186006063232], [6.042264466543249, 51.28238401811391], [6.049372199428297, 51.287072911122266], [6.058423113844531, 51.29024621182536], [6.058878015571295, 51.28967153512127], [6.063275724353842, 51.288697302043694], [6.066816742613845, 51.28888101903979], [6.069972556685081, 51.29143054389994], [6.070888826927675, 51.29367650315961], [6.084715145615054, 51.29745403373466], [6.0874304905595, 51.2950414514603]]]]}, "properties": {"type": "boundary", "gemeente": "Beesel"}}, {"type": "Feature", "geometry": {"type": "MultiPolygon", "coordinates": [[[[6.036640402704683, 51.67275940582434], [6.0723831051316015, 51.663838481301006], [6.075670991564532, 51.66480330831003], [6.078636847417051, 51.66340157770879], [6.079661512131974, 51.663461210244], [6.078985889400435, 51.661948381327534], [6.079543877164722, 51.66159256815231], [6.0831859563102695, 51.66184838875788], [6.085343738009491, 51.66291339448482], [6.086535810241923, 51.66253919306364], [6.087315347112766, 51.66026756410835], [6.088307882996889, 51.659856047501236], [6.095033528093431, 51.65970228771156], [6.099653379703305, 51.65811518975075], [6.101964435924312, 51.66060760502477], [6.11688671963804, 51.656533322812784], [6.118086448306907, 51.6559722674406], [6.115769984501353, 51.65322669643696], [6.116972582944567, 51.65059450592979], [6.1163373798438325, 51.650171323679764], [6.112618843988922, 51.648463663489004], [6.1094110206786985, 51.64686585252477], [6.111681509420657, 51.64472927134729], [6.108039333085187, 51.64193165125464], [6.099531858794523, 51.623532950591745], [6.097228006022008, 51.62088284778294], [6.0939329311005865, 51.62215335218476], [6.09435424404685, 51.61519508656368], [6.091422667820954, 51.605847849949065], [6.1170834045120275, 51.59384681776081], [6.119282976903018, 51.593666516865184], [6.121486016322755, 51.592738177261886], [6.130558659443749, 51.5810868455992], [6.1469843624189675, 51.570589930983196], [6.157031080682987, 51.56657467099519], [6.1613834749522, 51.56043951553674], [6.1769003147637855, 51.53855478912042], [6.18867235428263, 51.533478058398664], [6.199927225654615, 51.5273804725007], [6.207743393309999, 51.51904661250037], [6.212021876845921, 51.51338995111094], [6.213359490912527, 51.5078166731345], [6.204042909289362, 51.504311947923604], [6.188360728174702, 51.505079990479864], [6.169191599724305, 51.50308066092987], [6.1666390900885615, 51.50786263962535], [6.161667754592276, 51.511882345622226], [6.157783496182383, 51.5136191595854], [6.146298326046585, 51.51688003424812], [6.141092283119485, 51.51951863158296], [6.131204018582452, 51.52584624527602], [6.1196809272895445, 51.531844131563595], [6.116055190971687, 51.5372900937544], [6.11462965233681, 51.54205257966667], [6.113820943353524, 51.544327302747476], [6.111914850804055, 51.54625410448213], [6.108327329365827, 51.547608425327084], [6.104589256513263, 51.54821532129894], [6.080716054855142, 51.54693722816884], [6.073755931268523, 51.54924151929753], [6.062130362497513, 51.55587435995843], [6.056508041161222, 51.55757977171633], [6.048119255368445, 51.5584617980164], [6.0414513721110135, 51.56364670887659], [6.037868941927611, 51.56941023802319], [6.037816819550729, 51.57411403092279], [6.0394083657692805, 51.57912795757148], [6.039716515194243, 51.58161523352155], [6.038658962370649, 51.584130168790104], [6.033477201544799, 51.58960991873392], [6.030722151555024, 51.591517646942805], [6.026280156371247, 51.59557613083444], [6.023782686150563, 51.6030347185979], [6.023851781088479, 51.616124641345905], [6.022658226685541, 51.6188507805819], [6.0199786196912655, 51.62192041801632], [6.004469390405436, 51.63177588870045], [5.996015156049641, 51.636869573729676], [5.98212076676849, 51.64251895011953], [5.976605753366045, 51.64378236660264], [6.001516710952971, 51.65525294422774], [6.002014049227571, 51.65457261719637], [6.006841476926713, 51.65602658574977], [6.014234070605338, 51.66032614968452], [6.0153740929420705, 51.66224154264756], [6.024670980343733, 51.66007099843071], [6.0317563684913456, 51.66304738993062], [6.024276559005937, 51.669815675806525], [6.030088890843308, 51.674659794567994], [6.031943558931771, 51.67616447375322], [6.033260007983873, 51.676116802658655], [6.034671234278114, 51.675145142265364], [6.0342818304684505, 51.6746761050116], [6.0315391872142206, 51.67458201969673], [6.032348235589459, 51.67405495785546], [6.035030746354569, 51.6739216268487], [6.036640402704683, 51.67275940582434]]]]}, "properties": {"type": "boundary", "gemeente": "Bergen (L.)"}}, {"type": "Feature", "geometry": {"type": "MultiPolygon", "coordinates": [[[[5.969081943997491, 50.961035455655846], [5.972298706252856, 50.95927446912874], [5.9736880380945445, 50.959358344516474], [5.974005184596535, 50.958585319320484], [5.974040322406763, 50.958339444056854], [5.978198363127829, 50.9599432873711], [5.980121633668831, 50.96067950210787], [5.988817782272814, 50.95941606736021], [5.9922645544639215, 50.95892201395972], [5.999247837838149, 50.957828989332015], [6.006051802201642, 50.95753519451495], [6.00519669892961, 50.956776347644364], [6.01685119067698, 50.952642402493666], [6.015076934125794, 50.94788263359915], [6.015850204765842, 50.944623945182045], [6.018200101452042, 50.934701082112845], [6.016135541118415, 50.93081100105594], [6.012362818445224, 50.92709712970789], [6.012212888787042, 50.92694952546492], [6.011694782567982, 50.926439123768766], [5.975630816754173, 50.92899155943019], [5.975244295518642, 50.92892279276011], [5.971498073033411, 50.93085478224366], [5.966093910906008, 50.93239202351982], [5.963957572129906, 50.93370899562887], [5.962333303551777, 50.93402486213156], [5.954891835478406, 50.9338380660659], [5.954111564259699, 50.9335478504105], [5.954235788190652, 50.93295829628314], [5.952073460833555, 50.93254002445212], [5.9460474533171235, 50.929764185366935], [5.945468640391478, 50.928509467654], [5.941898365966746, 50.92709577623954], [5.937167485282408, 50.92958092579568], [5.936215011181536, 50.930185733977126], [5.9326537514319275, 50.93250985012879], [5.930113188184886, 50.93426790334444], [5.929755508002211, 50.93477291177201], [5.928468152454896, 50.936612004303505], [5.93441430073885, 50.93863558196268], [5.931423549120091, 50.94156931100755], [5.936027209357168, 50.946324879923985], [5.940861398012027, 50.947896901060645], [5.942182848034742, 50.94886327362266], [5.94229031462738, 50.94901395569139], [5.942630622927655, 50.949491114137146], [5.943798143117678, 50.94915451087843], [5.9526520956507545, 50.95250493644037], [5.958385900083459, 50.95667394608975], [5.962753303052892, 50.95873943549614], [5.965355016397504, 50.960924698967645], [5.965826085256606, 50.962297669909155], [5.969988313145495, 50.962502207556476], [5.970678277648927, 50.962142317833596], [5.969081943997491, 50.961035455655846]]]]}, "properties": {"type": "boundary", "gemeente": "Brunssum"}}, {"type": "Feature", "geometry": {"type": "MultiPolygon", "coordinates": [[[[5.9522931780679835, 51.74268330754122], [5.955154024191317, 51.738116835518035], [5.9568558669149665, 51.73865376017053], [5.959167854305382, 51.73828767696883], [5.961109038362226, 51.73878080168283], [5.968743485068403, 51.73854549426208], [5.973360763339159, 51.73930482927866], [5.975663474795696, 51.73909540067873], [5.980252952474834, 51.738766501005486], [5.985494036121063, 51.739266896986535], [5.99419549373639, 51.73830866040397], [6.006902485835173, 51.73271189766113], [6.028964181556116, 51.725752639554365], [6.0322580917057635, 51.723818158214435], [6.0329376784847675, 51.72147685737347], [6.035033505829267, 51.721226032408836], [6.03482122994605, 51.71997877082432], [6.035423063605673, 51.717773550367205], [6.038385157442384, 51.718113048815894], [6.037879613866286, 51.71992906194142], [6.044937943163728, 51.716912645181324], [6.0420079400382605, 51.713343879114305], [6.037746343597543, 51.7136655761], [6.037720658040519, 51.71274299579544], [6.032203704699861, 51.71318075589645], [6.028394706423499, 51.71178601669326], [6.02816325192234, 51.71078916742882], [6.02664511456288, 51.70978854452459], [6.026052562209395, 51.70868734334448], [6.027055857565627, 51.707147663510675], [6.0268379306062485, 51.704352615944885], [6.028117509257637, 51.702438941882264], [6.027764257885349, 51.70054845139169], [6.030631167044123, 51.698345175777455], [6.031779294728009, 51.692532608634444], [6.0302781750057814, 51.6901309194021], [6.0282508082435795, 51.689608934929254], [6.032129743017297, 51.684891393274434], [6.03229234999437, 51.6839185359058], [6.030364562944936, 51.682948011598555], [6.029821824050759, 51.67809871570694], [6.031943558931771, 51.67616447375322], [6.030088890843308, 51.674659794567994], [6.024276559005937, 51.669815675806525], [6.0317563684913456, 51.66304738993062], [6.024670980343733, 51.66007099843071], [6.0153740929420705, 51.66224154264756], [6.014234070605338, 51.66032614968452], [6.006841476926713, 51.65602658574977], [6.002014049227571, 51.65457261719637], [6.001516710952971, 51.65525294422774], [5.976605753366045, 51.64378236660264], [5.9721266821771675, 51.64577104499668], [5.967468350037525, 51.649284083467705], [5.964854503467601, 51.65273161603139], [5.9634808202477725, 51.65732285851803], [5.963452829137603, 51.66298771433678], [5.9641378487780266, 51.667496897921026], [5.964585438429341, 51.67557258370276], [5.96339380477208, 51.68165722973892], [5.961887113179792, 51.685857206414454], [5.961394052311975, 51.687098831434454], [5.961394031305663, 51.687098885469645], [5.956375128545352, 51.699632266359146], [5.956253580592954, 51.70660519036522], [5.9554153893982, 51.70913076167339], [5.951828490830435, 51.71169981335956], [5.946752388962163, 51.713431452825596], [5.933783758044251, 51.71613964052732], [5.919468536188002, 51.717670751017764], [5.921324221895503, 51.72182019464875], [5.9294965271477675, 51.728163263067756], [5.933709110543776, 51.733160511086716], [5.933516907804763, 51.73648625983487], [5.934485559369143, 51.73969775263263], [5.938297549708588, 51.741592399390754], [5.943960998150754, 51.741816060919405], [5.951951414639264, 51.744369892925704], [5.953286812841093, 51.74802340305289], [5.9522931780679835, 51.74268330754122]]]]}, "properties": {"type": "boundary", "gemeente": "Gennep"}}, {"type": "Feature", "geometry": {"type": "MultiPolygon", "coordinates": [[[[5.937167485282408, 50.92958092579568], [5.941898365966746, 50.92709577623954], [5.945468640391478, 50.928509467654], [5.9460474533171235, 50.929764185366935], [5.952073460833555, 50.93254002445212], [5.954235788190652, 50.93295829628314], [5.954111564259699, 50.9335478504105], [5.954891835478406, 50.9338380660659], [5.962333303551777, 50.93402486213156], [5.963957572129906, 50.93370899562887], [5.966093910906008, 50.93239202351982], [5.971498073033411, 50.93085478224366], [5.975244295518642, 50.92892279276011], [5.9756308167541725, 50.92899155943011], [6.011694782567982, 50.92643912376869], [6.012381817502837, 50.926272182196584], [6.006102987147485, 50.91867866692819], [6.00322916576172, 50.91722465464474], [5.993429978119121, 50.910049223889295], [5.990725558374529, 50.906182198353534], [5.9923772896391405, 50.90613060256999], [5.991603400273032, 50.90505650755898], [5.993038110296185, 50.904842563088145], [5.992969810060878, 50.90468474906014], [5.993290451553858, 50.90462443462295], [5.993700013540155, 50.90440780994613], [5.993366632157802, 50.90364305919507], [5.994503969976122, 50.90351300249303], [5.99461884927561, 50.902389958672885], [5.994738930843813, 50.89850968810909], [5.994741032977225, 50.898462682293584], [5.994807377378221, 50.89557469989576], [5.996607866749742, 50.89252105304327], [5.998623716030712, 50.89290650445149], [5.99850412760302, 50.89180434992506], [5.999359497514942, 50.89162165522729], [6.002975216494877, 50.88947855503353], [6.007867428738559, 50.88582759666479], [6.009082497260338, 50.884046802104805], [6.009523655285522, 50.878585223883405], [6.009532475082653, 50.878476180590475], [6.009555985395304, 50.87843113584469], [6.010092264813332, 50.877604579666695], [6.015085481797622, 50.87351390918812], [6.015859063352408, 50.87021917652002], [6.0171403727605535, 50.87046596811608], [6.017392471551448, 50.8697708381803], [6.017989945925849, 50.87004714172979], [6.0183138308867985, 50.869675628717346], [6.018779322188411, 50.869829902571766], [6.0203077021481395, 50.86879022580914], [6.015448211911471, 50.8662066386928], [6.01101519000282, 50.8639230481617], [6.007239869871566, 50.86093856116413], [6.008170680021571, 50.85942269986937], [6.000567133729145, 50.85773440784559], [6.010779365207525, 50.84755354379559], [6.012022612318331, 50.84611550219075], [6.015740406025219, 50.8438098945514], [6.017957656284278, 50.84380464528202], [6.015941218133694, 50.838795375928456], [6.018448843533713, 50.83732825921726], [6.016314374879489, 50.833882882136336], [6.018767382831425, 50.82969431273045], [6.025263654614696, 50.82778487999735], [6.0227431786709875, 50.82660488479818], [6.023951242037819, 50.825106993146456], [6.024697109700203, 50.821594384297654], [6.026378143954796, 50.820121148826], [6.025640523127926, 50.8191830852218], [6.023721658047973, 50.81840227362295], [6.023658853751461, 50.81861732227361], [6.022042991675067, 50.82015785640969], [6.020630246968564, 50.81973798958828], [6.017470543173597, 50.82168440277166], [6.0157451471185155, 50.82381072859371], [6.016608468202794, 50.82433397468284], [6.0160050755849435, 50.825316037954174], [6.0170290839382, 50.82570062251376], [6.015210004412792, 50.82726566255379], [6.011462631773232, 50.83076361370513], [6.007494857994298, 50.8317782549591], [6.0040842975812945, 50.83141946634088], [6.003019711835018, 50.832024996233635], [6.005046865028323, 50.83391337209112], [6.005350040562346, 50.83555277405517], [6.004128402676238, 50.83767723177009], [5.997834402384101, 50.84122489427439], [5.994191719436368, 50.841786814357214], [5.991707240363039, 50.84365363978975], [5.989523737823471, 50.84416931074], [5.979160215777089, 50.849322819479426], [5.974070877011701, 50.853763721528686], [5.971427099027699, 50.8578159741057], [5.969360925332491, 50.86007953677055], [5.96873813374436, 50.86092878914534], [5.961595251424946, 50.86957504251651], [5.954027046096072, 50.87650252235404], [5.952627009008414, 50.877881485926956], [5.9463963822676424, 50.884208640276796], [5.938903938638689, 50.890330463221986], [5.928694410330178, 50.90054799986966], [5.925483120416113, 50.902608380838835], [5.925295336251769, 50.90394854969181], [5.924178921059178, 50.90484374400152], [5.923403273673978, 50.90440519938078], [5.923514904455852, 50.90556964305959], [5.916365026075615, 50.909917648857835], [5.904383873439895, 50.913649365465034], [5.904878286351222, 50.9144644097804], [5.906152260806034, 50.91448506532882], [5.908233004377416, 50.915468304846776], [5.904102247378002, 50.91728314850968], [5.899584533752595, 50.91682395228953], [5.895755973325647, 50.918967894198616], [5.895504137981293, 50.92013473455181], [5.8982227977261275, 50.92330866966353], [5.900742964029187, 50.92298309033868], [5.901139189012123, 50.92508637810594], [5.902976368640767, 50.925423548620934], [5.9055127346113325, 50.9275550241263], [5.910216946569047, 50.92698573028412], [5.913153017255618, 50.92805578170913], [5.917695395093932, 50.93055228860979], [5.9202085693808995, 50.93171167163028], [5.9189485779165105, 50.93322584183025], [5.928232884431155, 50.93653940806234], [5.928468152454896, 50.936612004303505], [5.929755508002211, 50.93477291177201], [5.930113188184886, 50.93426790334444], [5.9326537514319275, 50.93250985012879], [5.936215011181536, 50.930185733977126], [5.937167485282408, 50.92958092579568]]]]}, "properties": {"type": "boundary", "gemeente": "Heerlen"}}, {"type": "Feature", "geometry": {"type": "MultiPolygon", "coordinates": [[[[6.079908130442199, 50.902916319684465], [6.078032018874116, 50.900295873688464], [6.0765471008747065, 50.89462998370683], [6.075180477626545, 50.89295217043703], [6.075613926914586, 50.89253160578659], [6.076239117353352, 50.8914722801627], [6.075417263168735, 50.890518647922654], [6.076383417724879, 50.88895543822657], [6.077590940033195, 50.8875218230618], [6.078003285327076, 50.888036629528436], [6.079337137639946, 50.88671789513574], [6.078340182853037, 50.88486848911575], [6.079639635340847, 50.88367835585962], [6.079635788012034, 50.88222989458643], [6.080313342185218, 50.88269883343855], [6.0813244824740735, 50.88216306062187], [6.082608004095284, 50.8824746524889], [6.082297586045003, 50.88163368300051], [6.086332299617246, 50.8798760972108], [6.087207054111616, 50.87847335254992], [6.08507259132714, 50.876367872250135], [6.088101199560075, 50.87242639272707], [6.0862688208641185, 50.87157111755704], [6.086641771653947, 50.86960555036147], [6.0847626246765305, 50.86678996983364], [6.083395395828302, 50.864836738068064], [6.081025925217662, 50.86454377621974], [6.08103937869207, 50.86256335356035], [6.077472847133999, 50.86095896548386], [6.077018129843233, 50.859667050098814], [6.076088523723762, 50.85562636869545], [6.074169776234758, 50.846537180889264], [6.063339411871767, 50.8502178991238], [6.056697608476636, 50.85105206671445], [6.056977294102393, 50.85279483368408], [6.057115791269689, 50.85547455288604], [6.056079515870011, 50.857214952138676], [6.056021960184966, 50.85721751427232], [6.053936291345538, 50.856929838154414], [6.052262448078125, 50.855581783904846], [6.0503021367488135, 50.85505674288722], [6.05008063783358, 50.854223871937705], [6.045081314871742, 50.8523902791871], [6.04447734528813, 50.852703494446814], [6.042140136637767, 50.851235778767894], [6.034280284891862, 50.85057430801923], [6.027837997808336, 50.84762942123453], [6.026031431099861, 50.847236803980365], [6.025646163365902, 50.84772117568049], [6.021988777963734, 50.846383558262815], [6.01894439062713, 50.846254830637186], [6.017957656284278, 50.84380464528202], [6.015740406025007, 50.8438098945514], [6.012022612318331, 50.84611550219075], [6.010779365207525, 50.84755354379559], [6.000567133729145, 50.85773440784559], [6.008170680021571, 50.85942269986937], [6.007239869871566, 50.86093856116413], [6.01101519000282, 50.8639230481617], [6.015448211911471, 50.8662066386928], [6.0203077021481395, 50.86879022580914], [6.018779322188411, 50.869829902571766], [6.0183138308867985, 50.869675628717346], [6.017989945925849, 50.87004714172979], [6.017392471551448, 50.8697708381803], [6.0171403727605535, 50.87046596811608], [6.020244046807268, 50.87154922490977], [6.0206968711592825, 50.87121497828705], [6.021402919298356, 50.87156337316493], [6.027355314943039, 50.871614233025], [6.031138693155174, 50.871586658004354], [6.032949738416711, 50.876614655436796], [6.034796509288485, 50.87916661290039], [6.034025771090017, 50.8805806254588], [6.037053475044197, 50.88631987319369], [6.040413701378715, 50.888239984847054], [6.042874843526713, 50.887151950746606], [6.045524426482626, 50.889889244984104], [6.040419870196643, 50.89206592316192], [6.040903285593049, 50.89289769971334], [6.042442879484441, 50.89282489284601], [6.042198740901026, 50.895126531023344], [6.042200742339714, 50.89518228250404], [6.043493483458532, 50.89761478857458], [6.0426811576114385, 50.898794241593784], [6.042895837004236, 50.9004081152941], [6.0455470651310135, 50.8999734731213], [6.048686221399178, 50.89941449630697], [6.055877010372894, 50.89993180061906], [6.056616121731697, 50.900112962738525], [6.056327258124817, 50.90184417673705], [6.058728509209936, 50.9024479327554], [6.059349664424441, 50.90121179794701], [6.064020752896096, 50.9023235823653], [6.063822757251607, 50.903657461340856], [6.07579590130421, 50.905340564276806], [6.079812096315425, 50.90576985087541], [6.079908130442199, 50.902916319684465]]]]}, "properties": {"type": "boundary", "gemeente": "Kerkrade"}}, {"type": "Feature", "geometry": {"type": "MultiPolygon", "coordinates": [[[[5.731478334585451, 50.882900708712015], [5.7325135606973845, 50.8824341554257], [5.734314046759629, 50.88279459826763], [5.735931352736102, 50.88215279363522], [5.734942920278545, 50.87893084169394], [5.7330430759710564, 50.87506155412625], [5.736765617477331, 50.87366091546354], [5.738445611304365, 50.87353424325894], [5.7394139771639, 50.87309837071842], [5.741977904898635, 50.87301274838379], [5.74263735723664, 50.87142070525758], [5.7460045154132455, 50.872268011972835], [5.746972335390337, 50.87070121583912], [5.748768748242539, 50.871107417998694], [5.749426934642752, 50.870434273787566], [5.755442988373342, 50.8714908466505], [5.759158881896371, 50.86609543952148], [5.762658712609131, 50.86651025657717], [5.76292310778857, 50.86413773247746], [5.752877171639823, 50.85945218930585], [5.752940558269469, 50.85851546160501], [5.749327383715425, 50.857052815670606], [5.757338695861345, 50.85529045131003], [5.757313712935854, 50.84561610076322], [5.754853288823739, 50.84184028785784], [5.7480119777749294, 50.84090830799059], [5.746854231972933, 50.84081871813846], [5.746806427923353, 50.84026931113056], [5.741259197032609, 50.84010246443645], [5.74063742741682, 50.8391570163815], [5.74045218070219, 50.83839869312211], [5.746309721016754, 50.83732466455438], [5.745563055338034, 50.8363390364279], [5.746704568028252, 50.83587143659736], [5.745563460925434, 50.83561902551958], [5.745563932709668, 50.834785286347596], [5.746492129629835, 50.830294094170526], [5.746264517061663, 50.82764773625555], [5.744913218896229, 50.82776920620142], [5.745362893898624, 50.82401161447961], [5.744871531821204, 50.82292069140254], [5.743696616720391, 50.82298991481556], [5.743482105322298, 50.8213233959016], [5.732594672261986, 50.8190475684792], [5.728730733903259, 50.8179241983018], [5.728182072901213, 50.8171396453482], [5.723195757565646, 50.81472802716195], [5.718982784753411, 50.81410901460958], [5.717310096195597, 50.81450082403344], [5.717011856264401, 50.80608333031521], [5.716942253193538, 50.80380456921051], [5.709821637502222, 50.80419067344388], [5.709967824314297, 50.80474201564935], [5.7085266325746025, 50.80490997288725], [5.709454941201469, 50.80828137955912], [5.696501136862692, 50.80854539684299], [5.693815053892214, 50.81044907057651], [5.693838872488845, 50.811102442407815], [5.693853928080556, 50.81151535270833], [5.691677564306658, 50.81212156943348], [5.68877148512449, 50.81162598134683], [5.685991786094457, 50.81222341657645], [5.684358055003096, 50.81341957152225], [5.680600051904076, 50.812031126524715], [5.679418222622575, 50.81471075615788], [5.678453786081869, 50.81506519802232], [5.678280837348663, 50.81646781755537], [5.67317109653343, 50.815994941521936], [5.672747942634331, 50.816948778800345], [5.669669703756702, 50.817245698974716], [5.669451830582473, 50.817849730163594], [5.668074058105365, 50.81773676187773], [5.667646066663876, 50.81654385604339], [5.666395683654063, 50.81682892089426], [5.6666895333679355, 50.81725825875123], [5.664270157530745, 50.81718650235894], [5.663181654559423, 50.81806545592994], [5.659007603289897, 50.81848109265134], [5.6541778205248985, 50.8199738537945], [5.655162671581745, 50.82096562307334], [5.654337043913639, 50.8212680434389], [5.656453818475783, 50.823157267530654], [5.6555042599683505, 50.823795936892935], [5.6561755740758075, 50.82428917151613], [5.651876152360043, 50.82748354375749], [5.649273204721978, 50.82636027333762], [5.648860012723354, 50.826753944069594], [5.651358323340946, 50.831830636669885], [5.649964770586011, 50.833871851243536], [5.64833209396862, 50.8332177785163], [5.647416815999119, 50.83593196802807], [5.64372941547775, 50.83793578142444], [5.645343451533434, 50.839394771695375], [5.641851548947239, 50.840792855267466], [5.642790687980152, 50.84146690954128], [5.641216241701971, 50.842891406798806], [5.642255287054881, 50.84312458340785], [5.639216717699467, 50.84633358483639], [5.638863911858845, 50.84767422867697], [5.640763844296552, 50.84769671236398], [5.64028475523759, 50.84946531065271], [5.642706286687506, 50.85008031671766], [5.641782458509608, 50.85239476049832], [5.640323808529106, 50.85372477444303], [5.643511430315823, 50.85678359869609], [5.641683383254954, 50.85755463856424], [5.643788403900336, 50.858878442945674], [5.641799635611786, 50.85924773435878], [5.643614307391343, 50.86048275234172], [5.642276530399881, 50.861407331130266], [5.644003221192334, 50.86292029949831], [5.641662551432409, 50.8641614315124], [5.649469949093672, 50.86834340595026], [5.644157159062327, 50.871349762383204], [5.647885695701578, 50.87370781813754], [5.648564110719562, 50.873337501350846], [5.651321238790502, 50.87509163359887], [5.653365299086572, 50.87400123987821], [5.6564402962155835, 50.87656855586163], [5.657905216586682, 50.87666201889659], [5.658594247179934, 50.87618464293061], [5.660934505758307, 50.87736927901675], [5.661675630276412, 50.87866500751545], [5.6658661367592735, 50.87973496521259], [5.669635456007908, 50.88182047086555], [5.673271564176805, 50.88104573330351], [5.675727052810534, 50.880914413881605], [5.679329089521316, 50.88054224602232], [5.679104059054587, 50.883468699562634], [5.682513673145583, 50.888524269868086], [5.686342503439371, 50.89119301427646], [5.6925643940646475, 50.893933296196], [5.696244413499076, 50.89859590013675], [5.697178846353673, 50.902261744540226], [5.695779815165577, 50.9058029518796], [5.696532878508326, 50.90860968265454], [5.698262147766272, 50.91015463165819], [5.70341651997754, 50.911713883294766], [5.706425674452095, 50.91200278924606], [5.709268195054631, 50.91159337873341], [5.714852392513823, 50.90845785732293], [5.7172793156094075, 50.907642941137695], [5.714444236486252, 50.9073222744763], [5.714616936872268, 50.906855714182], [5.713019980382874, 50.9062564069308], [5.7126382380658915, 50.90267238039405], [5.719478334372585, 50.899445141492066], [5.71830671953088, 50.896837460200345], [5.7234655874808995, 50.894561985129975], [5.725230266985844, 50.89092552507702], [5.725424647636718, 50.887274535256104], [5.726540245161608, 50.884147591281284], [5.73246116342428, 50.88352983917482], [5.731478334585451, 50.882900708712015]]]]}, "properties": {"type": "boundary", "gemeente": "Maastricht"}}, {"type": "Feature", "geometry": {"type": "MultiPolygon", "coordinates": [[[[5.7489050877732994, 50.941004801999206], [5.748237954874295, 50.938981335939246], [5.750118038579011, 50.93920314359167], [5.748617620257434, 50.93589099808503], [5.752125510345446, 50.93439523510961], [5.753991134636746, 50.933756627267364], [5.75542364975302, 50.93176650210719], [5.757136118815562, 50.9315948721193], [5.757461860861302, 50.93230196399599], [5.761526238484545, 50.93117685738433], [5.761227184116684, 50.93042762260196], [5.768542278386732, 50.92819098263467], [5.769013449990822, 50.92883272647442], [5.770936736181327, 50.92792792607585], [5.772471419124154, 50.92854008326915], [5.772297848936584, 50.927240743817435], [5.7738228842725645, 50.925560787558176], [5.7736268536609705, 50.923384704962565], [5.771134294948384, 50.919317214439985], [5.769175105157112, 50.91703788281363], [5.7647459048638225, 50.913779693958645], [5.759890214663419, 50.907962914574576], [5.755094742274698, 50.900861743868234], [5.754843803035649, 50.90059244277079], [5.756146496193777, 50.90010631085282], [5.755515666646682, 50.89956570144126], [5.758761095773038, 50.89860842978514], [5.765937514732761, 50.90456894023818], [5.774676364622658, 50.91128443829382], [5.776586516438538, 50.91163095326847], [5.778925140316845, 50.91096072796836], [5.781188766584395, 50.91207747087647], [5.782438999230825, 50.91337633664082], [5.792159771833876, 50.910483400852335], [5.800726055544683, 50.91459792130715], [5.801712991542497, 50.91412995785809], [5.802297715083398, 50.91362260285303], [5.80085320254041, 50.91241543693948], [5.8004523604225495, 50.91024102516466], [5.801001319122796, 50.908754813760574], [5.7984992247381255, 50.90814350576996], [5.796555332504138, 50.907478656330085], [5.802255249312062, 50.90241197196523], [5.798815625831008, 50.90101499188109], [5.8017114530618406, 50.900803426431025], [5.803479486797818, 50.89803716332724], [5.801486626753628, 50.896306418949074], [5.800518356933902, 50.89818044079336], [5.796561799671979, 50.89769666186243], [5.7976250055336145, 50.89517388110534], [5.796771461776434, 50.89174731772132], [5.799840436923394, 50.88567274913021], [5.798370047011297, 50.88285011836624], [5.789508974980535, 50.88257027545623], [5.78909943496368, 50.883888475776416], [5.78675541384281, 50.8835611124719], [5.78544349840454, 50.88244165517785], [5.784185036866141, 50.88240181173432], [5.781582399009756, 50.883627730384525], [5.780402036483502, 50.88274852293894], [5.77766123407576, 50.88372724925607], [5.773845979729009, 50.87899536698759], [5.772701908909472, 50.87682966516767], [5.7728084648005735, 50.87487402975413], [5.773996470367869, 50.874451267360335], [5.772593256964611, 50.87373577471551], [5.774223358874549, 50.87346290711615], [5.773330181291925, 50.872599855461196], [5.773011171376802, 50.87227976125091], [5.770813020264556, 50.87238927411049], [5.766999677795605, 50.87320315833617], [5.764267621931961, 50.86977252414066], [5.765063490250761, 50.86867211099317], [5.764628310540767, 50.86684030918443], [5.762658712609131, 50.86651025657717], [5.759158881896371, 50.86609543952148], [5.755442988373342, 50.8714908466505], [5.749426934642752, 50.870434273787566], [5.748768748242539, 50.871107417998694], [5.746972335390337, 50.87070121583912], [5.7460045154132455, 50.872268011972835], [5.74263735723664, 50.87142070525758], [5.741977904898635, 50.87301274838379], [5.7394139771639, 50.87309837071842], [5.738445611304365, 50.87353424325894], [5.736765617477331, 50.87366091546354], [5.7330430759710564, 50.87506155412625], [5.734942920278545, 50.87893084169394], [5.735931352736102, 50.88215279363522], [5.734314046759629, 50.88279459826763], [5.7325135606973845, 50.8824341554257], [5.731478334585451, 50.882900708712015], [5.73246116342428, 50.88352983917482], [5.726540245161608, 50.884147591281284], [5.725424647636718, 50.887274535256104], [5.725230266985844, 50.89092552507702], [5.7234655874808995, 50.894561985129975], [5.71830671953088, 50.896837460200345], [5.719478334372585, 50.899445141492066], [5.7126382380658915, 50.90267238039405], [5.713019980382874, 50.9062564069308], [5.714616936872268, 50.906855714182], [5.714444236486252, 50.9073222744763], [5.7172793156094075, 50.907642941137695], [5.714852392513823, 50.90845785732293], [5.718923662271027, 50.90781244103384], [5.720379644831459, 50.90807082039287], [5.7245276586580065, 50.910606686325266], [5.726770923627129, 50.91376889590419], [5.727257726739075, 50.915797931042654], [5.725905499493476, 50.92119844162678], [5.726928658276074, 50.92384121877247], [5.732542818509477, 50.93022169026027], [5.740877794242384, 50.935224788735944], [5.7435736225237495, 50.93835533638477], [5.744216203067523, 50.94116920438896], [5.745990951467595, 50.94341100224858], [5.7489050877732994, 50.941004801999206]]]]}, "properties": {"type": "boundary", "gemeente": "Meerssen"}}, {"type": "Feature", "geometry": {"type": "MultiPolygon", "coordinates": [[[[5.932765843211317, 51.74193770486022], [5.9358895917075145, 51.74102786504323], [5.938297549708588, 51.741592399390754], [5.934485559369143, 51.73969775263263], [5.933516907804763, 51.73648625983487], [5.933709110543776, 51.733160511086716], [5.9294965271477675, 51.728163263067756], [5.921324221895503, 51.72182019464875], [5.919468536188002, 51.717670751017764], [5.9120008439063145, 51.7178758373492], [5.899565785803998, 51.72018921573019], [5.893781667170544, 51.72206298660046], [5.8879580509361436, 51.72519147777581], [5.885403152893246, 51.728313499526664], [5.88397819742559, 51.73543664999846], [5.8837808997516, 51.736528988835495], [5.881608468710826, 51.741545311580175], [5.880489986858888, 51.74689143796179], [5.879559565704614, 51.74991295212086], [5.871165363911774, 51.75513762682002], [5.870797878688957, 51.755334923397065], [5.864468022937352, 51.75768112600272], [5.86503904724296, 51.75824916232334], [5.867140746650638, 51.76046155759638], [5.869243875085615, 51.762859875143], [5.867407784004328, 51.76760274158121], [5.867454140578516, 51.7744167414736], [5.8678923968496415, 51.77552043713006], [5.869014482836671, 51.775734726376704], [5.886373732267727, 51.778589822888854], [5.893408414642547, 51.7778522751328], [5.9010931772709, 51.770478212112025], [5.905374897121997, 51.76568313472748], [5.911113668330018, 51.76240496421286], [5.913392336265221, 51.759000316088205], [5.913328443435838, 51.75551431180741], [5.915132594558564, 51.75253587733635], [5.922484764013097, 51.7506147934493], [5.933322220364274, 51.7480978464851], [5.930737159501873, 51.746534452105486], [5.929947249731049, 51.74442773038146], [5.932765843211317, 51.74193770486022]]]]}, "properties": {"type": "boundary", "gemeente": "Mook en Middelaar"}}, {"type": "Feature", "geometry": {"type": "MultiPolygon", "coordinates": [[[[5.850655139967245, 51.291542635243346], [5.83792055660645, 51.279719203667], [5.8394196585853715, 51.277722679745104], [5.833834591764206, 51.27494250727975], [5.834739657977484, 51.2734258669273], [5.842250298367938, 51.26244696154881], [5.8467396569497865, 51.25553029766335], [5.8499254124662645, 51.25659842142826], [5.8549901597112335, 51.25365823764228], [5.855616366817802, 51.24924915287939], [5.853439302869754, 51.244492402334174], [5.85221219817728, 51.243625905586484], [5.849306350045946, 51.245395816050596], [5.845771780467857, 51.245564087550505], [5.840480932169581, 51.24476927288326], [5.835572546501964, 51.241386070694375], [5.832658600464627, 51.2411446878074], [5.8282998046303005, 51.24103059981305], [5.818034856672244, 51.24200405732966], [5.811701808480589, 51.24092943600281], [5.808260014422413, 51.240439666370946], [5.802961283045505, 51.23787005410587], [5.794871255441, 51.23706562654502], [5.791768550684089, 51.237536161855765], [5.7863418130296544, 51.242976511013], [5.782358480278507, 51.247371829795725], [5.777867687026777, 51.25039909634178], [5.7695694234902435, 51.254151567265474], [5.749610655179147, 51.26156562303595], [5.744096058234521, 51.265300364726684], [5.7406646646327175, 51.270248350427856], [5.740574817502274, 51.27036805130792], [5.737069696962149, 51.27630700269325], [5.734050547423826, 51.278944571308934], [5.729611177968695, 51.28118270059274], [5.728843902568596, 51.281419523862404], [5.722140523562379, 51.282822773626094], [5.708872088704908, 51.28356497059434], [5.698056911190073, 51.28285422010846], [5.686565613299049, 51.28071703876269], [5.67451021716453, 51.27704856924945], [5.669039444055268, 51.277325270861], [5.664032553117903, 51.27843348070959], [5.659548368342697, 51.27883751348424], [5.656956784583551, 51.27973089156435], [5.648747166972074, 51.28518941181846], [5.643995028792012, 51.29057478360616], [5.651874478721763, 51.297740976540844], [5.672109279349915, 51.31509345691277], [5.701728812549884, 51.32074319533656], [5.714361748590486, 51.32314695086272], [5.741051694252834, 51.32821442048059], [5.747062976230706, 51.329362119758564], [5.760091533708227, 51.33183754574618], [5.770447366697549, 51.333804222913066], [5.7710597698793125, 51.333920551525225], [5.788250262471874, 51.33718215988142], [5.84019220654494, 51.34687655839136], [5.832074198072544, 51.33804600836935], [5.8404418301566725, 51.330844054620194], [5.852140168488281, 51.3207017129753], [5.859189046171488, 51.31955154705964], [5.877821707907307, 51.31657705003898], [5.860722952387451, 51.310801749774264], [5.850655139967245, 51.291542635243346]]]]}, "properties": {"type": "boundary", "gemeente": "Nederweert"}}, {"type": "Feature", "geometry": {"type": "MultiPolygon", "coordinates": [[[[6.025508491204422, 51.247359889079824], [6.027582484264731, 51.24555212438865], [6.0322148719157935, 51.246942248873765], [6.0383604137570215, 51.24610323384029], [6.043264335545192, 51.247120108063804], [6.051330236645316, 51.25252698561301], [6.054819163715774, 51.25161625284055], [6.06047370748395, 51.247905797173665], [6.062729417255398, 51.24644419821295], [6.072661805350333, 51.2425595988648], [6.086023211941559, 51.222669652965514], [6.08359226132058, 51.22204164005902], [6.07325751944949, 51.222435701773165], [6.070692485695848, 51.222085011905634], [6.067985745528518, 51.220550247558464], [6.068466237506312, 51.21335053697293], [6.069492777553667, 51.21321340930619], [6.070976305759702, 51.200530740240666], [6.073139746107536, 51.18282409095913], [6.066588985137273, 51.18405189713452], [6.06103318738431, 51.18356270485592], [6.055282761581362, 51.18436124952397], [6.054600970374497, 51.17970297836386], [6.057069132662776, 51.175703148098385], [6.048137365590582, 51.17484435902816], [6.05000257603388, 51.17214847614277], [6.060073131437803, 51.17091192828123], [6.0635640875656, 51.16552361680394], [6.056571984957986, 51.16355467201429], [6.054861965353578, 51.16243724237741], [6.055624515152691, 51.162111705185936], [6.047852643616637, 51.1612653680962], [6.040112882583552, 51.16054164336674], [6.0398691264313555, 51.16160025982849], [6.037534760143891, 51.16138772394071], [6.037383113872327, 51.160992309372126], [6.036113172654243, 51.16090432764622], [6.0356447502424855, 51.161414591560714], [6.032476496873329, 51.16087451010273], [6.029456686184686, 51.16112635071269], [6.027622649919936, 51.16208046456991], [6.026074297795593, 51.164022059325035], [6.019065873517197, 51.16434256303604], [6.0147888864524255, 51.165907604491416], [6.013457590719893, 51.16650770968766], [6.007684845254366, 51.16393233533202], [6.006110363564497, 51.16371023341229], [6.005968346127138, 51.16316009822483], [6.001984677662421, 51.162521563630804], [5.99918634678738, 51.16216550743962], [5.999332802948144, 51.164203956601945], [5.997553382476559, 51.16591659874202], [5.997918738871721, 51.168167054945954], [5.99504692499838, 51.168501485804654], [5.99454861242203, 51.16614503502708], [5.991564573563393, 51.167561273138524], [5.991285108101497, 51.16852436267421], [5.992547263737562, 51.170225692375375], [5.9898925383101975, 51.170657247969615], [5.986824030362134, 51.16938612419424], [5.9861783270545015, 51.1703984008194], [5.989018078705894, 51.17345240275671], [5.987688259033841, 51.17519181968647], [5.984662238149672, 51.17469608771933], [5.983564542809799, 51.17622879945995], [5.974735708841115, 51.17089575964897], [5.955475353284671, 51.159043918617805], [5.952512452890945, 51.158822313595344], [5.94715530973753, 51.160176350384596], [5.946975170301887, 51.160719144900035], [5.9425082854528695, 51.16041831405344], [5.9387380823050115, 51.16179978114947], [5.935009374673638, 51.16475701776201], [5.928109491246589, 51.16865001338733], [5.922813753800655, 51.1696600619535], [5.917242774970322, 51.168697370681826], [5.922238587338347, 51.17217583995552], [5.925558984590608, 51.177148718158456], [5.92129867798848, 51.17898189010934], [5.925495428308206, 51.18450756791487], [5.931663455427848, 51.189965797184236], [5.951323347600452, 51.20116449501488], [5.9651452152546875, 51.208769490432864], [5.9711967565782835, 51.21316041337282], [5.980004646936371, 51.22333432361953], [5.9860244143945645, 51.227162302235634], [5.994833918988246, 51.22959745035783], [6.001986813443038, 51.23394581188319], [6.005327526423073, 51.237791565484024], [6.00633594951236, 51.24013998979242], [6.009095937583175, 51.250790258866736], [6.005877927837731, 51.25868247908414], [6.00783781505054, 51.2572467012086], [6.01432794262005, 51.25535178348059], [6.016656319700024, 51.2529561637524], [6.015996248400448, 51.250910700022395], [6.0201679801423555, 51.25041205058166], [6.019726070186333, 51.24969724944544], [6.025508491204422, 51.247359889079824]]]]}, "properties": {"type": "boundary", "gemeente": "Roermond"}}, {"type": "Feature", "geometry": {"type": "MultiPolygon", "coordinates": [[[[5.971427099027699, 50.8578159741057], [5.974070877011701, 50.853763721528686], [5.979160215777089, 50.849322819479426], [5.989523737823471, 50.84416931074], [5.991707240363039, 50.84365363978975], [5.994191719436368, 50.841786814357214], [5.997834402384102, 50.84122489427447], [6.00412840267624, 50.83767723177014], [6.005350040562346, 50.83555277405517], [6.005046865028323, 50.83391337209112], [6.003019711835018, 50.83202499623366], [6.0040842975812945, 50.83141946634088], [6.007494857994298, 50.8317782549591], [6.011462631773232, 50.83076361370513], [6.01521000441258, 50.82726566255393], [6.0170290839382, 50.82570062251376], [6.0160050755849435, 50.825316037954174], [6.016608468202794, 50.82433397468284], [6.015745147118517, 50.82381072859381], [6.017470543173597, 50.82168440277166], [6.020630246968564, 50.819737989588305], [6.022042991675067, 50.82015785640969], [6.023658853751462, 50.81861732227366], [6.023721658047973, 50.81840227362295], [6.0221000775760265, 50.81680916800577], [6.024488175961459, 50.81592283252599], [6.023527545230279, 50.81464898694998], [6.02475703166445, 50.81388758327035], [6.016499212359703, 50.80977932953912], [6.0099933549427424, 50.803987574679375], [6.003691428324442, 50.80147056674806], [5.991383661478427, 50.80804378086606], [5.984988267672826, 50.810448865334486], [5.983516940517137, 50.80972869879353], [5.981916334454777, 50.810856721805926], [5.982924950748816, 50.811436485069045], [5.98055433301268, 50.81298188607396], [5.979521919109168, 50.81457537317974], [5.977957311909196, 50.81490505259893], [5.969417461776974, 50.816857012882686], [5.971828473024895, 50.82117606265362], [5.967903024452214, 50.822351304069564], [5.959486566219173, 50.828230876952276], [5.955542860107577, 50.8353936267909], [5.956945651336388, 50.835841652209], [5.955769036133041, 50.8392729323678], [5.956176221248255, 50.84201494260976], [5.954814838291045, 50.84592317977034], [5.955294189554748, 50.84691976211787], [5.953262441364735, 50.84821652975641], [5.953802039822285, 50.85049259548954], [5.954161016161819, 50.851539132067394], [5.955020274864237, 50.85186401982261], [5.954774828918775, 50.85258545765935], [5.957383613952385, 50.853060337825475], [5.96071871292835, 50.85486960704522], [5.961333587844626, 50.85405013899582], [5.964804789831455, 50.85514485574202], [5.969360925332491, 50.86007953677055], [5.971427099027699, 50.8578159741057]]]]}, "properties": {"type": "boundary", "gemeente": "Simpelveld"}}, {"type": "Feature", "geometry": {"type": "MultiPolygon", "coordinates": [[[[5.787177031622277, 51.019163844628636], [5.781153897861692, 51.01118670557919], [5.774825714529138, 51.00415453621506], [5.779440088834432, 51.002979080840596], [5.789194626366381, 51.00119698497821], [5.786117015169815, 50.994046459353676], [5.783655327263478, 50.99058050891768], [5.782176171880147, 50.98580581509217], [5.7824635033838865, 50.981887688105594], [5.786458286929395, 50.97457049647384], [5.786536587931746, 50.97137245327125], [5.783896356047483, 50.96887902249808], [5.784203556503739, 50.96781179872321], [5.785961852660155, 50.96263032504504], [5.785839786616418, 50.960223626721096], [5.7862665648192895, 50.95466674429855], [5.788106041852192, 50.948606260032285], [5.783322346994934, 50.94604045926503], [5.779952913712975, 50.945339267683075], [5.779337668603602, 50.94439441615858], [5.779169672673129, 50.94381607785722], [5.7837293240927155, 50.942996879626314], [5.783482392486793, 50.94259450186403], [5.783197141250831, 50.942634408906926], [5.7826032835811345, 50.94181388421376], [5.779228894969355, 50.93924119352356], [5.778531839579915, 50.93649528971498], [5.777671575231098, 50.93418228464669], [5.77855034372039, 50.933817208188245], [5.777234457328043, 50.933010158736366], [5.7779178081919245, 50.93268932626745], [5.775056347216635, 50.93114775932368], [5.772471419124154, 50.92854008326915], [5.770936736181327, 50.92792792607585], [5.769013449990822, 50.92883272647442], [5.768542278386732, 50.92819098263467], [5.761227184116684, 50.93042762260196], [5.761526238484545, 50.93117685738433], [5.757461860861302, 50.93230196399599], [5.757136118815562, 50.9315948721193], [5.75542364975302, 50.93176650210719], [5.753991134636746, 50.933756627267364], [5.752125510345446, 50.93439523510961], [5.748617620257434, 50.93589099808503], [5.750118038579011, 50.93920314359167], [5.748237954874295, 50.938981335939246], [5.7489050877732994, 50.941004801999206], [5.745990951467595, 50.94341100224858], [5.7458757615705025, 50.94649572330759], [5.746586661256539, 50.947303414355765], [5.75157519386792, 50.94924208751295], [5.7556656268131166, 50.949841192001315], [5.758106391308771, 50.950750351600554], [5.759183670497681, 50.9525419711062], [5.758008563892492, 50.955505961965954], [5.756046577375918, 50.9577231203264], [5.752838668713039, 50.959656641246575], [5.750521383044187, 50.9607408905915], [5.74622524874436, 50.96164481668713], [5.742034944486586, 50.96056010405525], [5.740019058758071, 50.959195823590264], [5.739012049752223, 50.95743437622686], [5.734157884342386, 50.955450983682454], [5.731239095684465, 50.95487631812937], [5.725322209408167, 50.95555820588981], [5.722010526493054, 50.95713458596776], [5.719901616094627, 50.959587428272584], [5.720125713625627, 50.96242123547801], [5.724271067413385, 50.96621062343979], [5.725665447845177, 50.96668539173907], [5.728543009390554, 50.969873378205506], [5.7331591834674995, 50.971824110075154], [5.735386916211149, 50.9743723257397], [5.736375581736078, 50.977914819529616], [5.737293447166435, 50.978690932165975], [5.739777038373863, 50.97979828502784], [5.74664350230028, 50.98066429050285], [5.749882157776584, 50.98253655077484], [5.751494395713212, 50.98414103560287], [5.752643949591582, 50.986721979638006], [5.755130246611251, 50.988980198369035], [5.75501666447146, 50.99011531129342], [5.759136230185446, 50.993166239188966], [5.766085120422725, 50.99768777027123], [5.767670901899703, 51.00065375840702], [5.767436279254093, 51.00435490447029], [5.766067415902137, 51.006912310700464], [5.76600456494795, 51.0089971161467], [5.767490866463904, 51.01325494228097], [5.773404416814653, 51.01899906887987], [5.782632603767427, 51.01865297021295], [5.786281963237482, 51.01912975066516], [5.787177031622277, 51.019163844628636]]]]}, "properties": {"type": "boundary", "gemeente": "Stein (L.)"}}, {"type": "Feature", "geometry": {"type": "MultiPolygon", "coordinates": [[[[5.975740604963969, 50.802351699536736], [5.9749150554194514, 50.79801296168297], [5.977212973505921, 50.79668743028822], [5.979152552987604, 50.796313050594726], [5.979882531662482, 50.79520074324522], [5.983509627304739, 50.79486212291587], [5.985006968761169, 50.79482592061927], [5.985773729877912, 50.7938423411043], [5.988268249819464, 50.794048811248004], [5.995868780825939, 50.79006938184852], [5.9958093815273, 50.78745816167949], [5.997454589618806, 50.786565326034356], [5.998508069171451, 50.78698184275528], [6.000727930519425, 50.78521910679959], [6.00215823932221, 50.78417407753464], [6.005530621183825, 50.783356631276035], [6.006555672055791, 50.7819144749178], [6.010038303599718, 50.780428980200874], [6.017411726160704, 50.77856038328606], [6.01760954168741, 50.77802853956347], [6.02020882609398, 50.777100457705195], [6.020332225781759, 50.77648717215631], [6.02608044569849, 50.77553743808315], [6.027863848498091, 50.77383247648376], [6.018359971488971, 50.76335577951431], [6.020988090581837, 50.75429370682289], [6.017350379525788, 50.75501331054377], [6.013963937071096, 50.75505450409366], [6.004309825693267, 50.7537874958669], [6.002557684103795, 50.75411313312029], [5.999276663950226, 50.753024811955186], [5.9979137387893, 50.75365567673914], [5.996531209262911, 50.753804546700536], [5.9933706621745895, 50.752758902638035], [5.984521701777691, 50.75339547952618], [5.983189272805549, 50.75281875674146], [5.979334150561704, 50.75463128736231], [5.976494280925274, 50.75435195917128], [5.974145809448201, 50.75522573829067], [5.975117080612742, 50.75788741577244], [5.972607313616432, 50.759718963912015], [5.969204130226171, 50.760600261117595], [5.960963042945349, 50.76153732647513], [5.960662294905355, 50.76247410357605], [5.9590064862205, 50.762365737699625], [5.953581708248011, 50.76014036800963], [5.9517054694494105, 50.76054727284483], [5.946491693611038, 50.759817351402035], [5.9440820266891805, 50.758425825665334], [5.938968399749985, 50.757937667115776], [5.935756664332074, 50.756978329914325], [5.934548922806441, 50.75848715650987], [5.933050409888522, 50.75877669305357], [5.9320459094329125, 50.75812457186243], [5.93018746424953, 50.75900181199035], [5.929906196268193, 50.75978622359479], [5.931054691753428, 50.75993735206943], [5.932140878145709, 50.760885551537456], [5.931036699857231, 50.76092808041767], [5.931336121499083, 50.761493619672606], [5.930522550043605, 50.76202965925883], [5.929981289070711, 50.761948449130145], [5.929875831528778, 50.76210979016953], [5.9300828852555085, 50.76265010328222], [5.927954345707308, 50.76247710528713], [5.927171041382374, 50.76381124147264], [5.926783116579121, 50.763107657746], [5.925050143930006, 50.76368373697727], [5.925604349869986, 50.76388789914092], [5.924515506387913, 50.76689004363604], [5.9205401507447775, 50.76933205429743], [5.921903996987012, 50.77335312949484], [5.923868890540896, 50.7752358959182], [5.930897923298694, 50.7751243575743], [5.934029950362672, 50.77358926772305], [5.935928773755879, 50.77145981328052], [5.937744439397793, 50.77136756367806], [5.94113662443969, 50.771994570182635], [5.943311586509393, 50.77305229901736], [5.944076233116441, 50.77574405345121], [5.944913204040721, 50.78160794488548], [5.942006984625204, 50.79047806575042], [5.943390751932767, 50.79383190057337], [5.945498830766137, 50.79560030492834], [5.95170255387093, 50.79384708441533], [5.957846486218237, 50.798117574267046], [5.96106248644013, 50.80039508628455], [5.964807728223118, 50.80241761433274], [5.969103052620836, 50.80127127188384], [5.976679660451236, 50.803368958559794], [5.975740604963969, 50.802351699536736]]]]}, "properties": {"type": "boundary", "gemeente": "Vaals"}}, {"type": "Feature", "geometry": {"type": "MultiPolygon", "coordinates": [[[[6.213359490912527, 51.5078166731345], [6.214099231820321, 51.50328945313103], [6.212761802388331, 51.491307148111886], [6.21797364945806, 51.485024514019614], [6.2185129399225465, 51.484340449695004], [6.2190301661208816, 51.48498226822762], [6.223554854900947, 51.47496390498966], [6.223330509926633, 51.47216697645704], [6.2228909032551485, 51.46942763868546], [6.223674027990641, 51.46871385840478], [6.222293307671343, 51.46616132616938], [6.2219227138805655, 51.46058379447963], [6.220121213545246, 51.45551861459717], [6.220591570426061, 51.44664529955569], [6.214105761508302, 51.44652678991365], [6.214759602981371, 51.4338798098138], [6.20686381044761, 51.405332728858944], [6.205255202736065, 51.39951926165907], [6.211360782080299, 51.40092474837651], [6.226666318508872, 51.400267193968006], [6.226030950150419, 51.39953079813789], [6.226767563658139, 51.39937339979521], [6.224320260872079, 51.397104226343714], [6.214422964022365, 51.389633471389274], [6.216365671791368, 51.388831684120596], [6.214740851096402, 51.387514919466696], [6.216297028380333, 51.38410480056627], [6.220797386524272, 51.37351482655637], [6.226388287529816, 51.36033549723912], [6.224764343629542, 51.359407874570024], [6.19725161641675, 51.34369038658037], [6.192576160245567, 51.341012633830175], [6.189879956140256, 51.33946092099693], [6.194234689479203, 51.334878484702], [6.188302035017605, 51.33506769153459], [6.178569352233366, 51.333331642715365], [6.169005136575499, 51.33301349078579], [6.168156409167734, 51.33232174670952], [6.169269913846903, 51.32973658526927], [6.164185775602407, 51.325551661134526], [6.159588166818507, 51.31969092697549], [6.159418640981711, 51.315641672563416], [6.158827051716414, 51.315151248302186], [6.154237902309974, 51.31111425394142], [6.153822037888999, 51.30744783342449], [6.145142919105575, 51.298115687731126], [6.129009160730902, 51.285702089320225], [6.124756167616274, 51.277549647750604], [6.124550914834432, 51.27981797045591], [6.122854991462423, 51.280608950162645], [6.1200558674476975, 51.285112402578356], [6.114460201482495, 51.289175025390925], [6.107006564455885, 51.291468971762214], [6.10315040806275, 51.28870009175609], [6.093295720695759, 51.29543590545928], [6.092908155645705, 51.29540275804312], [6.090557778792105, 51.29479448188028], [6.0874304905595, 51.2950414514603], [6.084715145615054, 51.29745403373466], [6.089136728300714, 51.29923971751388], [6.0922801199891, 51.30132187032149], [6.100451475851762, 51.30721383363574], [6.106033217187375, 51.31228676177564], [6.1078134204016905, 51.31440485476725], [6.109331988402162, 51.31618016751379], [6.115387596725818, 51.32199920172378], [6.11743126922424, 51.32699149934501], [6.118198361431284, 51.32992465481021], [6.117062408420707, 51.33376778262976], [6.1166555325533265, 51.33910932808002], [6.118793987130755, 51.34101677927437], [6.123251430171058, 51.343369347523705], [6.119593466339048, 51.346478307934106], [6.1187710716544705, 51.345930932973815], [6.112465119722975, 51.35162397572163], [6.107098187873387, 51.35600235438565], [6.101836217801485, 51.35679460643323], [6.099634289213632, 51.3571316181889], [6.094940335214623, 51.36559965908714], [6.09493708692168, 51.365604837588485], [6.090757494439066, 51.37148284126318], [6.087191149680767, 51.37165710249102], [6.077585387960776, 51.37817226124311], [6.090430256707066, 51.38589733199186], [6.0901195964839845, 51.38909225456082], [6.087599269090186, 51.389541198633665], [6.084215156436551, 51.39172151692152], [6.077362719850851, 51.39428027043839], [6.074368317827723, 51.393908616862106], [6.073124182653538, 51.39572861301989], [6.072075356442365, 51.398302258062685], [6.0719029339940835, 51.40162572836276], [6.074009751659515, 51.40546447150823], [6.073363960102667, 51.406105034466435], [6.076861789149601, 51.40965463765643], [6.077609529742325, 51.419609063650434], [6.077694153177287, 51.42017009154939], [6.081815480440608, 51.420581242688556], [6.101755683773562, 51.41955334515614], [6.107640174809473, 51.42024739034058], [6.108957498782146, 51.419425408155895], [6.109477557179393, 51.420464035327726], [6.116190315726904, 51.42125526818985], [6.1208020299467, 51.41714959348832], [6.121944374307131, 51.415858337604384], [6.124503275530905, 51.41544000174669], [6.124553930493543, 51.41479981873745], [6.127731098481242, 51.41478525664108], [6.128195923329926, 51.41389028946975], [6.131168657358299, 51.41470366806113], [6.132604997036839, 51.41377848566393], [6.134089127714538, 51.41613560478312], [6.135268853782132, 51.41610845172812], [6.140778209813944, 51.39486122921807], [6.1530395201947705, 51.39592447159414], [6.148993301325441, 51.407774334923225], [6.149646304950577, 51.411216454999966], [6.151373599386487, 51.41461152553535], [6.156822708234424, 51.41911902218436], [6.158377631694916, 51.42272568812768], [6.157825611448048, 51.42666642582306], [6.154609676686616, 51.434700754742884], [6.154353120596681, 51.43536689399307], [6.154261909698734, 51.44008271820987], [6.1568749689642495, 51.444931435807455], [6.164843287414114, 51.45256920049487], [6.1760408004232765, 51.46146566107861], [6.178638487968486, 51.46580668092952], [6.1786868251244345, 51.4703842424715], [6.177607335892931, 51.473828833007836], [6.174636066694189, 51.477275026106405], [6.170534150949963, 51.48120558076311], [6.167105836999425, 51.485787421308544], [6.166555733024112, 51.4881951956247], [6.1665998886828355, 51.489794514975785], [6.169224382702936, 51.49923173660061], [6.169191599724305, 51.50308066092987], [6.188360728174702, 51.505079990479864], [6.204042909289362, 51.504311947923604], [6.213359490912527, 51.5078166731345]]]]}, "properties": {"type": "boundary", "gemeente": "Venlo"}}, {"type": "Feature", "geometry": {"type": "MultiPolygon", "coordinates": [[[[6.018210532356849, 51.56333395094243], [6.031667340647387, 51.552338086674034], [6.033686206046101, 51.55544673677392], [6.03273370589898, 51.556684474313144], [6.034319114612897, 51.55749652878666], [6.037306399023765, 51.55814853407539], [6.040911396168515, 51.55662970510562], [6.044326218286334, 51.557446779732736], [6.042864634019179, 51.558693881541295], [6.044580449225957, 51.559014552663655], [6.046423572065401, 51.55764026873662], [6.048119255368445, 51.55846179801635], [6.05650804116122, 51.55757977171624], [6.062130362497513, 51.55587435995838], [6.073755931268523, 51.54924151929753], [6.080716054855142, 51.54693722816884], [6.104589256513478, 51.54821532129894], [6.108327329365827, 51.547608425327034], [6.1119148508040535, 51.546254104482024], [6.113820943353524, 51.544327302747476], [6.114629652336809, 51.54205257966661], [6.116055190971686, 51.53729009375435], [6.1196809272895445, 51.531844131563595], [6.131204018582452, 51.525846245275986], [6.141092283119485, 51.51951863158296], [6.131996622725932, 51.51147251635593], [6.126869057823921, 51.51437903168098], [6.1219893059295085, 51.51017557629594], [6.114647122192879, 51.51454233161094], [6.106610384921495, 51.518300744958985], [6.107122376520051, 51.52179427686862], [6.1009989392924995, 51.52271333392699], [6.09562691862216, 51.521595105875136], [6.093770211934333, 51.5227196908145], [6.087167506224888, 51.52356528835141], [6.079926860833716, 51.52295165722528], [6.076762750582636, 51.524776531052275], [6.066772112821828, 51.523692897873914], [6.064600412564066, 51.51606558178966], [6.066257485497198, 51.50794670461928], [6.072702615886494, 51.497262316433925], [6.0737540760115, 51.495171857271025], [6.068079637327758, 51.48836886846816], [6.068392170304307, 51.487898946419214], [6.0638876765783305, 51.48805334132879], [6.061655544474881, 51.48727019058912], [6.059187787718134, 51.48843213408544], [6.0494716156560076, 51.49040353030239], [6.039940736220859, 51.48791514589361], [6.0397921809643025, 51.486389492535466], [6.036192593091325, 51.484719480645566], [6.035207478366842, 51.48234762948397], [6.030209011651994, 51.479848510933614], [6.0247397470291695, 51.479700967816434], [6.013267671301885, 51.47699160694175], [5.9943510823945045, 51.475245729979974], [5.991878045632969, 51.47451037889865], [5.991865817519501, 51.47450654920573], [5.982027541183924, 51.471402345070516], [5.952941747851673, 51.46352733359874], [5.9414427483889956, 51.461045828985114], [5.916380683815455, 51.455625080039525], [5.874964383649027, 51.44655721460421], [5.8716937122902495, 51.45011146112321], [5.8606955402294645, 51.492006021180515], [5.852572421603483, 51.504143923476626], [5.85101761163076, 51.51084356459049], [5.847684814172532, 51.52529472992202], [5.838237327944308, 51.5664140788781], [5.870891159710883, 51.56264359701911], [5.891464825880298, 51.56020405058703], [5.906661225379617, 51.55203022764779], [5.917839324659878, 51.55264055183332], [5.935443512275843, 51.55359952005473], [5.952379946313133, 51.5569726288751], [5.973385350447129, 51.56106262509619], [5.991268385000795, 51.56608463166957], [6.003051184092006, 51.56985075872736], [6.004251398992396, 51.57024279414073], [6.005097603103311, 51.56982427621247], [6.011517953125634, 51.56664840989014], [6.011518024753619, 51.566648374451034], [6.018210532356849, 51.56333395094243]]]]}, "properties": {"type": "boundary", "gemeente": "Venray"}}, {"type": "Feature", "geometry": {"type": "MultiPolygon", "coordinates": [[[[5.925295336251769, 50.90394854969181], [5.925483120416113, 50.902608380838835], [5.928694410330178, 50.90054799986966], [5.938903938638689, 50.890330463221986], [5.946396382267642, 50.884208640276746], [5.952627009008414, 50.877881485926956], [5.954027046096072, 50.87650252235404], [5.961595251424946, 50.86957504251647], [5.96873813374436, 50.86092878914534], [5.9693609253324915, 50.860079536770485], [5.9648047898314545, 50.85514485574194], [5.961333587844626, 50.85405013899582], [5.96071871292835, 50.85486960704517], [5.957383613952595, 50.85306033782542], [5.954774828918986, 50.85258545765935], [5.955020274864237, 50.85186401982261], [5.954161016161819, 50.851539132067394], [5.953802039822285, 50.85049259548954], [5.953262441364734, 50.84821652975638], [5.955294189554748, 50.84691976211787], [5.954814838291045, 50.84592317977034], [5.950890837169714, 50.844568629551404], [5.946800308184746, 50.84468535605133], [5.946365985765573, 50.84442652394573], [5.94610705855578, 50.844286313923334], [5.945345380913902, 50.843893009487125], [5.940412542238252, 50.841514804069824], [5.935805575110375, 50.840135865820706], [5.933185833885071, 50.839659992432786], [5.929607219827431, 50.8402467631992], [5.929107105352347, 50.84304176210181], [5.925000988539979, 50.84884035160419], [5.916167977129844, 50.84881802900661], [5.903256472146867, 50.845705250915756], [5.898770261952726, 50.84335005781926], [5.891588065529408, 50.84284612171659], [5.891244418399855, 50.84274629274479], [5.889455397515694, 50.84521021265694], [5.8879911462479955, 50.847032935461776], [5.883670256374085, 50.851676702173336], [5.876640254225824, 50.855027015686595], [5.875725967816241, 50.855526682374624], [5.876637773059171, 50.85658722924343], [5.874305773069116, 50.85724256262093], [5.869031226551938, 50.856678834543345], [5.869480279873397, 50.8584129488924], [5.87130265123961, 50.86087588281647], [5.8714216076719214, 50.86301175290908], [5.873102083155733, 50.86466013466943], [5.871331001565808, 50.86780952992662], [5.870406542332642, 50.86771620501515], [5.8701400955171215, 50.86864070135877], [5.869060231315891, 50.868756163810104], [5.87066954872497, 50.87075444107132], [5.86912992053605, 50.87219556078508], [5.870066916532403, 50.873018314726735], [5.865347516433893, 50.87584012655732], [5.863890050562943, 50.87709520406761], [5.8627925216292285, 50.879743058301614], [5.861838045942394, 50.879940742175734], [5.862749417346711, 50.88018204077073], [5.861616814223768, 50.882417075171034], [5.871454393678141, 50.883458723016034], [5.880784820289774, 50.88252961448404], [5.8858581824466505, 50.884304505148314], [5.887096977954018, 50.883717761813394], [5.888596481591948, 50.88434487987817], [5.889603602104291, 50.88563592218385], [5.8904600165398, 50.88507639678387], [5.894005658818404, 50.8856014663431], [5.890388404587689, 50.888412517357196], [5.903664438986027, 50.894237882040365], [5.901570663586583, 50.89579290568565], [5.914705406982662, 50.901721129766585], [5.913390996791367, 50.90272443550775], [5.917240422541209, 50.90426402808443], [5.920541703052796, 50.903063146888165], [5.923403273673978, 50.90440519938078], [5.924178921059178, 50.90484374400152], [5.925295336251769, 50.90394854969181]]]]}, "properties": {"type": "boundary", "gemeente": "Voerendaal"}}, {"type": "Feature", "geometry": {"type": "MultiPolygon", "coordinates": [[[[5.669039444055268, 51.277325270861], [5.67451021716453, 51.27704856924945], [5.686565613299049, 51.28071703876269], [5.698056911190073, 51.28285422010846], [5.708872088704908, 51.28356497059434], [5.722140523562379, 51.282822773626094], [5.728843902568596, 51.281419523862404], [5.729611177968695, 51.28118270059274], [5.734050547423826, 51.278944571308934], [5.737069696962149, 51.27630700269325], [5.740574817502274, 51.27036805130792], [5.7406646646327175, 51.270248350427856], [5.744096058234521, 51.265300364726684], [5.749610655179147, 51.26156562303595], [5.7695694234902435, 51.254151567265474], [5.777867687026777, 51.25039909634178], [5.782358480278507, 51.247371829795725], [5.7863418130296544, 51.242976511013], [5.791768550684089, 51.237536161855765], [5.790049253567448, 51.23649789620731], [5.789736349785799, 51.23388245532017], [5.7817652337017975, 51.220138014404334], [5.775843775129324, 51.21900521070545], [5.774777147302334, 51.21800170970104], [5.774579688007752, 51.215928673187484], [5.773186904326065, 51.21512781885675], [5.768513134110002, 51.21484627543504], [5.764391965128772, 51.215878589427895], [5.760650238733143, 51.21646916699398], [5.756865295963227, 51.216142580171095], [5.755262998396902, 51.21543782009158], [5.751774889803036, 51.21361031701392], [5.75083513756187, 51.20967872351326], [5.74920627469934, 51.20847623548375], [5.751542457949871, 51.20750278791131], [5.753342693085912, 51.207941445219944], [5.755855356063861, 51.206829331137264], [5.752907961862375, 51.20517848470225], [5.753640817621952, 51.20318407432861], [5.751825602657028, 51.20008741367659], [5.745818340024764, 51.193844983695705], [5.747367487486195, 51.192423229499106], [5.746835756161766, 51.192439798569175], [5.746545774556432, 51.190556910113884], [5.745696940310687, 51.1905741850174], [5.745640040315932, 51.189498309586256], [5.743280973032057, 51.18825971650415], [5.743073946503045, 51.18753405484589], [5.7421791629665355, 51.18765800915073], [5.740097116909465, 51.186550773287266], [5.739633195847406, 51.18475540745727], [5.738506294999655, 51.186396054078244], [5.733858601976137, 51.18620632584252], [5.733479867227201, 51.18531765307754], [5.729933918155893, 51.1849739238454], [5.729534438256479, 51.185523046798004], [5.726542509130362, 51.185483032833666], [5.726760899519047, 51.18495768149551], [5.725428883583505, 51.184668039276694], [5.725189301468505, 51.18526774230448], [5.717782334835879, 51.18437840919821], [5.714477958930914, 51.18350821486655], [5.709338199621975, 51.180420101167414], [5.708002734128207, 51.18205409870044], [5.701287077057738, 51.18247776472373], [5.701610304572706, 51.183792401551166], [5.696435108482983, 51.183936457496195], [5.695293812627251, 51.18255836172392], [5.6917638306317935, 51.183640128639034], [5.6896941517859405, 51.18537606309208], [5.687870548726677, 51.185399676010455], [5.6872153373611205, 51.184766222123045], [5.682834570746492, 51.18392870923979], [5.681155951859796, 51.18444455069371], [5.680493154961787, 51.18348099782793], [5.676540098667869, 51.18272499174006], [5.676358619149792, 51.18442819192395], [5.672468451718794, 51.18559952643817], [5.6644941797477815, 51.18629381215976], [5.65804273970612, 51.18474445023704], [5.649739019744305, 51.19361711916748], [5.654082210995153, 51.19424110880573], [5.652732806815967, 51.197660389662616], [5.646466629984409, 51.19994349737041], [5.583142577077121, 51.21654740315923], [5.566044036433282, 51.220908807137825], [5.594319333652198, 51.226073047145334], [5.59441314289956, 51.224179755222465], [5.602194376132078, 51.22585537103575], [5.618780315704083, 51.22942460428177], [5.623465938153279, 51.24899719612184], [5.623479144688221, 51.2491080619745], [5.6259705472731, 51.27360086431536], [5.643995028792012, 51.29057478360616], [5.648747166972074, 51.28518941181846], [5.656956784583551, 51.27973089156435], [5.659548368342697, 51.27883751348424], [5.664032553117903, 51.27843348070959], [5.669039444055268, 51.277325270861]]]]}, "properties": {"type": "boundary", "gemeente": "Weert"}}, {"type": "Feature", "geometry": {"type": "MultiPolygon", "coordinates": [[[[5.832715170529552, 50.885773582648675], [5.833594657613957, 50.88240266890508], [5.834935561729211, 50.88232522913146], [5.834685720684198, 50.880647945710805], [5.835828211620877, 50.881513830921705], [5.841990506558187, 50.882428125391485], [5.850127777605879, 50.88366649437436], [5.85166353407476, 50.88219935273788], [5.856976114551259, 50.881914964788066], [5.86161681422377, 50.882417075171084], [5.862749417346711, 50.88018204077073], [5.861838045942394, 50.879940742175734], [5.8627925216292285, 50.879743058301614], [5.863890050562943, 50.87709520406766], [5.865347516433893, 50.87584012655732], [5.870066916532403, 50.873018314726735], [5.86912992053605, 50.87219556078508], [5.87066954872497, 50.87075444107132], [5.869060231315891, 50.868756163810104], [5.8701400955171215, 50.86864070135877], [5.870406542332642, 50.86771620501515], [5.871331001565808, 50.86780952992662], [5.873102083155733, 50.86466013466943], [5.8714216076719214, 50.86301175290908], [5.87130265123961, 50.86087588281647], [5.869480279873398, 50.858412948892486], [5.869031226551938, 50.856678834543345], [5.874305773069116, 50.85724256262093], [5.876637773059171, 50.8565872292435], [5.875725967816242, 50.85552668237467], [5.876640254225824, 50.855027015686595], [5.883670256374085, 50.851676702173336], [5.8879911462479955, 50.847032935461776], [5.885121409603648, 50.847481716281116], [5.88138534571676, 50.846686352824456], [5.8761541980279315, 50.846298832486426], [5.8756449561257424, 50.84711079415654], [5.874763852848255, 50.84668279795333], [5.874839632572191, 50.84537641924498], [5.8775773564328055, 50.84131830070621], [5.876548836523494, 50.84023999173289], [5.873950106760142, 50.83792277956597], [5.87108589637014, 50.83651733803905], [5.870257721667547, 50.83653421870818], [5.871001456312691, 50.83829236195584], [5.867121053847773, 50.83866410221967], [5.866212212863437, 50.83871112356498], [5.865929060950657, 50.83757396518137], [5.859459526842205, 50.83368351503762], [5.857419735345737, 50.83210837829384], [5.853921928010232, 50.83173626797807], [5.853507785802517, 50.8325509472644], [5.84991760310451, 50.831953592311045], [5.844932842627604, 50.83345327651731], [5.844005205707293, 50.833716439674454], [5.843253852147174, 50.83317592711917], [5.836089432499873, 50.83596165441171], [5.836457566517591, 50.832727293502884], [5.837363112616134, 50.83135744526176], [5.836283557186179, 50.829997580308024], [5.83174338651629, 50.829548251833366], [5.827304538948701, 50.82998733123221], [5.823608406394952, 50.83035744619899], [5.820890968671905, 50.83238181276607], [5.821237623761578, 50.838760676404675], [5.818427075808947, 50.83938253987573], [5.812868416056533, 50.84123083682671], [5.810819485403624, 50.840482669619206], [5.807827551371442, 50.84147421675117], [5.805299747849492, 50.843426592571895], [5.801636284522763, 50.84987474616548], [5.800665634023223, 50.848350118238734], [5.797418047647764, 50.84839568846331], [5.795030619365062, 50.84856988210069], [5.791383300227566, 50.849870925252084], [5.782701096816197, 50.84924873222853], [5.780417001783488, 50.84945344323476], [5.779404161883828, 50.850210123855426], [5.778779121500834, 50.85230427614886], [5.775790711687414, 50.85339388018146], [5.774611835110119, 50.85257170452737], [5.770751286248503, 50.852395252040715], [5.769030861476922, 50.85296051120643], [5.764180611541635, 50.85454556901152], [5.757338695861345, 50.85529045131003], [5.749327383715425, 50.857052815670606], [5.752940558269469, 50.85851546160501], [5.752877171639823, 50.85945218930585], [5.76292310778857, 50.86413773247746], [5.762658712609131, 50.86651025657717], [5.764628310540767, 50.86684030918443], [5.765063490250761, 50.86867211099317], [5.764267621931961, 50.86977252414066], [5.766999677795605, 50.87320315833617], [5.770813020264556, 50.87238927411049], [5.773011171376802, 50.87227976125091], [5.773330181291925, 50.872599855461196], [5.774223358874549, 50.87346290711615], [5.772593256964611, 50.87373577471551], [5.773996470367869, 50.874451267360335], [5.7728084648005735, 50.87487402975413], [5.772701908909472, 50.87682966516767], [5.773845979729009, 50.87899536698759], [5.77766123407576, 50.88372724925607], [5.780402036483502, 50.88274852293894], [5.781582399009756, 50.883627730384525], [5.784185036866141, 50.88240181173432], [5.78544349840454, 50.88244165517785], [5.78675541384281, 50.8835611124719], [5.78909943496368, 50.883888475776416], [5.789508974980535, 50.88257027545623], [5.798370047011297, 50.88285011836624], [5.799840436923394, 50.88567274913021], [5.802365482472157, 50.88707867261045], [5.8098642602749155, 50.887847207030056], [5.814079833647857, 50.88607322480058], [5.81498814383313, 50.886238739796426], [5.817272871352913, 50.8847759565364], [5.819137719167427, 50.88386690908503], [5.820230334796533, 50.88543762285208], [5.824225098437513, 50.886997130813256], [5.827763790459823, 50.88954422938606], [5.833226984856229, 50.89218849872321], [5.836646072134001, 50.89159963609913], [5.832715170529552, 50.885773582648675]]]]}, "properties": {"type": "boundary", "gemeente": "Valkenburg aan de Geul"}}, {"type": "Feature", "geometry": {"type": "MultiPolygon", "coordinates": [[[[6.076762750582637, 51.52477653105235], [6.079926860833718, 51.52295165722529], [6.087167506224888, 51.52356528835141], [6.093770211934335, 51.52271969081457], [6.095626918621948, 51.52159510587522], [6.1009989392924995, 51.52271333392699], [6.107122376520051, 51.52179427686862], [6.106610384921497, 51.51830074495907], [6.114647122192879, 51.51454233161094], [6.1219893059295085, 51.51017557629594], [6.126869057823921, 51.51437903168098], [6.131996622725934, 51.51147251635601], [6.141092283119485, 51.51951863158296], [6.146298326046585, 51.51688003424812], [6.157783496182383, 51.5136191595854], [6.161667754592276, 51.511882345622226], [6.1666390900885615, 51.50786263962535], [6.169191599724305, 51.50308066092987], [6.169224382702936, 51.49923173660061], [6.1665998886828355, 51.489794514975785], [6.166555733024112, 51.4881951956247], [6.167105836999425, 51.485787421308544], [6.170534150949963, 51.48120558076311], [6.174636066694189, 51.477275026106405], [6.177607335892931, 51.473828833007836], [6.1786868251244345, 51.4703842424715], [6.178638487968486, 51.46580668092952], [6.1760408004232765, 51.46146566107861], [6.164843287414114, 51.45256920049487], [6.1568749689642495, 51.444931435807455], [6.154261909698734, 51.44008271820987], [6.154353120596681, 51.43536689399307], [6.154609676686616, 51.434700754742884], [6.157825611448048, 51.42666642582306], [6.158377631694916, 51.42272568812768], [6.156822708234424, 51.41911902218436], [6.151373599386487, 51.41461152553535], [6.149646304950577, 51.411216454999966], [6.148993301325441, 51.407774334923225], [6.1530395201947705, 51.39592447159414], [6.140778209813944, 51.39486122921807], [6.135268853782132, 51.41610845172812], [6.134089127714538, 51.41613560478312], [6.132604997036839, 51.41377848566393], [6.131168657358299, 51.41470366806113], [6.128195923329926, 51.41389028946975], [6.127731098481242, 51.41478525664108], [6.124553930493543, 51.41479981873745], [6.124503275530905, 51.41544000174669], [6.121944374307131, 51.415858337604384], [6.1208020299467, 51.41714959348832], [6.116190315726904, 51.42125526818985], [6.109477557179393, 51.420464035327726], [6.108957498782146, 51.419425408155895], [6.107640174809473, 51.42024739034058], [6.101755683773562, 51.41955334515614], [6.081815480440608, 51.420581242688556], [6.077694153177287, 51.42017009154939], [6.077609529742325, 51.419609063650434], [6.076861789149601, 51.40965463765643], [6.073363960102667, 51.406105034466435], [6.074009751659515, 51.40546447150823], [6.0719029339940835, 51.40162572836276], [6.072075356442365, 51.398302258062685], [6.073124182653538, 51.39572861301989], [6.07009709734444, 51.395153186276744], [6.035821298788175, 51.38652073146485], [6.018763884914027, 51.38225610409946], [6.006854852108838, 51.37997437039016], [5.989831210182687, 51.37822059158233], [5.982107289489745, 51.378148535000555], [5.95789480952123, 51.37804935251617], [5.947325488731129, 51.38313347433352], [5.931285689795616, 51.3847521341652], [5.9200003422258956, 51.39788960514145], [5.90290600361857, 51.41661444213445], [5.879915149604409, 51.44124696822497], [5.878735650942234, 51.44251277143821], [5.876589839309986, 51.444815296845164], [5.874964383649027, 51.44655721460421], [5.916380683815455, 51.455625080039525], [5.9414427483889956, 51.461045828985114], [5.952941747851673, 51.46352733359874], [5.982027541183924, 51.471402345070516], [5.991865817519502, 51.4745065492058], [5.991878045632969, 51.47451037889865], [5.9943510823945045, 51.475245729979974], [6.013267671301885, 51.47699160694175], [6.0247397470291695, 51.479700967816434], [6.030209011651779, 51.479848510933614], [6.035207478366842, 51.48234762948397], [6.03619259309111, 51.484719480645595], [6.039792180964304, 51.486389492535544], [6.03994073622086, 51.48791514589366], [6.049471615655792, 51.49040353030238], [6.059187787718134, 51.48843213408544], [6.061655544474883, 51.48727019058923], [6.063887676578331, 51.48805334132887], [6.068392170304307, 51.487898946419214], [6.068079637327758, 51.48836886846816], [6.0737540760115, 51.495171857271025], [6.072702615886495, 51.49726231643398], [6.066257485497198, 51.50794670461928], [6.064600412564066, 51.51606558178966], [6.066772112821827, 51.523692897873964], [6.076762750582637, 51.52477653105235]]]]}, "properties": {"type": "boundary", "gemeente": "Horst aan de Maas"}}, {"type": "Feature", "geometry": {"type": "MultiPolygon", "coordinates": [[[[5.886737747640694, 51.314753758675856], [5.909946390962845, 51.30792176270031], [5.907565077481438, 51.31324029878693], [5.915332141217545, 51.31109346134334], [5.919325184609696, 51.30998983590074], [5.93360156376269, 51.30605339947881], [5.95470369389287, 51.30027964362721], [5.971170588541472, 51.29316221464101], [5.98667952865757, 51.286604239510545], [6.0082692420734105, 51.277528915902366], [6.011012456971822, 51.271552139685575], [6.009609683400335, 51.26575854867455], [6.007353848406697, 51.26436066380717], [6.005761557998634, 51.2622855216653], [6.005877927837731, 51.25868247908414], [6.009095937583175, 51.250790258866736], [6.00633594951236, 51.24013998979242], [6.005327526423073, 51.237791565484095], [6.001986813443038, 51.23394581188319], [5.994833918988033, 51.229597450357936], [5.9860244143945645, 51.22716230223568], [5.980004646936371, 51.223334323619596], [5.9711967565782835, 51.21316041337282], [5.9651452152546875, 51.208769490432864], [5.951323347600452, 51.20116449501488], [5.949916837935692, 51.20203622285142], [5.947010331972719, 51.2024066828357], [5.94671741890429, 51.203398298058076], [5.94565679185049, 51.203559547245135], [5.925601066849502, 51.20372491909333], [5.919569416270587, 51.20565392563127], [5.914125683307837, 51.20890629979326], [5.907011447406452, 51.20554903226524], [5.9059941847808375, 51.20640773027823], [5.908175356853256, 51.20749510820098], [5.9092068333728065, 51.209444760826244], [5.907881590004358, 51.21142772564699], [5.894167617248153, 51.216024717934886], [5.8916533496864805, 51.21420615476178], [5.889481911852352, 51.215383118798], [5.883642030611203, 51.213361347335784], [5.878263484994851, 51.20960714525527], [5.872830071435502, 51.203398499195515], [5.873253885377282, 51.20194421344977], [5.8720929971388145, 51.19950516188864], [5.868551574734305, 51.19682192615173], [5.8682403190963655, 51.19507769730739], [5.873731389637994, 51.19094100264396], [5.848723398140361, 51.17943314962309], [5.8480397304681055, 51.17912678918323], [5.848557976529473, 51.17827728739086], [5.852467402834701, 51.17457952862874], [5.846090220158855, 51.17859245687802], [5.826958017621309, 51.17058388380948], [5.827649388364962, 51.169038818456045], [5.826167752783327, 51.167806802747286], [5.827009585574371, 51.16733106421484], [5.826415375015532, 51.16683375586427], [5.82430915049126, 51.16784062543771], [5.822293545733772, 51.16622005736634], [5.816077431857202, 51.16325970791498], [5.815708085736059, 51.161598130829226], [5.8146881572045075, 51.16106705200073], [5.815026129162823, 51.15884771384902], [5.813856021740771, 51.15874559064563], [5.808969720870174, 51.1613350473735], [5.806317910517778, 51.162810668440734], [5.805788620911059, 51.16238451889035], [5.804941982308935, 51.16287088042009], [5.802732189741371, 51.16120807686177], [5.80198840006288, 51.16004105050192], [5.802577515507989, 51.159479522986196], [5.798702373764843, 51.157651233019315], [5.791812397110125, 51.1569852826831], [5.786506488200128, 51.15473908991597], [5.7850847341818845, 51.15310773039405], [5.777644549459307, 51.15130331100471], [5.7766660533726215, 51.15440403754072], [5.774757610737446, 51.15468164466565], [5.777159504922726, 51.15741151417381], [5.776446743265291, 51.157708200842436], [5.779481004392463, 51.15938249817377], [5.779400844630836, 51.16331574829658], [5.778440845135705, 51.16329615535321], [5.777817819172464, 51.16253977445682], [5.77596240314428, 51.16304919701189], [5.776784146213829, 51.163241159027905], [5.776364517322876, 51.16532917299136], [5.774036208446788, 51.16529115494753], [5.77445881294361, 51.163936026894625], [5.773017194344546, 51.16449786446747], [5.770187084333519, 51.164223276419314], [5.769563528622399, 51.169082719544306], [5.770446063115492, 51.17001581783882], [5.77261000594432, 51.16949710115937], [5.77737589482482, 51.17071993945736], [5.779734475286198, 51.17179856034382], [5.779370981066034, 51.17216374655665], [5.773862846579763, 51.172692513458564], [5.772950691609731, 51.17336917049985], [5.7767270610474775, 51.178484876091396], [5.767159112307782, 51.18369045262172], [5.755962007372525, 51.18446003114293], [5.75686709994189, 51.1854036768948], [5.753139460526388, 51.186098812408275], [5.749088726791385, 51.18867772274092], [5.745640040315932, 51.189498309586256], [5.745696940310687, 51.1905741850174], [5.746545774556432, 51.190556910113884], [5.746835756161766, 51.192439798569175], [5.747367487486195, 51.192423229499106], [5.745818340024764, 51.193844983695705], [5.751825602657028, 51.20008741367659], [5.753640817621952, 51.20318407432861], [5.752907961862375, 51.20517848470225], [5.755855356063861, 51.206829331137264], [5.753342693085912, 51.207941445219944], [5.751542457949871, 51.20750278791131], [5.74920627469934, 51.20847623548375], [5.75083513756187, 51.20967872351326], [5.751774889803036, 51.21361031701392], [5.755262998396902, 51.21543782009158], [5.756865295963227, 51.216142580171095], [5.760650238733143, 51.21646916699398], [5.764391965128772, 51.215878589427895], [5.768513134110002, 51.21484627543504], [5.773186904326065, 51.21512781885675], [5.774579688007752, 51.215928673187484], [5.774777147302334, 51.21800170970104], [5.775843775129324, 51.21900521070545], [5.7817652337017975, 51.220138014404334], [5.789736349785799, 51.23388245532017], [5.790049253567448, 51.23649789620731], [5.791768550684089, 51.237536161855765], [5.794871255441, 51.23706562654502], [5.802961283045505, 51.23787005410587], [5.808260014422413, 51.240439666370946], [5.811701808480589, 51.24092943600281], [5.818034856672244, 51.24200405732966], [5.8282998046303005, 51.24103059981305], [5.832658600464627, 51.2411446878074], [5.835572546501964, 51.241386070694375], [5.840480932169581, 51.24476927288326], [5.845771780467857, 51.245564087550505], [5.849306350045946, 51.245395816050596], [5.85221219817728, 51.243625905586484], [5.853439302869754, 51.244492402334174], [5.855616366817802, 51.24924915287939], [5.8549901597112335, 51.25365823764228], [5.8499254124662645, 51.25659842142826], [5.8467396569497865, 51.25553029766335], [5.842250298367938, 51.26244696154881], [5.834739657977484, 51.2734258669273], [5.833834591764206, 51.27494250727975], [5.8394196585853715, 51.277722679745104], [5.83792055660645, 51.279719203667], [5.850655139967245, 51.291542635243346], [5.860722952387451, 51.310801749774264], [5.877821707907307, 51.31657705003898], [5.886737747640694, 51.314753758675856]]]]}, "properties": {"type": "boundary", "gemeente": "Leudal"}}, {"type": "Feature", "geometry": {"type": "MultiPolygon", "coordinates": [[[[5.894167617248153, 51.216024717934886], [5.907881590004358, 51.21142772564699], [5.9092068333728065, 51.209444760826244], [5.908175356853256, 51.20749510820098], [5.905994184781051, 51.20640773027823], [5.907011447406664, 51.205549032265196], [5.9141256833080496, 51.208906299793206], [5.9195694162708, 51.20565392563122], [5.9256010668497145, 51.203724919093325], [5.945656791850489, 51.20355954724506], [5.94671741890429, 51.203398298058076], [5.947010331972719, 51.2024066828357], [5.949916837935692, 51.20203622285142], [5.951323347600452, 51.20116449501488], [5.931663455427848, 51.189965797184236], [5.925495428308206, 51.18450756791487], [5.921298677988481, 51.1789818901094], [5.925558984590608, 51.177148718158456], [5.922238587338347, 51.17217583995552], [5.917242774970322, 51.168697370681826], [5.922813753800655, 51.1696600619535], [5.928109491246589, 51.16865001338733], [5.935009374673638, 51.16475701776201], [5.9387380823050115, 51.16179978114947], [5.9425082854528695, 51.16041831405344], [5.946975170301887, 51.160719144900035], [5.94715530973753, 51.160176350384596], [5.952512452890945, 51.158822313595344], [5.955475353284671, 51.159043918617805], [5.943443474801677, 51.151496113713144], [5.9302568921771845, 51.14343229643625], [5.913885976989627, 51.13319935559949], [5.911560652518926, 51.131792452154166], [5.9079832892311535, 51.13478762284808], [5.9033829052991305, 51.13302164670529], [5.901458461809803, 51.134209161371274], [5.89827157864131, 51.13483177078], [5.897773312834134, 51.135954012587455], [5.896583495378676, 51.13595943325179], [5.895246132826425, 51.135254327693644], [5.893551088224124, 51.13515578081465], [5.890628643120004, 51.134402330587854], [5.886614171864924, 51.13500834885974], [5.882836227963339, 51.13339852595374], [5.8815659848022355, 51.13483049494884], [5.874300002312113, 51.13424909511892], [5.87283455663044, 51.13487753583993], [5.872279340221002, 51.135108115763586], [5.866163479567305, 51.127252452073414], [5.857952427837284, 51.11678196398396], [5.85108878982259, 51.10918448581046], [5.850830553213265, 51.10926949545241], [5.849248459948437, 51.10986686169694], [5.844677509026926, 51.105262341282206], [5.837662845745802, 51.10324207090538], [5.833504935910027, 51.09955483906826], [5.833402965876005, 51.10375038944651], [5.828884171941066, 51.107039277537766], [5.82358882963879, 51.10834957346438], [5.8137591699172635, 51.107682274545155], [5.810860782400746, 51.10886642364471], [5.808355933412564, 51.11120402120693], [5.8078329333857415, 51.11403480637217], [5.809848185119247, 51.11842170172807], [5.815964363035474, 51.122173330955604], [5.818993448887693, 51.125266313387286], [5.823747732571428, 51.12875572222761], [5.827521557596001, 51.130104809364056], [5.840113690343734, 51.1308420712318], [5.8423272522513034, 51.13220789502481], [5.843666137598421, 51.134591740123184], [5.8435044695584795, 51.13732632336455], [5.8458384073208585, 51.14075825547052], [5.855617635613, 51.14469676800577], [5.846540447001253, 51.14893230492225], [5.846003391879821, 51.148715744596835], [5.840287007662084, 51.15232853494819], [5.83635236825021, 51.15368442393593], [5.836946833125131, 51.15510909195084], [5.8386086885063975, 51.15708605921084], [5.835817002681248, 51.157607625833045], [5.835151780062582, 51.15838692336187], [5.832879262338135, 51.15903684388966], [5.833387513575162, 51.1612344722961], [5.831406990964427, 51.16315786421675], [5.8300722164241785, 51.16405762454891], [5.828179561342506, 51.16428370496817], [5.827538651089488, 51.16617469938131], [5.826415375015532, 51.16683375586427], [5.827009585574371, 51.16733106421484], [5.826167752783327, 51.167806802747286], [5.827649388364962, 51.169038818456045], [5.826958017621309, 51.17058388380948], [5.846090220158855, 51.17859245687802], [5.852467402834701, 51.17457952862874], [5.848557976529473, 51.17827728739086], [5.8480397304681055, 51.17912678918323], [5.848723398140361, 51.17943314962309], [5.873731389637994, 51.19094100264396], [5.8682403190963655, 51.19507769730739], [5.868551574734305, 51.19682192615173], [5.8720929971388145, 51.19950516188864], [5.873253885377282, 51.20194421344977], [5.872830071435502, 51.203398499195515], [5.878263484994851, 51.20960714525527], [5.883642030611203, 51.213361347335784], [5.889481911852352, 51.215383118798], [5.8916533496864805, 51.21420615476178], [5.894167617248153, 51.216024717934886]]]]}, "properties": {"type": "boundary", "gemeente": "Maasgouw"}}, {"type": "Feature", "geometry": {"type": "MultiPolygon", "coordinates": [[[[6.145889647393638, 51.17049011878414], [6.175420932744327, 51.158463268338025], [6.170112451868812, 51.1552356662964], [6.162847469960327, 51.152670463704034], [6.1633384528349495, 51.14869673602772], [6.157370970528099, 51.14887640097281], [6.155353397406564, 51.14819115695753], [6.152541122417985, 51.148026249318804], [6.147684958009305, 51.148606885853695], [6.144774409962132, 51.14702867049878], [6.141793664350582, 51.14648885711998], [6.133482057553391, 51.14516683588302], [6.125971133509289, 51.1449066672747], [6.121616222118, 51.14273461709504], [6.121473595522745, 51.14109281551436], [6.11985019775833, 51.14057612017356], [6.119696807422211, 51.140447726823126], [6.119212772487246, 51.140301320634265], [6.109696041799477, 51.137670065719334], [6.103430063152855, 51.13641482355207], [6.100446513539739, 51.13641992425908], [6.096301586326544, 51.134758274555786], [6.09175080348081, 51.13491145270628], [6.089188563110655, 51.1301636420539], [6.087274152876241, 51.12934776016274], [6.088838017403638, 51.12801972972733], [6.086854102603971, 51.127583979215096], [6.084422243460797, 51.126017964180505], [6.086444884703972, 51.12565441454613], [6.086990277045318, 51.12459419339304], [6.083637297394862, 51.1239192447893], [6.081076185637825, 51.125870198035706], [6.080007800239551, 51.12425123178014], [6.080549114719241, 51.12214099174756], [6.075612387204189, 51.120840123576635], [6.076202564278149, 51.11951340774003], [6.07571160779997, 51.11911743924236], [6.071268266948559, 51.117973635843164], [6.06889220098541, 51.118092464629484], [6.062399028736853, 51.11685255708051], [6.060291344866233, 51.1159257326732], [6.057573368625184, 51.11355661165054], [6.057370190407197, 51.113314395167116], [6.056644701099769, 51.11243953248643], [6.055235905965955, 51.11074155216139], [6.056830034035197, 51.10954885877513], [6.044684130325944, 51.101299708296175], [6.044398739130983, 51.10111876061344], [6.04294135695188, 51.10120183526367], [6.036460974783421, 51.09653074118495], [6.030466985054272, 51.10174066195638], [6.029175537032191, 51.104891647964756], [6.028436369002227, 51.10633894474975], [6.028211644768425, 51.10715504369293], [6.0239724561081145, 51.10663502294634], [6.02263740914261, 51.10906195104224], [6.024214742222666, 51.10986941544789], [6.021980949027884, 51.113370627150964], [6.013347263779481, 51.11670598718557], [6.013946007461323, 51.11792485652179], [6.000763385350552, 51.11413546238167], [5.99770132357463, 51.118835919819126], [5.990900865487354, 51.12040852860104], [5.984804397794575, 51.12065442804975], [5.982986407395312, 51.1180941813339], [5.982063041491345, 51.118608100440966], [5.978486147801282, 51.1158422205549], [5.976078438701098, 51.117090712608004], [5.972123945649577, 51.11469376357687], [5.965326664701339, 51.118441550670134], [5.961773075911801, 51.117039258430836], [5.962600149573751, 51.11648753108114], [5.956054010738991, 51.11478203224845], [5.9565668326903625, 51.11382153400825], [5.954232858028631, 51.11319887233396], [5.953347933479919, 51.11452471774455], [5.951564626076103, 51.11293059251559], [5.948086446875345, 51.11258077816436], [5.947516022419009, 51.11334188939387], [5.9434772301943735, 51.112885569894985], [5.940423724165116, 51.11269241157047], [5.941338160580088, 51.113826096499835], [5.94049792065839, 51.114328140512114], [5.92675237190094, 51.11377343732451], [5.9258221476189465, 51.11429739333989], [5.919225073807509, 51.12071082609089], [5.914370070253006, 51.12829595714602], [5.916384225517248, 51.13045128646157], [5.913885976989627, 51.13319935559949], [5.9302568921771845, 51.14343229643625], [5.943443474801677, 51.151496113713144], [5.955475353284671, 51.159043918617805], [5.974735708841115, 51.17089575964897], [5.983564542809799, 51.17622879945995], [5.984662238149672, 51.17469608771933], [5.987688259033841, 51.17519181968647], [5.989018078705894, 51.17345240275671], [5.9861783270545015, 51.1703984008194], [5.986824030362134, 51.16938612419424], [5.9898925383101975, 51.170657247969615], [5.992547263737562, 51.170225692375375], [5.991285108101497, 51.16852436267421], [5.991564573563393, 51.167561273138524], [5.99454861242203, 51.16614503502708], [5.99504692499838, 51.168501485804654], [5.997918738871721, 51.168167054945954], [5.997553382476559, 51.16591659874202], [5.999332802948144, 51.164203956601945], [5.99918634678738, 51.16216550743962], [6.001984677662421, 51.162521563630804], [6.005968346127138, 51.16316009822483], [6.006110363564497, 51.16371023341229], [6.007684845254366, 51.16393233533202], [6.013457590719893, 51.16650770968766], [6.0147888864524255, 51.165907604491416], [6.019065873517197, 51.16434256303604], [6.026074297795593, 51.164022059325035], [6.027622649919936, 51.16208046456991], [6.029456686184686, 51.16112635071269], [6.032476496873329, 51.16087451010273], [6.0356447502424855, 51.161414591560714], [6.036113172654243, 51.16090432764622], [6.037383113872327, 51.160992309372126], [6.037534760143891, 51.16138772394071], [6.0398691264313555, 51.16160025982849], [6.040112882583552, 51.16054164336674], [6.047852643616637, 51.1612653680962], [6.055624515152691, 51.162111705185936], [6.054861965353578, 51.16243724237741], [6.056571984957986, 51.16355467201429], [6.0635640875656, 51.16552361680394], [6.060073131437803, 51.17091192828123], [6.05000257603388, 51.17214847614277], [6.048137365590582, 51.17484435902816], [6.057069132662776, 51.175703148098385], [6.054600970374497, 51.17970297836386], [6.055282761581362, 51.18436124952397], [6.06103318738431, 51.18356270485592], [6.066588985137273, 51.18405189713452], [6.073139746107536, 51.18282409095913], [6.078513383601474, 51.17719114321112], [6.082188537807324, 51.17163283137125], [6.089995244460727, 51.17035443194953], [6.0937005020846335, 51.170404439695574], [6.09583582704133, 51.17111697559464], [6.099684196730482, 51.169832038144506], [6.102101993041777, 51.17180303068486], [6.107490089808378, 51.172699620194734], [6.112699245176676, 51.174862912429035], [6.115551771207122, 51.1778797275553], [6.122404675277908, 51.18130211813825], [6.165169547119243, 51.19441344620552], [6.180723482968302, 51.18635781054589], [6.138800632100573, 51.173338511883394], [6.145889647393638, 51.17049011878414]]]]}, "properties": {"type": "boundary", "gemeente": "Roerdalen"}}, {"type": "Feature", "geometry": {"type": "MultiPolygon", "coordinates": [[[[5.89827157864131, 51.13483177078], [5.901458461809803, 51.134209161371274], [5.9033829052991305, 51.13302164670529], [5.9079832892311535, 51.13478762284808], [5.911560652518926, 51.131792452154166], [5.913885976989627, 51.13319935559949], [5.916384225517248, 51.13045128646157], [5.914370070253006, 51.12829595714602], [5.919225073807509, 51.12071082609089], [5.9258221476189465, 51.11429739333989], [5.92675237190094, 51.11377343732451], [5.94049792065839, 51.114328140512114], [5.941338160580088, 51.113826096499835], [5.940423724165116, 51.11269241157047], [5.9434772301943735, 51.112885569894985], [5.947516022419009, 51.11334188939387], [5.948086446875345, 51.11258077816436], [5.951564626076103, 51.11293059251559], [5.953347933479919, 51.11452471774455], [5.954232858028631, 51.11319887233396], [5.9565668326903625, 51.11382153400825], [5.956054010738991, 51.11478203224845], [5.962600149573751, 51.11648753108114], [5.961773075911801, 51.117039258430836], [5.965326664701339, 51.118441550670134], [5.972123945649577, 51.11469376357687], [5.976078438701098, 51.117090712608004], [5.978486147801282, 51.1158422205549], [5.982063041491345, 51.118608100440966], [5.982986407395312, 51.1180941813339], [5.984804397794575, 51.12065442804975], [5.990900865487354, 51.12040852860104], [5.99770132357463, 51.118835919819126], [6.000763385350552, 51.11413546238167], [6.013946007461323, 51.11792485652179], [6.013347263779481, 51.11670598718557], [6.021980949027884, 51.113370627150964], [6.024214742222666, 51.10986941544789], [6.02263740914261, 51.10906195104224], [6.0239724561081145, 51.10663502294634], [6.028211644768425, 51.10715504369293], [6.028436369002227, 51.10633894474975], [6.029175537032191, 51.104891647964756], [6.030466985054272, 51.10174066195638], [6.036460974783421, 51.09653074118495], [6.035076224395215, 51.095895191942446], [6.029903147981356, 51.0946342110161], [6.0244848569213625, 51.093676908758695], [6.020673337023083, 51.0928376246314], [6.018874999674683, 51.09378101068024], [6.017572629303166, 51.09457193614736], [6.015711260550101, 51.09235684241086], [6.012669796105885, 51.09095111177514], [6.010880342259865, 51.09118627112197], [6.009521366849787, 51.09084352842458], [6.007819804635341, 51.089275604222536], [6.003822694845769, 51.086791361289], [5.997791195322313, 51.08424505274875], [5.992192011643296, 51.07985417446244], [5.9883992013567475, 51.07460765393762], [5.984979143083391, 51.073585181428655], [5.9846388890002, 51.0735736277163], [5.981761818599606, 51.07317607401044], [5.980188253300223, 51.072194669394314], [5.980050192553037, 51.07175448420011], [5.979578723821428, 51.07134296924516], [5.981727326738539, 51.06947728003596], [5.978660763113135, 51.06770172913166], [5.977628329531612, 51.06562424603624], [5.974780470492288, 51.06315757738304], [5.973159451398972, 51.06290581976712], [5.971651884975564, 51.06188647254629], [5.96999316310265, 51.06051561431204], [5.9707774276280245, 51.05801696499742], [5.968111120628793, 51.05556162994709], [5.970308998624507, 51.05418490496995], [5.968225770013391, 51.051070266007486], [5.969239444771692, 51.049022102872485], [5.9684479596096605, 51.048001935248536], [5.968472036537177, 51.04785485711594], [5.9678354756264085, 51.0447586602385], [5.966897930946312, 51.04413655439677], [5.958174860090197, 51.04112541474367], [5.95946503656498, 51.038238189763405], [5.958183215801068, 51.036244146950835], [5.9576198470180906, 51.03471356273047], [5.95633468057668, 51.03507517780767], [5.956209745732288, 51.03492112810811], [5.955698875599061, 51.03503168232019], [5.955058480204744, 51.035900095102626], [5.954004082907972, 51.03652881843455], [5.945483060718428, 51.03683913293243], [5.938127104450901, 51.03511682869716], [5.934604923681682, 51.04122908064178], [5.926302946606815, 51.048254790284034], [5.926258684051434, 51.04835325839108], [5.918729228196194, 51.0639523148075], [5.913203494964216, 51.06688128374035], [5.905642231855153, 51.061845377389176], [5.896369961798578, 51.05714088311762], [5.89199794982163, 51.05312741053947], [5.887196347089144, 51.052178783926415], [5.868687961843391, 51.051685369103595], [5.866385259542869, 51.05111932690292], [5.867282792932496, 51.04627954448151], [5.874178116900757, 51.03957473512158], [5.878025777688045, 51.03758319505046], [5.876998093507266, 51.03204153687677], [5.865311525923672, 51.02916811567705], [5.8567334057894005, 51.028536947133965], [5.852611836455133, 51.02931789127159], [5.85107851198579, 51.03239807943636], [5.849114612338396, 51.03653749940285], [5.852738255363045, 51.03812295469719], [5.84857815084283, 51.04628259572637], [5.8442281451835845, 51.0457216142221], [5.842388053419654, 51.04645512965619], [5.841282548397157, 51.04571606959944], [5.838149993412092, 51.04661468344631], [5.835273068289606, 51.048929254715276], [5.827250822216551, 51.047557897160516], [5.826770151362161, 51.055868201685], [5.823675482303156, 51.06673120821022], [5.823958143543765, 51.072510165331344], [5.8205395708169645, 51.07258846035418], [5.819620787396399, 51.072609482125394], [5.81351649685806, 51.06554399092732], [5.80934123857141, 51.05914384795994], [5.807853853049247, 51.05921174535889], [5.806932015065101, 51.05757173499766], [5.80625888849987, 51.05809816674157], [5.8032310820308854, 51.05759442486286], [5.802943598766036, 51.05855724583695], [5.800534438628038, 51.059303694150074], [5.799336525093854, 51.06007148961034], [5.800884012299197, 51.06211145462891], [5.801056221482421, 51.064019264563996], [5.796617839021792, 51.07182404801635], [5.799245897088697, 51.07500650207569], [5.804188955505483, 51.07692503109535], [5.804877712534971, 51.07792894521683], [5.804504340398181, 51.08053130713563], [5.802822041276217, 51.08276480478591], [5.79884563440656, 51.08578305104948], [5.79712826398964, 51.08618023981792], [5.7951049042889595, 51.08962228824844], [5.796020468808327, 51.09147805093429], [5.800055973961795, 51.09420113397901], [5.805334479579423, 51.09591860275139], [5.809743509361514, 51.096309639515276], [5.813984794795444, 51.095584259124585], [5.821326875476926, 51.092668344534125], [5.824140714110885, 51.09234963847875], [5.8289846311331885, 51.09442113887405], [5.832389239653785, 51.09732467042569], [5.833504935910027, 51.09955483906826], [5.837662845745802, 51.10324207090538], [5.844677509026926, 51.105262341282206], [5.849248459948437, 51.10986686169694], [5.850830553213265, 51.10926949545241], [5.85108878982259, 51.10918448581046], [5.857952427837284, 51.11678196398396], [5.866163479567305, 51.127252452073414], [5.872279340221002, 51.135108115763586], [5.87283455663044, 51.13487753583993], [5.874300002312113, 51.13424909511892], [5.8815659848022355, 51.13483049494884], [5.882836227963339, 51.13339852595374], [5.886614171864924, 51.13500834885974], [5.890628643120004, 51.134402330587854], [5.893551088224124, 51.13515578081465], [5.895246132826425, 51.135254327693644], [5.896583495378676, 51.13595943325179], [5.897773312834134, 51.135954012587455], [5.89827157864131, 51.13483177078]]]]}, "properties": {"type": "boundary", "gemeente": "Echt-Susteren"}}, {"type": "Feature", "geometry": {"type": "MultiPolygon", "coordinates": [[[[5.9291071053523465, 50.84304176210184], [5.929607219827431, 50.8402467631992], [5.933185833885071, 50.839659992432786], [5.935805575110375, 50.840135865820706], [5.940412542238252, 50.84151480406986], [5.945345380913902, 50.843893009487125], [5.94610705855578, 50.844286313923334], [5.946365985765573, 50.84442652394573], [5.946800308184746, 50.84468535605133], [5.950890837169714, 50.844568629551404], [5.954814838291045, 50.84592317977034], [5.956176221248255, 50.84201494260976], [5.955769036133041, 50.8392729323678], [5.956945651336388, 50.835841652209], [5.955542860107577, 50.8353936267909], [5.959486566219173, 50.828230876952276], [5.967903024452214, 50.822351304069564], [5.971828473024895, 50.82117606265362], [5.969417461776974, 50.816857012882686], [5.977957311909196, 50.81490505259893], [5.979521919109168, 50.81457537317974], [5.98055433301268, 50.81298188607396], [5.982924950748816, 50.811436485069045], [5.981916334454777, 50.810856721805926], [5.983516940517137, 50.80972869879353], [5.981368116479044, 50.80859396831919], [5.980172167498873, 50.80711782859985], [5.980198936268461, 50.805793704821276], [5.978699473164699, 50.80466931852914], [5.977896436679236, 50.80506013235654], [5.976679660451236, 50.803368958559794], [5.969103052620836, 50.80127127188384], [5.964807728223118, 50.80241761433274], [5.96106248644013, 50.80039508628455], [5.957846486218237, 50.798117574267046], [5.95170255387093, 50.79384708441533], [5.945498830766137, 50.79560030492834], [5.943390751932767, 50.79383190057337], [5.942006984625204, 50.79047806575042], [5.944913204040721, 50.78160794488548], [5.944076233116441, 50.77574405345121], [5.943311586509393, 50.77305229901736], [5.94113662443969, 50.771994570182635], [5.937744439397793, 50.77136756367806], [5.935928773755879, 50.77145981328052], [5.934029950362672, 50.77358926772305], [5.930897923298694, 50.7751243575743], [5.923868890540896, 50.7752358959182], [5.921903996987012, 50.77335312949484], [5.9205401507447775, 50.76933205429743], [5.924515506387913, 50.76689004363604], [5.925604349869986, 50.76388789914092], [5.925050143930006, 50.76368373697727], [5.926783116579121, 50.763107657746], [5.927171041382374, 50.76381124147264], [5.927954345707308, 50.76247710528713], [5.9300828852555085, 50.76265010328222], [5.929875831528778, 50.76210979016953], [5.929981289070711, 50.761948449130145], [5.930522550043605, 50.76202965925883], [5.931336121499083, 50.761493619672606], [5.931036699857231, 50.76092808041767], [5.932140878145709, 50.760885551537456], [5.931054691753428, 50.75993735206943], [5.929906196268193, 50.75978622359479], [5.93018746424953, 50.75900181199035], [5.9320459094329125, 50.75812457186243], [5.933050409888522, 50.75877669305357], [5.934548922806441, 50.75848715650987], [5.935756664332074, 50.756978329914325], [5.9331832476213275, 50.75655275961283], [5.93110431412853, 50.75694107043636], [5.921449283775559, 50.75135634606418], [5.916219705504018, 50.750449349997965], [5.91508007454182, 50.75036636814296], [5.915381748230194, 50.75471907100691], [5.913979702935068, 50.75432312456643], [5.913702612748971, 50.75574662567346], [5.910749322644119, 50.75523718153486], [5.909008939661766, 50.75421767296113], [5.908210569551728, 50.75569233476224], [5.90706720679002, 50.75511381196322], [5.905844546941337, 50.75550112554003], [5.904849227208407, 50.75522271191376], [5.903004669538244, 50.75371063666053], [5.903525531967585, 50.7534534360576], [5.90162920641424, 50.751399394903835], [5.901022298560294, 50.75149318288282], [5.889737522162779, 50.756326616128675], [5.889187564134574, 50.757546918009936], [5.890214600497714, 50.76013008774772], [5.889671272036525, 50.76422007656466], [5.886663651397515, 50.76981580625061], [5.886227301098218, 50.77004588357881], [5.87622725231489, 50.76561520522973], [5.870619521343266, 50.764914479545766], [5.8634531937544105, 50.76350762646276], [5.859948905412315, 50.76182902282535], [5.852295871683106, 50.75721565553908], [5.848919170035863, 50.753406676050346], [5.846170868329062, 50.76167044192276], [5.845036746878263, 50.76536981145535], [5.844909588320102, 50.77076321005623], [5.842546264518813, 50.77407587807231], [5.844242334563156, 50.77455037035602], [5.84161612475945, 50.777451861993406], [5.839537057101044, 50.780579689786464], [5.838454651573761, 50.78164860533896], [5.837190139858115, 50.78102211385754], [5.8352548742729144, 50.78173680039536], [5.834850587351671, 50.78254512626597], [5.833972749006543, 50.78436598912441], [5.83558488404708, 50.784811126869435], [5.835885099564062, 50.78668023357229], [5.832895770767137, 50.786623443799535], [5.832459071275475, 50.788691862737274], [5.828126138616519, 50.79049817659376], [5.827643179914816, 50.7901803296055], [5.82241686658692, 50.79544065278963], [5.820815310622771, 50.79806956103551], [5.821380712847132, 50.80215178773926], [5.819737422367717, 50.80477234427931], [5.8195226801836695, 50.80525949045381], [5.830663798884808, 50.807868611688264], [5.831716857591831, 50.8087697028734], [5.836171410353805, 50.80766557230166], [5.837533843556186, 50.808209120733025], [5.839238353071192, 50.8075872815937], [5.842250698140434, 50.810066783464336], [5.844779930429584, 50.814486035806446], [5.845481433480375, 50.815348199959516], [5.848813385761068, 50.81499323223171], [5.852821564953734, 50.817830689779136], [5.851176557135674, 50.81917472596067], [5.853175086118107, 50.820750534937766], [5.8585265571774245, 50.820857776250605], [5.864134276746143, 50.82334357182126], [5.86313957427278, 50.82679506750226], [5.862324306009628, 50.82923093031549], [5.859708188590598, 50.832077404153004], [5.859459526842205, 50.83368351503762], [5.865929060950657, 50.83757396518137], [5.866212212863437, 50.83871112356498], [5.867121053847773, 50.83866410221967], [5.871001456312691, 50.83829236195584], [5.870257721667547, 50.83653421870818], [5.87108589637014, 50.83651733803905], [5.873950106760142, 50.83792277956597], [5.876548836523494, 50.84023999173289], [5.8775773564328055, 50.84131830070621], [5.874839632572191, 50.84537641924498], [5.874763852848255, 50.84668279795333], [5.8756449561257424, 50.84711079415654], [5.8761541980279315, 50.846298832486426], [5.88138534571676, 50.846686352824456], [5.885121409603648, 50.847481716281116], [5.8879911462479955, 50.847032935461776], [5.889455397515694, 50.84521021265694], [5.891244418399855, 50.84274629274479], [5.891588065529408, 50.84284612171659], [5.898770261952727, 50.843350057819364], [5.903256472146867, 50.845705250915756], [5.916167977129844, 50.84881802900661], [5.925000988539979, 50.84884035160421], [5.9291071053523465, 50.84304176210184]]]]}, "properties": {"type": "boundary", "gemeente": "Gulpen-Wittem"}}, {"type": "Feature", "geometry": {"type": "MultiPolygon", "coordinates": [[[[5.823675482303156, 51.06673120821022], [5.826770151362161, 51.055868201685], [5.827250822216551, 51.047557897160516], [5.835273068289606, 51.048929254715276], [5.838149993412092, 51.04661468344631], [5.841282548397157, 51.04571606959944], [5.842388053419654, 51.04645512965619], [5.8442281451835845, 51.0457216142221], [5.84857815084283, 51.04628259572637], [5.852738255363045, 51.03812295469719], [5.849114612338396, 51.03653749940285], [5.85107851198579, 51.03239807943636], [5.852611836455133, 51.02931789127159], [5.8567334057894005, 51.028536947133965], [5.865311525923672, 51.02916811567705], [5.876998093507266, 51.03204153687677], [5.874604301395605, 51.02917947249523], [5.876656971873634, 51.02384607432019], [5.878893299261265, 51.020643588903255], [5.8786587905690535, 51.01820859219], [5.881843204502237, 51.01537261036839], [5.88425940783033, 51.013381448739146], [5.885443502339135, 51.01381588114128], [5.888341755814618, 51.01347220125611], [5.895737339696743, 51.011018932294995], [5.895480477099721, 51.00471428385185], [5.900585941405386, 51.00331991086698], [5.905515241887626, 51.002171877779126], [5.903648133806347, 50.98714819971506], [5.895721290868611, 50.981374220432215], [5.8938002499718225, 50.981097090536274], [5.892759899712298, 50.98021006770676], [5.896794711281979, 50.97648620021377], [5.897083505384055, 50.97486507201508], [5.895409083324264, 50.97492937171523], [5.891034343865551, 50.97409403124189], [5.890370865281564, 50.97208984666275], [5.8908464002910135, 50.97172496697217], [5.889271719903497, 50.971002470721935], [5.8866900771325685, 50.96844822962851], [5.885264832958749, 50.968436455583564], [5.885178284587536, 50.96775820768472], [5.881476212673262, 50.96632052663659], [5.877856448087492, 50.96380233863479], [5.876785435562528, 50.96474346208542], [5.875297247025651, 50.96399287155574], [5.87350113761569, 50.96280437991291], [5.871209736112886, 50.964203158355545], [5.8691759013276315, 50.966567596564715], [5.865841942570693, 50.96396207087672], [5.8615550065385165, 50.966082205647346], [5.860443809244892, 50.96532385375094], [5.85887106399872, 50.966567524243814], [5.856396950859741, 50.964755501882465], [5.855826016255636, 50.96585722160584], [5.852183135455992, 50.96802705964496], [5.845231243882267, 50.96395308487056], [5.843264074888553, 50.96351674430681], [5.842606431061515, 50.96075337014557], [5.841090556118352, 50.95959210898149], [5.8398160711105, 50.95705772471482], [5.839971362009379, 50.955942129627864], [5.840280993954218, 50.95497766536505], [5.839559353719564, 50.95394990630182], [5.840143848814127, 50.95137838678846], [5.839889757957519, 50.9501913317031], [5.838607085058221, 50.94660175252921], [5.837818096065898, 50.94639835039534], [5.83237686688535, 50.94734957864347], [5.827814011535211, 50.94891036851639], [5.812511521628105, 50.95483499216351], [5.8111138821919655, 50.95449323264633], [5.803713776591496, 50.948384465176716], [5.80212795464079, 50.947412470623256], [5.7933597740841964, 50.95190445301603], [5.788200166254071, 50.94805811519785], [5.788106041852192, 50.948606260032285], [5.7862665648192895, 50.95466674429855], [5.785839786616418, 50.960223626721096], [5.785961852660155, 50.96263032504504], [5.784203556503739, 50.96781179872321], [5.783896356047483, 50.96887902249808], [5.786536587931746, 50.97137245327125], [5.786458286929395, 50.97457049647384], [5.7824635033838865, 50.981887688105594], [5.782176171880147, 50.98580581509217], [5.783655327263478, 50.99058050891768], [5.786117015169815, 50.994046459353676], [5.789194626366381, 51.00119698497821], [5.779440088834432, 51.002979080840596], [5.774825714529138, 51.00415453621506], [5.781153897861692, 51.01118670557919], [5.787177031622277, 51.019163844628636], [5.786281963237482, 51.01912975066516], [5.782632603767427, 51.01865297021295], [5.773404416814653, 51.01899906887987], [5.775638823143707, 51.020678591788474], [5.776432046815748, 51.02244826118625], [5.775488758855844, 51.02511491025352], [5.772852753680721, 51.027429530121566], [5.767163331633071, 51.029159052910444], [5.760816424494261, 51.03000605742905], [5.758299415060785, 51.0320521841031], [5.75800020148568, 51.0336654701668], [5.759613133606619, 51.03673969583563], [5.766405477007899, 51.04252608280691], [5.770757058508368, 51.04919065566874], [5.772562153282232, 51.05629538566022], [5.771667236828725, 51.0598910191018], [5.7725643159349405, 51.061614708030014], [5.774653395374912, 51.06297647706337], [5.7790523974047305, 51.062859668601526], [5.784395220747712, 51.06144623677238], [5.7878428610930825, 51.059701053153425], [5.7931770304795895, 51.05852607987546], [5.797451432711823, 51.05915670152264], [5.799336525093854, 51.06007148961034], [5.800534438628038, 51.059303694150074], [5.802943598766036, 51.05855724583695], [5.8032310820308854, 51.05759442486286], [5.80625888849987, 51.05809816674157], [5.806932015065101, 51.05757173499766], [5.807853853049247, 51.05921174535889], [5.80934123857141, 51.05914384795994], [5.81351649685806, 51.06554399092732], [5.819620787396399, 51.072609482125394], [5.8205395708169645, 51.07258846035418], [5.823958143543765, 51.072510165331344], [5.823675482303156, 51.06673120821022]]]]}, "properties": {"type": "boundary", "gemeente": "Sittard-Geleen"}}, {"type": "Feature", "geometry": {"type": "MultiPolygon", "coordinates": [[[[6.073124182653538, 51.39572861301989], [6.074368317827723, 51.393908616862106], [6.077362719850851, 51.39428027043839], [6.084215156436551, 51.39172151692152], [6.087599269090186, 51.389541198633665], [6.0901195964839845, 51.38909225456082], [6.090430256707066, 51.38589733199186], [6.077585387960776, 51.37817226124311], [6.087191149680767, 51.37165710249102], [6.090757494439066, 51.37148284126318], [6.09493708692168, 51.365604837588485], [6.094940335214623, 51.36559965908714], [6.099634289213632, 51.3571316181889], [6.101836217801485, 51.35679460643323], [6.107098187873387, 51.35600235438565], [6.112465119722975, 51.35162397572163], [6.1187710716544705, 51.345930932973815], [6.119593466339048, 51.346478307934106], [6.123251430171058, 51.343369347523705], [6.118793987130755, 51.34101677927437], [6.1166555325533265, 51.33910932808002], [6.117062408420707, 51.33376778262976], [6.118198361431284, 51.32992465481021], [6.11743126922424, 51.32699149934501], [6.115387596725818, 51.32199920172378], [6.109331988402162, 51.31618016751379], [6.1078134204016905, 51.31440485476725], [6.106033217187375, 51.31228676177564], [6.100451475851762, 51.30721383363574], [6.0922801199891, 51.30132187032149], [6.089136728300714, 51.29923971751388], [6.084715145615054, 51.29745403373466], [6.070888826927675, 51.29367650315961], [6.069972556685081, 51.29143054389994], [6.066816742613845, 51.28888101903979], [6.063275724353842, 51.288697302043694], [6.058878015571295, 51.28967153512127], [6.058423113844531, 51.29024621182536], [6.049372199428297, 51.287072911122266], [6.042264466543249, 51.28238401811391], [6.04161906180746, 51.28186006063232], [6.030534208288153, 51.27402647269194], [6.029354116926088, 51.2709833281998], [6.029352784571375, 51.27097844823215], [6.0281955907240174, 51.268055840757064], [6.026281771062811, 51.266897368606436], [6.020661201835171, 51.26587084452672], [6.011771938285636, 51.26637502188927], [6.009609683400335, 51.26575854867455], [6.011012456971822, 51.271552139685575], [6.0082692420734105, 51.277528915902366], [5.98667952865757, 51.286604239510545], [5.971170588541472, 51.29316221464101], [5.95470369389287, 51.30027964362721], [5.93360156376269, 51.30605339947881], [5.919325184609696, 51.30998983590074], [5.915332141217545, 51.31109346134334], [5.907565077481438, 51.31324029878693], [5.909946390962845, 51.30792176270031], [5.886737747640694, 51.314753758675856], [5.877821707907307, 51.31657705003898], [5.859189046171488, 51.31955154705964], [5.852140168488281, 51.3207017129753], [5.8404418301566725, 51.330844054620194], [5.832074198072544, 51.33804600836935], [5.84019220654494, 51.34687655839136], [5.858465125523508, 51.35029421116717], [5.870357955769367, 51.35253441402911], [5.873529664268513, 51.353127092980095], [5.87943909224378, 51.35594382278014], [5.8952716073674045, 51.364728755773754], [5.895776806542576, 51.36500988919909], [5.922448212181603, 51.3798413420196], [5.931285689795616, 51.3847521341652], [5.947325488731129, 51.38313347433352], [5.95789480952123, 51.37804935251617], [5.982107289489745, 51.378148535000555], [5.989831210182687, 51.37822059158233], [6.006854852108838, 51.37997437039016], [6.018763884914027, 51.38225610409946], [6.035821298788175, 51.38652073146485], [6.07009709734444, 51.395153186276744], [6.073124182653538, 51.39572861301989]]]]}, "properties": {"type": "boundary", "gemeente": "Peel en Maas"}}, {"type": "Feature", "geometry": {"type": "MultiPolygon", "coordinates": [[[[5.769030861476922, 50.85296051120643], [5.770751286248503, 50.852395252040715], [5.774611835110119, 50.85257170452737], [5.775790711687414, 50.85339388018146], [5.778779121500834, 50.85230427614886], [5.779404161883828, 50.850210123855426], [5.780417001783488, 50.84945344323476], [5.782701096816197, 50.84924873222853], [5.791383300227566, 50.849870925252084], [5.795030619365062, 50.84856988210069], [5.797418047647764, 50.84839568846331], [5.800665634023223, 50.848350118238734], [5.801636284522763, 50.84987474616548], [5.805299747849492, 50.843426592571895], [5.807827551371442, 50.84147421675117], [5.810819485403624, 50.840482669619206], [5.812868416056533, 50.84123083682671], [5.818427075808947, 50.83938253987573], [5.821237623761578, 50.838760676404675], [5.820890968671905, 50.83238181276607], [5.823608406394952, 50.83035744619899], [5.827304538948701, 50.82998733123221], [5.83174338651629, 50.829548251833366], [5.836283557186179, 50.829997580308024], [5.837363112616134, 50.83135744526176], [5.836457566517591, 50.832727293502884], [5.836089432499873, 50.83596165441171], [5.843253852147174, 50.83317592711917], [5.844005205707293, 50.833716439674454], [5.844932842627604, 50.83345327651731], [5.84991760310451, 50.831953592311045], [5.853507785802517, 50.8325509472644], [5.853921928010232, 50.83173626797807], [5.857419735345737, 50.83210837829384], [5.859459526842205, 50.83368351503762], [5.859708188590598, 50.832077404153004], [5.862324306009628, 50.82923093031549], [5.86313957427278, 50.82679506750226], [5.864134276746143, 50.82334357182126], [5.8585265571774245, 50.820857776250605], [5.853175086118107, 50.820750534937766], [5.851176557135674, 50.81917472596067], [5.852821564953734, 50.817830689779136], [5.848813385761068, 50.81499323223171], [5.845481433480375, 50.815348199959516], [5.844779930429584, 50.814486035806446], [5.842250698140434, 50.810066783464336], [5.839238353071192, 50.8075872815937], [5.837533843556186, 50.808209120733025], [5.836171410353805, 50.80766557230166], [5.831716857591831, 50.8087697028734], [5.830663798884808, 50.807868611688264], [5.8195226801836695, 50.80525949045381], [5.819737422367717, 50.80477234427931], [5.821380712847132, 50.80215178773926], [5.820815310622771, 50.79806956103551], [5.82241686658692, 50.79544065278963], [5.827643179914816, 50.7901803296055], [5.828126138616519, 50.79049817659376], [5.832459071275475, 50.788691862737274], [5.832895770767137, 50.786623443799535], [5.835885099564062, 50.78668023357229], [5.83558488404708, 50.784811126869435], [5.833972749006543, 50.78436598912441], [5.834850587351671, 50.78254512626597], [5.8352548742729144, 50.78173680039536], [5.837190139858115, 50.78102211385754], [5.838454651573761, 50.78164860533896], [5.839537057101044, 50.780579689786464], [5.84161612475945, 50.777451861993406], [5.844242334563156, 50.77455037035602], [5.842546264518813, 50.77407587807231], [5.844909588320102, 50.77076321005623], [5.845036746878263, 50.76536981145535], [5.843249763860122, 50.764881247865304], [5.837706848638373, 50.76313484465524], [5.830676612814224, 50.75853811331932], [5.8227100643109795, 50.7588229360736], [5.814415819088492, 50.75616203506223], [5.808789004435806, 50.75592709185328], [5.807328120766964, 50.756174560196676], [5.7932284235612554, 50.7701902139153], [5.788288529879094, 50.76801240128215], [5.784501401929184, 50.7671681744781], [5.779713600813553, 50.774308293147804], [5.776942738745725, 50.78267364187655], [5.777365815426196, 50.782954586586406], [5.773573806727879, 50.783244300318124], [5.76580953874851, 50.78254499959488], [5.759561526501655, 50.77795567722418], [5.758824936322715, 50.77819962669073], [5.755775000458027, 50.775018038909785], [5.754556474858787, 50.77518836822176], [5.750413691951041, 50.772192378806764], [5.747087099210715, 50.770483842788984], [5.744086657616935, 50.76775737933744], [5.740553267656478, 50.76306568939812], [5.741435776339758, 50.76228460081385], [5.74045793547604, 50.76144786993831], [5.741570032145973, 50.76116085515733], [5.7391773645821065, 50.75707260887633], [5.730385901991962, 50.757414799276155], [5.730219969524914, 50.758272049535975], [5.726402249455826, 50.7594136757374], [5.724010517054755, 50.76090467574393], [5.724617818955626, 50.761438541813654], [5.722315867346052, 50.762780418194346], [5.722780566578652, 50.76313188364151], [5.722022273218196, 50.76349308291207], [5.722840264376715, 50.763775216897606], [5.72215183021752, 50.764113597928144], [5.720264725148297, 50.76471391307207], [5.715631040421887, 50.75987682970538], [5.713559454219559, 50.760150687839136], [5.713666590431378, 50.76068240961784], [5.712290746826753, 50.76095932779722], [5.712155184515649, 50.76047852583754], [5.710625624947703, 50.76078562773772], [5.710233104160164, 50.759810309874766], [5.708895600627186, 50.75993371220141], [5.7086772958868215, 50.75901014708643], [5.707404529317615, 50.75901172352497], [5.707044576242059, 50.75828602463255], [5.702975029941874, 50.75880685070808], [5.699406812047789, 50.755407997965996], [5.695092048671874, 50.754763697080506], [5.688472961020066, 50.75571235533182], [5.6878210023088815, 50.75768064753883], [5.682059896665685, 50.757535083219736], [5.682830267738312, 50.761258276908805], [5.693752512933646, 50.77093860374801], [5.697365912430868, 50.77530915682862], [5.698744025763993, 50.77961923048734], [5.6987063285066535, 50.78314856408916], [5.693976239021863, 50.796635993679345], [5.693815053892214, 50.81044907057651], [5.696501136862692, 50.80854539684299], [5.709454941201469, 50.80828137955912], [5.7085266325746025, 50.80490997288725], [5.709967824314297, 50.80474201564935], [5.709821637502222, 50.80419067344388], [5.716942253193538, 50.80380456921051], [5.717011856264401, 50.80608333031521], [5.717310096195597, 50.81450082403344], [5.718982784753411, 50.81410901460958], [5.723195757565646, 50.81472802716195], [5.728182072901213, 50.8171396453482], [5.728730733903259, 50.8179241983018], [5.732594672261986, 50.8190475684792], [5.743482105322298, 50.8213233959016], [5.743696616720391, 50.82298991481556], [5.744871531821204, 50.82292069140254], [5.745362893898624, 50.82401161447961], [5.744913218896229, 50.82776920620142], [5.746264517061663, 50.82764773625555], [5.746492129629835, 50.830294094170526], [5.745563932709668, 50.834785286347596], [5.745563460925434, 50.83561902551958], [5.746704568028252, 50.83587143659736], [5.745563055338034, 50.8363390364279], [5.746309721016754, 50.83732466455438], [5.74045218070219, 50.83839869312211], [5.74063742741682, 50.8391570163815], [5.741259197032609, 50.84010246443645], [5.746806427923353, 50.84026931113056], [5.746854231972933, 50.84081871813846], [5.7480119777749294, 50.84090830799059], [5.754853288823739, 50.84184028785784], [5.757313712935854, 50.84561610076322], [5.757338695861345, 50.85529045131003], [5.764180611541635, 50.85454556901152], [5.769030861476922, 50.85296051120643]]]]}, "properties": {"type": "boundary", "gemeente": "Eijsden-Margraten"}}, {"type": "Feature", "geometry": {"type": "MultiPolygon", "coordinates": [[[[5.966323873750173, 50.97976932829083], [5.968044219716036, 50.979379667625324], [5.971316527344349, 50.97999653211888], [5.981355217684613, 50.98321710931046], [5.9842202461289675, 50.98211442658126], [6.017361635011897, 50.98340148897796], [6.018698690281914, 50.98381830533547], [6.026509986134183, 50.98327177567411], [6.0268005038112475, 50.981309138311794], [6.021161384851839, 50.9710027030767], [6.01520526626665, 50.962364180693726], [6.012998686053672, 50.96039755556498], [6.0090790152274245, 50.959484530915276], [6.006051802201642, 50.95753519451495], [5.999247837838149, 50.957828989332015], [5.9922645544639215, 50.95892201395972], [5.988817782272814, 50.95941606736021], [5.980121633668831, 50.96067950210787], [5.978198363127829, 50.9599432873711], [5.974040322406763, 50.958339444056854], [5.974005184596535, 50.958585319320484], [5.9736880380945445, 50.959358344516474], [5.972298706252856, 50.95927446912874], [5.969081943997491, 50.961035455655846], [5.970678277648927, 50.962142317833596], [5.969988313145495, 50.962502207556476], [5.965826085256606, 50.962297669909155], [5.965355016397504, 50.960924698967645], [5.962753303052892, 50.95873943549614], [5.958385900083459, 50.95667394608975], [5.9526520956507545, 50.95250493644037], [5.943798143117678, 50.94915451087843], [5.942630622927655, 50.949491114137146], [5.94229031462738, 50.94901395569139], [5.942182848034742, 50.94886327362266], [5.940861398012027, 50.947896901060645], [5.936027209357168, 50.946324879923985], [5.931423549120091, 50.94156931100755], [5.93441430073885, 50.93863558196268], [5.928468152454896, 50.936612004303505], [5.928232884431155, 50.93653940806234], [5.9189485779165105, 50.93322584183025], [5.9202085693808995, 50.93171167163028], [5.917695395093932, 50.93055228860979], [5.913153017255618, 50.92805578170913], [5.910216946569047, 50.92698573028412], [5.9055127346113325, 50.9275550241263], [5.902976368640767, 50.925423548620934], [5.901139189012123, 50.92508637810594], [5.900742964029187, 50.92298309033868], [5.8982227977261275, 50.92330866966353], [5.895504137981293, 50.92013473455181], [5.895755973325647, 50.918967894198616], [5.899584533752595, 50.91682395228953], [5.904102247378002, 50.91728314850968], [5.908233004377416, 50.915468304846776], [5.906152260806034, 50.91448506532882], [5.904878286351222, 50.9144644097804], [5.904383873439895, 50.913649365465034], [5.916365026075615, 50.909917648857835], [5.923514904455853, 50.90556964305969], [5.923403273673979, 50.90440519938081], [5.920541703052796, 50.903063146888165], [5.917240422541209, 50.90426402808443], [5.913390996791369, 50.90272443550778], [5.914705406982663, 50.90172112976666], [5.901570663586583, 50.89579290568565], [5.903664438986029, 50.894237882040436], [5.890388404587689, 50.888412517357196], [5.894005658818405, 50.88560146634313], [5.8904600165398, 50.88507639678391], [5.889603602104292, 50.88563592218388], [5.888596481591948, 50.88434487987819], [5.88709697795402, 50.88371776181345], [5.885858182446651, 50.884304505148414], [5.880784820289774, 50.88252961448404], [5.871454393678141, 50.88345872301606], [5.86161681422377, 50.882417075171084], [5.856976114551259, 50.881914964788066], [5.85166353407476, 50.88219935273788], [5.850127777605879, 50.88366649437436], [5.841990506558187, 50.882428125391485], [5.835828211620877, 50.881513830921705], [5.834685720684198, 50.880647945710805], [5.834935561729211, 50.88232522913146], [5.833594657613957, 50.88240266890508], [5.832715170529552, 50.885773582648675], [5.836646072134001, 50.89159963609913], [5.833226984856229, 50.89218849872321], [5.827763790459823, 50.88954422938606], [5.824225098437513, 50.886997130813256], [5.820230334796533, 50.88543762285208], [5.819137719167427, 50.88386690908503], [5.817272871352913, 50.8847759565364], [5.81498814383313, 50.886238739796426], [5.814079833647857, 50.88607322480058], [5.8098642602749155, 50.887847207030056], [5.802365482472157, 50.88707867261045], [5.799840436923394, 50.88567274913021], [5.796771461776434, 50.89174731772132], [5.7976250055336145, 50.89517388110534], [5.796561799671979, 50.89769666186243], [5.800518356933902, 50.89818044079336], [5.801486626753628, 50.896306418949074], [5.803479486797818, 50.89803716332724], [5.8017114530618406, 50.900803426431025], [5.798815625831008, 50.90101499188109], [5.802255249312062, 50.90241197196523], [5.796555332504138, 50.907478656330085], [5.7984992247381255, 50.90814350576996], [5.801001319122796, 50.908754813760574], [5.8004523604225495, 50.91024102516466], [5.80085320254041, 50.91241543693948], [5.802297715083398, 50.91362260285303], [5.801712991542497, 50.91412995785809], [5.826615923292828, 50.91659122749346], [5.831555429081717, 50.91718012204109], [5.831313349884325, 50.91918486465312], [5.833956963195059, 50.920023281601935], [5.8415870518764565, 50.91984342709053], [5.847234240160448, 50.92577439561506], [5.850762575222078, 50.92849450931613], [5.8555383926590014, 50.93600660424625], [5.856486202493524, 50.94331706081632], [5.85692782732037, 50.944001424195086], [5.854956959254565, 50.94607617652166], [5.853808213267893, 50.946484112135884], [5.853084538721213, 50.9464471252121], [5.848459447566793, 50.94471118424073], [5.844342932300662, 50.94665861359473], [5.839889757957519, 50.9501913317031], [5.840143848814127, 50.95137838678846], [5.839559353719564, 50.95394990630182], [5.840280993954218, 50.95497766536505], [5.839971362009379, 50.955942129627864], [5.8398160711105, 50.95705772471482], [5.841090556118352, 50.95959210898149], [5.842606431061515, 50.96075337014557], [5.843264074888553, 50.96351674430681], [5.845231243882267, 50.96395308487056], [5.852183135455992, 50.96802705964496], [5.855826016255636, 50.96585722160584], [5.856396950859741, 50.964755501882465], [5.85887106399872, 50.966567524243814], [5.860443809244892, 50.96532385375094], [5.8615550065385165, 50.966082205647346], [5.865841942570693, 50.96396207087672], [5.8691759013276315, 50.966567596564715], [5.871209736112886, 50.964203158355545], [5.87350113761569, 50.96280437991291], [5.875297247025651, 50.96399287155574], [5.876785435562528, 50.96474346208542], [5.877856448087492, 50.96380233863479], [5.881476212673262, 50.96632052663659], [5.885178284587536, 50.96775820768472], [5.885264832958749, 50.968436455583564], [5.8866900771325685, 50.96844822962851], [5.889271719903497, 50.971002470721935], [5.8908464002910135, 50.97172496697217], [5.890370865281564, 50.97208984666275], [5.891034343865551, 50.97409403124189], [5.895409083324264, 50.97492937171523], [5.897083505384055, 50.97486507201508], [5.9048263775139045, 50.974565355617905], [5.915588229594152, 50.977824566934046], [5.919653679595079, 50.978193173201426], [5.927721241715569, 50.982320729476044], [5.933884306201638, 50.985353149430246], [5.950132365911111, 50.98720709924901], [5.955182967948595, 50.98841688209698], [5.957390220105022, 50.98500515574774], [5.966323873750173, 50.97976932829083]]]]}, "properties": {"type": "boundary", "gemeente": "Beekdaelen"}}]}